#
# A fatal error has been detected by the Java Runtime Environment:
#
#  SIGSEGV (0xb) at pc=0x00007fd9e63cc004, pid=1798, tid=1861
#
# JRE version: OpenJDK Runtime Environment Temurin-21.0.9+10 (21.0.9+10) (build 21.0.9+10-LTS)
# Java VM: OpenJDK 64-Bit Server VM Temurin-21.0.9+10 (21.0.9+10-LTS, mixed mode, sharing, tiered, compressed oops, compressed class ptrs, serial gc, linux-amd64)
# Problematic frame:
# J 14658 c2 org.springframework.core.annotation.AnnotationTypeMappings.addIfPossible(Ljava/util/Deque;Lorg/springframework/core/annotation/AnnotationTypeMapping;Ljava/lang/Class;Ljava/lang/annotation/Annotation;Ljava/util/Set;)V (68 bytes) @ 0x00007fd9e63cc004 [0x00007fd9e63cbee0+0x0000000000000124]
#
# No core dump will be written. Core dumps have been disabled. To enable core dumping, try "ulimit -c unlimited" before starting Java again
#
# If you would like to submit a bug report, please visit:
#   https://github.com/adoptium/adoptium-support/issues
#

---------------  S U M M A R Y ------------

Command Line: -Dsonarlint.monitoring.enabled=true /home/user/.vscode/extensions/sonarsource.sonarlint-vscode-4.40.0-linux-x64/server/sonarlint-ls.jar -stdio -analyzers /home/user/.vscode/extensions/sonarsource.sonarlint-vscode-4.40.0-linux-x64/analyzers/sonargo.jar /home/user/.vscode/extensions/sonarsource.sonarlint-vscode-4.40.0-linux-x64/analyzers/sonarjava.jar /home/user/.vscode/extensions/sonarsource.sonarlint-vscode-4.40.0-linux-x64/analyzers/sonarjavasymbolicexecution.jar /home/user/.vscode/extensions/sonarsource.sonarlint-vscode-4.40.0-linux-x64/analyzers/sonarjs.jar /home/user/.vscode/extensions/sonarsource.sonarlint-vscode-4.40.0-linux-x64/analyzers/sonarphp.jar /home/user/.vscode/extensions/sonarsource.sonarlint-vscode-4.40.0-linux-x64/analyzers/sonarpython.jar /home/user/.vscode/extensions/sonarsource.sonarlint-vscode-4.40.0-linux-x64/analyzers/sonarhtml.jar /home/user/.vscode/extensions/sonarsource.sonarlint-vscode-4.40.0-linux-x64/analyzers/sonarxml.jar /home/user/.vscode/extensions/sonarsource.sonarlint-vscode-4.40.0-linux-x64/analyzers/sonartext.jar /home/user/.vscode/extensions/sonarsource.sonarlint-vscode-4.40.0-linux-x64/analyzers/sonariac.jar /home/user/.vscode/extensions/sonarsource.sonarlint-vscode-4.40.0-linux-x64/analyzers/sonarlintomnisharp.jar /home/user/.vscode/extensions/sonarsource.sonarlint_ondemand-analyzers/sonar-cfamily-plugin/6.77.0.95488/sonarcfamily.jar

Host: 11th Gen Intel(R) Core(TM) i5-1135G7 @ 2.40GHz, 1 cores, 4G, Debian GNU/Linux 13 (trixie)
Time: Sun Jan 25 14:44:05 2026 CET elapsed time: 1487.731813 seconds (0d 0h 24m 47s)

---------------  T H R E A D  ---------------

Current thread (0x00007fd9818a86e0):  JavaThread "sonarlint-analysis-scheduler"        [_thread_in_Java, id=1861, stack(0x00007fd9dd9fd000,0x00007fd9ddafd000) (1024K)]

Stack: [0x00007fd9dd9fd000,0x00007fd9ddafd000],  sp=0x00007fd9ddafa9d0,  free space=1014k
Native frames: (J=compiled Java code, j=interpreted, Vv=VM code, C=native code)
J 14658 c2 org.springframework.core.annotation.AnnotationTypeMappings.addIfPossible(Ljava/util/Deque;Lorg/springframework/core/annotation/AnnotationTypeMapping;Ljava/lang/Class;Ljava/lang/annotation/Annotation;Ljava/util/Set;)V (68 bytes) @ 0x00007fd9e63cc004 [0x00007fd9e63cbee0+0x0000000000000124]
J 15038 c2 org.springframework.core.annotation.AnnotationTypeMappings.<init>(Lorg/springframework/core/annotation/RepeatableContainers;Lorg/springframework/core/annotation/AnnotationFilter;Ljava/lang/Class;Ljava/util/Set;)V (47 bytes) @ 0x00007fd9e646717c [0x00007fd9e6466f80+0x00000000000001fc]
J 15426 c2 org.springframework.core.annotation.AnnotationTypeMappings$Cache$$Lambda+0x00007fd99d1afab8.apply(Ljava/lang/Object;)Ljava/lang/Object; (16 bytes) @ 0x00007fd9e64a7274 [0x00007fd9e64a71c0+0x00000000000000b4]
J 5394 c2 org.springframework.core.annotation.AnnotationTypeMappings.forAnnotationType(Ljava/lang/Class;Lorg/springframework/core/annotation/RepeatableContainers;Lorg/springframework/core/annotation/AnnotationFilter;Ljava/util/Set;)Lorg/springframework/core/annotation/AnnotationTypeMappings; (74 bytes) @ 0x00007fd9e5b0edb4 [0x00007fd9e5b0e780+0x0000000000000634]
J 9230 c2 org.springframework.core.annotation.TypeMappedAnnotations$IsPresent.doWithAnnotations(Ljava/lang/Object;ILjava/lang/Object;[Ljava/lang/annotation/Annotation;)Ljava/lang/Boolean; (183 bytes) @ 0x00007fd9e5ad8600 [0x00007fd9e5ad8200+0x0000000000000400]
J 9873 c2 org.springframework.core.annotation.TypeMappedAnnotations$IsPresent.doWithAnnotations(Ljava/lang/Object;ILjava/lang/Object;[Ljava/lang/annotation/Annotation;)Ljava/lang/Object; (10 bytes) @ 0x00007fd9e5e73fe0 [0x00007fd9e5e73fa0+0x0000000000000040]
J 9232 c2 org.springframework.core.annotation.TypeMappedAnnotations.scan(Ljava/lang/Object;Lorg/springframework/core/annotation/AnnotationsProcessor;)Ljava/lang/Object; (66 bytes) @ 0x00007fd9e5dd582c [0x00007fd9e5dd55c0+0x000000000000026c]
J 12304 c2 org.springframework.context.annotation.ConditionEvaluator.shouldSkip(Lorg/springframework/core/type/AnnotatedTypeMetadata;Lorg/springframework/context/annotation/ConfigurationCondition$ConfigurationPhase;)Z (157 bytes) @ 0x00007fd9e607ce1c [0x00007fd9e607cba0+0x000000000000027c]
J 13595 c2 org.springframework.context.annotation.AnnotatedBeanDefinitionReader.doRegisterBean(Ljava/lang/Class;Ljava/lang/String;[Ljava/lang/Class;Ljava/util/function/Supplier;[Lorg/springframework/beans/factory/config/BeanDefinitionCustomizer;)V (276 bytes) @ 0x00007fd9e6218328 [0x00007fd9e6217de0+0x0000000000000548]
J 15830 c2 org.sonarsource.sonarlint.core.plugin.commons.container.SpringComponentContainer.registerInstance(Ljava/lang/Object;)V (34 bytes) @ 0x00007fd9e653f530 [0x00007fd9e653df60+0x00000000000015d0]
J 11735 c1 org.sonarsource.sonarlint.core.plugin.commons.container.SpringComponentContainer.add([Ljava/lang/Object;)Lorg/sonarsource/sonarlint/core/plugin/commons/container/Container; (115 bytes) @ 0x00007fd9df272bac [0x00007fd9df2704e0+0x00000000000026cc]
j  org.sonarsource.sonarlint.core.plugin.commons.container.SpringComponentContainer.<init>(Lorg/sonarsource/sonarlint/core/plugin/commons/container/SpringComponentContainer;Lorg/sonar/api/config/PropertyDefinitions;Ljava/util/List;Lorg/sonarsource/sonarlint/core/plugin/commons/container/SpringInitStrategy;)V+170
j  org.sonarsource.sonarlint.core.plugin.commons.container.SpringComponentContainer.<init>(Lorg/sonarsource/sonarlint/core/plugin/commons/container/SpringComponentContainer;)V+16
j  org.sonarsource.sonarlint.core.analysis.container.analysis.AnalysisContainer.<init>(Lorg/sonarsource/sonarlint/core/plugin/commons/container/SpringComponentContainer;Lorg/sonarsource/sonarlint/core/commons/progress/ProgressIndicator;)V+2
j  org.sonarsource.sonarlint.core.analysis.container.module.ModuleContainer.lambda$analyze$0(Lorg/sonarsource/sonarlint/core/commons/progress/ProgressIndicator;)Lorg/sonarsource/sonarlint/core/analysis/container/analysis/AnalysisContainer;+6
j  org.sonarsource.sonarlint.core.analysis.container.module.ModuleContainer$$Lambda+0x00007fd99da4e238.get()Ljava/lang/Object;+8
J 12205 c1 org.sonarsource.sonarlint.core.commons.tracing.Trace.startChild(Lorg/sonarsource/sonarlint/core/commons/tracing/Trace;Ljava/lang/String;Ljava/lang/String;Ljava/util/function/Supplier;)Ljava/lang/Object; (59 bytes) @ 0x00007fd9df3b13fc [0x00007fd9df3b1160+0x000000000000029c]
j  org.sonarsource.sonarlint.core.analysis.container.module.ModuleContainer.analyze(Lorg/sonarsource/sonarlint/core/analysis/api/AnalysisConfiguration;Ljava/util/function/Consumer;Lorg/sonarsource/sonarlint/core/commons/progress/ProgressIndicator;Lorg/sonarsource/sonarlint/core/commons/tracing/Trace;)Lorg/sonarsource/sonarlint/core/analysis/api/AnalysisResults;+13
j  org.sonarsource.sonarlint.core.analysis.command.AnalyzeCommand.doRunAnalysis(Lorg/sonarsource/sonarlint/core/analysis/container/global/ModuleRegistry;Lorg/sonarsource/sonarlint/core/commons/progress/ProgressIndicator;Lorg/sonarsource/sonarlint/core/analysis/api/AnalysisConfiguration;)Lorg/sonarsource/sonarlint/core/analysis/api/AnalysisResults;+114
j  org.sonarsource.sonarlint.core.analysis.command.AnalyzeCommand.doExecute(Lorg/sonarsource/sonarlint/core/analysis/container/global/ModuleRegistry;Lorg/sonarsource/sonarlint/core/commons/progress/ProgressIndicator;Lorg/sonarsource/sonarlint/core/analysis/api/AnalysisConfiguration;)V+13
j  org.sonarsource.sonarlint.core.analysis.command.AnalyzeCommand.execute(Lorg/sonarsource/sonarlint/core/analysis/container/global/ModuleRegistry;Lorg/sonarsource/sonarlint/core/commons/progress/ProgressIndicator;Lorg/sonarsource/sonarlint/core/analysis/api/AnalysisConfiguration;)V+4
j  org.sonarsource.sonarlint.core.analysis.command.AnalyzeCommand.lambda$execute$0(Lorg/sonarsource/sonarlint/core/analysis/container/global/ModuleRegistry;Lorg/sonarsource/sonarlint/core/analysis/api/AnalysisConfiguration;Lorg/sonarsource/sonarlint/core/commons/progress/ProgressIndicator;)V+4
j  org.sonarsource.sonarlint.core.analysis.command.AnalyzeCommand$$Lambda+0x00007fd99d9db5b0.run(Lorg/sonarsource/sonarlint/core/commons/progress/ProgressIndicator;)V+13
j  org.sonarsource.sonarlint.core.commons.progress.TaskManager.runExistingTask(Ljava/lang/String;Ljava/util/UUID;Ljava/lang/String;Ljava/lang/String;ZZLorg/sonarsource/sonarlint/core/commons/progress/Task;Lorg/sonarsource/sonarlint/core/commons/progress/SonarLintCancelMonitor;)V+50
j  org.sonarsource.sonarlint.core.analysis.command.AnalyzeCommand.execute(Lorg/sonarsource/sonarlint/core/analysis/container/global/ModuleRegistry;)V+60
j  org.sonarsource.sonarlint.core.analysis.AnalysisScheduler.executeQueuedCommands()V+75
j  org.sonarsource.sonarlint.core.analysis.AnalysisScheduler$$Lambda+0x00007fd99d6bc2a8.run()V+4
j  java.lang.Thread.runWith(Ljava/lang/Object;Ljava/lang/Runnable;)V+5 java.base@21.0.9
j  java.lang.Thread.run()V+19 java.base@21.0.9
v  ~StubRoutines::call_stub 0x00007fd9e5338cc6
V  [libjvm.so+0x917195]  JavaCalls::call_helper(JavaValue*, methodHandle const&, JavaCallArguments*, JavaThread*)+0x2e5
V  [libjvm.so+0x918b12]  JavaCalls::call_virtual(JavaValue*, Handle, Klass*, Symbol*, Symbol*, JavaThread*)+0x1d2
V  [libjvm.so+0x9eed6e]  thread_entry(JavaThread*, JavaThread*)+0x8e
V  [libjvm.so+0x92e9b8]  JavaThread::thread_main_inner()+0x1d8
V  [libjvm.so+0xf84328]  Thread::call_run()+0xa8
V  [libjvm.so+0xd0d8ea]  thread_native_entry(Thread*)+0xda

siginfo: si_signo: 11 (SIGSEGV), si_code: 2 (SEGV_ACCERR), si_addr: 0x00000000fc62ee67

Registers:
RAX=0x00000000b862e598, RBX=0x00000000cf96dbd8, RCX=0x0000000000000000, RDX=0x00000000b862e4d0
RSP=0x00007fd9ddafa9d0, RBP=0x00000000b862e588, RSI=0x00000000b862e4a0, RDI=0x00000000b862d408
R8 =0x00000000cf96dbd8, R9 =0x0000000000000000, R10=0x00000000b862e5c8, R11=0x00007fd9f64da000
R12=0x0000000000000000, R13=0x00000000b862d408, R14=0x00000000b862d408, R15=0x00007fd9818a86e0
RIP=0x00007fd9e63cc004, EFLAGS=0x0000000000010286, CSGSFS=0x002b000000000033, ERR=0x0000000000000006
  TRAPNO=0x000000000000000e

XMM[0]=0x0000000000000000 0x0000000000000000
XMM[1]=0x0000000000000000 0x000000003f400000
XMM[2]=0xffffffffffffffff 0xffffffffffffffff
XMM[3]=0x0000000000000000 0x0000000000000066
XMM[4]=0x0000000000000000 0x0000000000000065
XMM[5]=0x0000000000000000 0x0000000000000032
XMM[6]=0x0000000000000000 0x0000000000000065
XMM[7]=0x0000000000000000 0x0000000000000036
XMM[8]=0x0000000000000000 0x0000000000000063
XMM[9]=0x0000000000000000 0x0000000000000039
XMM[10]=0x0000000000000000 0x0000000000000063
XMM[11]=0x0000000000000000 0x0000000000000066
XMM[12]=0x0000000000000000 0x0000000000000063
XMM[13]=0x0000000000000000 0x00000000f51ec61b
XMM[14]=0x0000000000000000 0x934a10bb36f8216c
XMM[15]=0x0000000000000000 0x0000000000000000
  MXCSR=0x00001fa6


Register to memory mapping:

RAX=0x00000000b862e598 is an oop: [B 
{0x00000000b862e598} - klass: {type array byte}
 - length: 30
RBX=0x00000000cf96dbd8 is an oop: java.lang.Class 
{0x00000000cf96dbd8} - klass: 'java/lang/Class'
 - ---- fields (total size 14 words):
 - private volatile transient 'classRedefinedCount' 'I' @12  0 (0x00000000)
 - injected 'klass' 'J' @16  140572625709808 (0x00007fd99d6baaf0)
 - injected 'array_klass' 'J' @24  0 (0x0000000000000000)
 - injected 'oop_size' 'I' @32  14 (0x0000000e)
 - injected 'static_oop_field_count' 'I' @36  0 (0x00000000)
 - private volatile transient 'cachedConstructor' 'Ljava/lang/reflect/Constructor;' @40  null (0x00000000)
 - private transient 'name' 'Ljava/lang/String;' @44  "org.sonar.api.scanner.ScannerSide"{0x00000000cf9b2658} (0xcf9b2658)
 - private transient 'module' 'Ljava/lang/Module;' @48  a 'java/lang/Module'{0x00000000cdf86730} (0xcdf86730)
 - private final 'classLoader' 'Ljava/lang/ClassLoader;' @52  a 'jdk/internal/loader/ClassLoaders$AppClassLoader'{0x00000000cdf866c8} (0xcdf866c8)
 - private transient 'classData' 'Ljava/lang/Object;' @56  null (0x00000000)
 - private transient 'packageName' 'Ljava/lang/String;' @60  "org.sonar.api.scanner"{0x00000000cf9b2670} (0xcf9b2670)
 - private final 'componentType' 'Ljava/lang/Class;' @64  null (0x00000000)
 - private volatile transient 'reflectionData' 'Ljava/lang/ref/SoftReference;' @68  a 'java/lang/ref/SoftReference'{0x00000000cf9b2688} (0xcf9b2688)
 - private volatile transient 'genericInfo' 'Lsun/reflect/generics/repository/ClassRepository;' @72  null (0x00000000)
 - private volatile transient 'enumConstants' '[Ljava/lang/Object;' @76  null (0x00000000)
 - private volatile transient 'enumConstantDirectory' 'Ljava/util/Map;' @80  null (0x00000000)
 - private volatile transient 'annotationData' 'Ljava/lang/Class$AnnotationData;' @84  a 'java/lang/Class$AnnotationData'{0x00000000cf9b26b0} (0xcf9b26b0)
 - private volatile transient 'annotationType' 'Lsun/reflect/annotation/AnnotationType;' @88  a 'sun/reflect/annotation/AnnotationType'{0x00000000cf9b26c8} (0xcf9b26c8)
 - transient 'classValueMap' 'Ljava/lang/ClassValue$ClassValueMap;' @92  null (0x00000000)
 - injected 'protection_domain' 'Ljava/lang/Object;' @96  a 'java/security/ProtectionDomain'{0x00000000ce24f060} (0xce24f060)
 - injected 'signers_name' 'Ljava/lang/Object;' @100  null (0x00000000)
 - injected 'source_file' 'Ljava/lang/Object;' @104  null (0x00000000)
 - injected '<init_lock>' 'Ljava/lang/Object;' @108  [I{0x00000000cf9b26e8} (0xcf9b26e8)
 - signature: Lorg/sonar/api/scanner/ScannerSide;
 - ---- static fields (0):
RCX=0x0 is null
RDX=0x00000000b862e4d0 is an oop: java.util.ArrayDeque 
{0x00000000b862e4d0} - klass: 'java/util/ArrayDeque'
 - ---- fields (total size 3 words):
 - transient 'head' 'I' @12  0 (0x00000000)
 - transient 'tail' 'I' @16  0 (0x00000000)
 - transient 'elements' '[Ljava/lang/Object;' @20  a 'java/lang/Object'[17] {0x00000000b862e4e8} (0xb862e4e8)
RSP=0x00007fd9ddafa9d0 is pointing into the stack for thread: 0x00007fd9818a86e0
RBP=0x00000000b862e588 is an oop: java.util.HashSet 
{0x00000000b862e588} - klass: 'java/util/HashSet'
 - ---- fields (total size 2 words):
 - transient 'map' 'Ljava/util/HashMap;' @12  null (0x00000000)
RSI=0x00000000b862e4a0 is an oop: org.springframework.core.annotation.AnnotationTypeMappings 
{0x00000000b862e4a0} - klass: 'org/springframework/core/annotation/AnnotationTypeMappings'
 - ---- fields (total size 3 words):
 - private final 'repeatableContainers' 'Lorg/springframework/core/annotation/RepeatableContainers;' @12  a 'org/springframework/core/annotation/RepeatableContainers$StandardRepeatableContainers'{0x00000000ce8762d0} (0xce8762d0)
 - private final 'filter' 'Lorg/springframework/core/annotation/AnnotationFilter;' @16  a 'org/springframework/core/annotation/PackagesAnnotationFilter'{0x00000000ce8762e0} (0xce8762e0)
 - private final 'mappings' 'Ljava/util/List;' @20  a 'java/util/ArrayList'{0x00000000b862e4b8} (0xb862e4b8)
RDI=0x00000000b862d408 is an oop: java.util.HashSet 
{0x00000000b862d408} - klass: 'java/util/HashSet'
 - ---- fields (total size 2 words):
 - transient 'map' 'Ljava/util/HashMap;' @12  a 'java/util/HashMap'{0x00000000b862d418} (0xb862d418)
R8 =0x00000000cf96dbd8 is an oop: java.lang.Class 
{0x00000000cf96dbd8} - klass: 'java/lang/Class'
 - ---- fields (total size 14 words):
 - private volatile transient 'classRedefinedCount' 'I' @12  0 (0x00000000)
 - injected 'klass' 'J' @16  140572625709808 (0x00007fd99d6baaf0)
 - injected 'array_klass' 'J' @24  0 (0x0000000000000000)
 - injected 'oop_size' 'I' @32  14 (0x0000000e)
 - injected 'static_oop_field_count' 'I' @36  0 (0x00000000)
 - private volatile transient 'cachedConstructor' 'Ljava/lang/reflect/Constructor;' @40  null (0x00000000)
 - private transient 'name' 'Ljava/lang/String;' @44  "org.sonar.api.scanner.ScannerSide"{0x00000000cf9b2658} (0xcf9b2658)
 - private transient 'module' 'Ljava/lang/Module;' @48  a 'java/lang/Module'{0x00000000cdf86730} (0xcdf86730)
 - private final 'classLoader' 'Ljava/lang/ClassLoader;' @52  a 'jdk/internal/loader/ClassLoaders$AppClassLoader'{0x00000000cdf866c8} (0xcdf866c8)
 - private transient 'classData' 'Ljava/lang/Object;' @56  null (0x00000000)
 - private transient 'packageName' 'Ljava/lang/String;' @60  "org.sonar.api.scanner"{0x00000000cf9b2670} (0xcf9b2670)
 - private final 'componentType' 'Ljava/lang/Class;' @64  null (0x00000000)
 - private volatile transient 'reflectionData' 'Ljava/lang/ref/SoftReference;' @68  a 'java/lang/ref/SoftReference'{0x00000000cf9b2688} (0xcf9b2688)
 - private volatile transient 'genericInfo' 'Lsun/reflect/generics/repository/ClassRepository;' @72  null (0x00000000)
 - private volatile transient 'enumConstants' '[Ljava/lang/Object;' @76  null (0x00000000)
 - private volatile transient 'enumConstantDirectory' 'Ljava/util/Map;' @80  null (0x00000000)
 - private volatile transient 'annotationData' 'Ljava/lang/Class$AnnotationData;' @84  a 'java/lang/Class$AnnotationData'{0x00000000cf9b26b0} (0xcf9b26b0)
 - private volatile transient 'annotationType' 'Lsun/reflect/annotation/AnnotationType;' @88  a 'sun/reflect/annotation/AnnotationType'{0x00000000cf9b26c8} (0xcf9b26c8)
 - transient 'classValueMap' 'Ljava/lang/ClassValue$ClassValueMap;' @92  null (0x00000000)
 - injected 'protection_domain' 'Ljava/lang/Object;' @96  a 'java/security/ProtectionDomain'{0x00000000ce24f060} (0xce24f060)
 - injected 'signers_name' 'Ljava/lang/Object;' @100  null (0x00000000)
 - injected 'source_file' 'Ljava/lang/Object;' @104  null (0x00000000)
 - injected '<init_lock>' 'Ljava/lang/Object;' @108  [I{0x00000000cf9b26e8} (0xcf9b26e8)
 - signature: Lorg/sonar/api/scanner/ScannerSide;
 - ---- static fields (0):
R9 =0x0 is null
R10=0x00000000b862e5c8 is an oop: java.lang.String 
{0x00000000b862e5c8} - klass: 'java/lang/String'
 - string: "python"
 - ---- fields (total size 3 words):
 - private 'hash' 'I' @12  -973197092 (0xc5fe30dc)
 - private final 'coder' 'B' @16  0 (0x00)
 - private 'hashIsZero' 'Z' @17  false (0x00)
 - injected 'flags' 'B' @18  0 (0x00)
 - private final 'value' '[B' @20  [B{0x00000000b862e5e0} (0xb862e5e0)
R11=0x00007fd9f64da000 points into unknown readable memory: 0x000086c3000086c2 | c2 86 00 00 c3 86 00 00
R12=0x0 is null
R13=0x00000000b862d408 is an oop: java.util.HashSet 
{0x00000000b862d408} - klass: 'java/util/HashSet'
 - ---- fields (total size 2 words):
 - transient 'map' 'Ljava/util/HashMap;' @12  a 'java/util/HashMap'{0x00000000b862d418} (0xb862d418)
R14=0x00000000b862d408 is an oop: java.util.HashSet 
{0x00000000b862d408} - klass: 'java/util/HashSet'
 - ---- fields (total size 2 words):
 - transient 'map' 'Ljava/util/HashMap;' @12  a 'java/util/HashMap'{0x00000000b862d418} (0xb862d418)
R15=0x00007fd9818a86e0 is a thread

Top of Stack: (sp=0x00007fd9ddafa9d0)
0x00007fd9ddafa9d0:   00000000b862e2f8 00000000b862d498
0x00007fd9ddafa9e0:   00000000b862e4d0 00007fd9818b96c0
0x00007fd9ddafa9f0:   0000001000000010 0000000000000000
0x00007fd9ddafaa00:   00000000b862d408 00007fd9df142564
0x00007fd9ddafaa10:   00000000cf96dbd8 0000000000000000
0x00007fd9ddafaa20:   00000000b862e540 00007fd9defd0ed4
0x00007fd9ddafaa30:   00000000b862e420 00000000ce884b60
0x00007fd9ddafaa40:   00007fd9f813b5e8 00007fd97839a688
0x00007fd9ddafaa50:   00000000ce86cbb0 00007fd97839a2a0
0x00007fd9ddafaa60:   0000000000000003 00007fd9e5f805da
0x00007fd9ddafaa70:   00000000b862e4a0 00007fd9e646717c
0x00007fd9ddafaa80:   00000000b862d408 00000000b862e3e8
0x00007fd9ddafaa90:   00007fd99d19a490 00000000b862e4d0
0x00007fd9ddafaaa0:   00000000b862e408 00000000b862e4a0
0x00007fd9ddafaab0:   00000000cf981280 00007fd9df274e2c
0x00007fd9ddafaac0:   00007fd9ddafaaf0 00007fd900000001
0x00007fd9ddafaad0:   00000000ce31f708 00007fd9defd0ed4
0x00007fd9ddafaae0:   00000000b862e4a0 00007fd9e64a7274
0x00007fd9ddafaaf0:   00000000b8629d50 00000000b862d470
0x00007fd9ddafab00:   00000000ce8762e0 00007fd9e627d764
0x00007fd9ddafab10:   00000000ce31f708 00007fd9e5b5cbc8
0x00007fd9ddafab20:   00000000b862e098 00007fd9e5b0edb4
0x00007fd9ddafab30:   00000000b862d408 00000000cf96dbd8
0x00007fd9ddafab40:   00000000b862d458 00000000b862d470
0x00007fd9ddafab50:   00007fd99d19a490 00007fd9df2b9eac
0x00007fd9ddafab60:   00000000ceb83708 00007fd9e652b5a7
0x00007fd9ddafab70:   c7dda70367452301 00000000ceb5ae88
0x00007fd9ddafab80:   0000000500000010 00000000ceb838a8
0x00007fd9ddafab90:   00000000b862d2c0 00000000ce884b60
0x00007fd9ddafaba0:   00000000cf96dbd8 00007fd9e5ad8600
0x00007fd9ddafabb0:   00000000ce88a320 00000000ce883b08
0x00007fd9ddafabc0:   0000000200000000 00000000cf96d3a8 

Instructions: (pc=0x00007fd9e63cc004)
0x00007fd9e63cbf04:   c0 fe ff 55 48 81 ec a0 00 00 00 90 41 81 7f 20
0x00007fd9e63cbf14:   06 00 00 00 0f 85 90 5c 00 00 48 89 54 24 10 48
0x00007fd9e63cbf24:   89 7c 24 30 4c 89 4c 24 48 4c 89 44 24 40 48 89
0x00007fd9e63cbf34:   4c 24 28 49 8b 87 b8 01 00 00 4c 8b d0 49 83 c2
0x00007fd9e63cbf44:   48 4d 3b 97 c8 01 00 00 0f 83 ee 30 00 00 4d 89
0x00007fd9e63cbf54:   97 b8 01 00 00 41 0f 0d 8a 00 01 00 00 48 c7 00
0x00007fd9e63cbf64:   01 00 00 00 c7 40 08 00 fd 1a 01 44 89 60 0c 4c
0x00007fd9e63cbf74:   89 60 10 4c 89 60 18 4c 89 60 20 4c 89 60 28 4c
0x00007fd9e63cbf84:   89 60 30 4c 89 60 38 4c 89 60 40 48 89 44 24 50
0x00007fd9e63cbf94:   49 8b af b8 01 00 00 4c 8b d5 49 83 c2 10 4d 3b
0x00007fd9e63cbfa4:   97 c8 01 00 00 0f 83 b6 30 00 00 4d 89 97 b8 01
0x00007fd9e63cbfb4:   00 00 41 0f 0d 8a 00 01 00 00 48 c7 45 00 01 00
0x00007fd9e63cbfc4:   00 00 c7 45 08 50 cc 0d 00 44 89 65 0c 49 8b 87
0x00007fd9e63cbfd4:   b8 01 00 00 4c 8b d0 49 83 c2 30 4d 3b 97 c8 01
0x00007fd9e63cbfe4:   00 00 0f 83 b0 30 00 00 4d 89 97 b8 01 00 00 41
0x00007fd9e63cbff4:   0f 0d 8a 00 01 00 00 48 c7 00 01 00 3c 11 00 00
0x00007fd9e63cc004:   08 90 cf 08 00 44 89 60 0c 4c 89 60 10 4c 89 60
0x00007fd9e63cc014:   18 4c 89 60 28 48 c7 40 20 00 00 40 04 00 00 00
0x00007fd9e63cc024:   24 50 4d 8b da 44 89 9c 24 88 00 00 00 4c 8b cd
0x00007fd9e63cc034:   49 8b ca 49 c1 e9 09 48 c1 e9 09 4c 8b d0 44 89
0x00007fd9e63cc044:   55 0c 4c 8b 54 24 40 4d 8b da 4c 8b 54 24 28 4d
0x00007fd9e63cc054:   8b c2 4c 8b 54 24 50 45 89 42 14 4c 8b d5 4c 8b
0x00007fd9e63cc064:   44 24 50 45 89 50 44 49 ba 00 a0 4d f6 d9 7f 00
0x00007fd9e63cc074:   00 47 88 24 0a 45 88 24 0a 4c 8b 54 24 28 4d 85
0x00007fd9e63cc084:   d2 0f 84 45 06 00 00 45 89 58 1c 4c 8b 54 24 28
0x00007fd9e63cc094:   45 8b 4a 0c 45 8b 52 18 45 89 50 18 4c 8b 54 24
0x00007fd9e63cc0a4:   28 45 8b 42 20 41 ff c1 4c 8b 54 24 50 45 89 4a
0x00007fd9e63cc0b4:   0c 49 c1 ea 09 49 b9 00 a0 4d f6 d9 7f 00 00 47
0x00007fd9e63cc0c4:   88 24 11 45 85 c0 0f 84 29 06 00 00 4d 8b 8f b8
0x00007fd9e63cc0d4:   01 00 00 4d 8b d1 49 83 c2 18 49 8b d8 4d 3b 97
0x00007fd9e63cc0e4:   c8 01 00 00 0f 83 14 33 00 00 4d 89 97 b8 01 00
0x00007fd9e63cc0f4:   00 41 0f 0d 8a 00 01 00 00 49 c7 01 01 00 00 00 


Stack slot to memory mapping:

stack at sp + 0 slots: 0x00000000b862e2f8 is an oop: org.springframework.util.ConcurrentReferenceHashMap$Segment 
{0x00000000b862e2f8} - klass: 'org/springframework/util/ConcurrentReferenceHashMap$Segment'
 - ---- fields (total size 5 words):
 - private final 'sync' 'Ljava/util/concurrent/locks/ReentrantLock$Sync;' @12  a 'java/util/concurrent/locks/ReentrantLock$NonfairSync'{0x00000000b862e320} (0xb862e320)
 - private final 'initialSize' 'I' @16  1 (0x00000001)
 - private 'resizeThreshold' 'I' @20  0 (0x00000000)
 - private final 'referenceManager' 'Lorg/springframework/util/ConcurrentReferenceHashMap$ReferenceManager;' @24  a 'org/springframework/util/ConcurrentReferenceHashMap$ReferenceManager'{0x00000000b862e350} (0xb862e350)
 - private volatile 'references' '[Lorg/springframework/util/ConcurrentReferenceHashMap$Reference;' @28  a 'org/springframework/util/ConcurrentReferenceHashMap$Reference'[1] {0x00000000b862e3d0} (0xb862e3d0)
 - private final 'count' 'Ljava/util/concurrent/atomic/AtomicInteger;' @32  a 'java/util/concurrent/atomic/AtomicInteger'{0x00000000b862e340} (0xb862e340)
 - final synthetic 'this$0' 'Lorg/springframework/util/ConcurrentReferenceHashMap;' @36  a 'org/springframework/util/ConcurrentReferenceHashMap'{0x00000000b862d470} (0xb862d470)
stack at sp + 1 slots: 0x00000000b862d498 is an oop: [Lorg.springframework.util.ConcurrentReferenceHashMap$Segment; 
{0x00000000b862d498} - klass: 'org/springframework/util/ConcurrentReferenceHashMap$Segment'[]
 - length: 16
stack at sp + 2 slots: 0x00000000b862e4d0 is an oop: java.util.ArrayDeque 
{0x00000000b862e4d0} - klass: 'java/util/ArrayDeque'
 - ---- fields (total size 3 words):
 - transient 'head' 'I' @12  0 (0x00000000)
 - transient 'tail' 'I' @16  0 (0x00000000)
 - transient 'elements' '[Ljava/lang/Object;' @20  a 'java/lang/Object'[17] {0x00000000b862e4e8} (0xb862e4e8)
stack at sp + 3 slots: 0x00007fd9818b96c0 points into unknown readable memory: 0x00007fd980000202 | 02 02 00 80 d9 7f 00 00
stack at sp + 4 slots: 0x0000001000000010 is an unknown value
stack at sp + 5 slots: 0x0 is null
stack at sp + 6 slots: 0x00000000b862d408 is an oop: java.util.HashSet 
{0x00000000b862d408} - klass: 'java/util/HashSet'
 - ---- fields (total size 2 words):
 - transient 'map' 'Ljava/util/HashMap;' @12  a 'java/util/HashMap'{0x00000000b862d418} (0xb862d418)
stack at sp + 7 slots: 0x00007fd9df142564 is at entry_point+388 in (nmethod*)0x00007fd9df142210
Compiled method (c1) 1487768 11219       3       java.lang.ProcessEnvironment$Variable::valueOfQueryOnly (16 bytes)
 total in heap  [0x00007fd9df142210,0x00007fd9df142970] = 1888
 relocation     [0x00007fd9df142368,0x00007fd9df1423d8] = 112
 main code      [0x00007fd9df1423e0,0x00007fd9df142790] = 944
 stub code      [0x00007fd9df142790,0x00007fd9df1427d0] = 64
 oops           [0x00007fd9df1427d0,0x00007fd9df1427d8] = 8
 metadata       [0x00007fd9df1427d8,0x00007fd9df142808] = 48
 scopes data    [0x00007fd9df142808,0x00007fd9df1428a8] = 160
 scopes pcs     [0x00007fd9df1428a8,0x00007fd9df142958] = 176
 dependencies   [0x00007fd9df142958,0x00007fd9df142960] = 8
 nul chk table  [0x00007fd9df142960,0x00007fd9df142970] = 16


Compiled method (c2) 1487768 14658   !   4       org.springframework.core.annotation.AnnotationTypeMappings::addIfPossible (68 bytes)
 total in heap  [0x00007fd9e63cb790,0x00007fd9e63d6008] = 43128
 relocation     [0x00007fd9e63cb8e8,0x00007fd9e63cbec8] = 1504
 main code      [0x00007fd9e63cbee0,0x00007fd9e63d1bb8] = 23768
 stub code      [0x00007fd9e63d1bb8,0x00007fd9e63d1d18] = 352
 oops           [0x00007fd9e63d1d18,0x00007fd9e63d1dd8] = 192
 metadata       [0x00007fd9e63d1dd8,0x00007fd9e63d21b0] = 984
 scopes data    [0x00007fd9e63d21b0,0x00007fd9e63d4aa8] = 10488
 scopes pcs     [0x00007fd9e63d4aa8,0x00007fd9e63d5838] = 3472
 dependencies   [0x00007fd9e63d5838,0x00007fd9e63d5878] = 64
 handler table  [0x00007fd9e63d5878,0x00007fd9e63d5db8] = 1344
 nul chk table  [0x00007fd9e63d5db8,0x00007fd9e63d6008] = 592

[Constant Pool (empty)]

[MachCode]
[Entry Point]
  # {method} {0x00007fd990bb20f0} 'addIfPossible' '(Ljava/util/Deque;Lorg/springframework/core/annotation/AnnotationTypeMapping;Ljava/lang/Class;Ljava/lang/annotation/Annotation;Ljava/util/Set;)V' in 'org/springframework/core/annotation/AnnotationTypeMappings'
  # this:     rsi:rsi   = 'org/springframework/core/annotation/AnnotationTypeMappings'
  # parm0:    rdx:rdx   = 'java/util/Deque'
  # parm1:    rcx:rcx   = 'org/springframework/core/annotation/AnnotationTypeMapping'
  # parm2:    r8:r8     = 'java/lang/Class'
  # parm3:    r9:r9     = 'java/lang/annotation/Annotation'
  # parm4:    rdi:rdi   = 'java/util/Set'
  #           [sp+0xb0]  (sp of caller)
  0x00007fd9e63cbee0: 448b 5608 | 49bb 0000 | 009c d97f | 0000 4d03 | d349 3bc2 

  0x00007fd9e63cbef4: ;   {runtime_call ic_miss_stub}
  0x00007fd9e63cbef4: 0f85 869e | fbfe 6690 | 0f1f 4000 
[Verified Entry Point]
  0x00007fd9e63cbf00: 8984 2400 | c0fe ff55 | 4881 eca0 | 0000 0090 | 4181 7f20 | 0600 0000 | 0f85 905c | 0000 4889 
  0x00007fd9e63cbf20: 5424 1048 | 897c 2430 | 4c89 4c24 | 484c 8944 | 2440 4889 | 4c24 2849 | 8b87 b801 | 0000 4c8b 
  0x00007fd9e63cbf40: d049 83c2 | 484d 3b97 | c801 0000 | 0f83 ee30 | 0000 4d89 | 97b8 0100 | 0041 0f0d | 8a00 0100 
  0x00007fd9e63cbf60: 0048 c700 | 0100 0000 

  0x00007fd9e63cbf68: ;   {metadata('org/springframework/core/annotation/AnnotationTypeMapping')}
  0x00007fd9e63cbf68: c740 0800 | fd1a 0144 | 8960 0c4c | 8960 104c | 8960 184c | 8960 204c | 8960 284c | 8960 304c 
  0x00007fd9e63cbf88: 8960 384c | 8960 4048 | 8944 2450 | 498b afb8 | 0100 004c | 8bd5 4983 | c210 4d3b | 97c8 0100 
  0x00007fd9e63cbfa8: 000f 83b6 | 3000 004d | 8997 b801 | 0000 410f | 0d8a 0001 | 0000 48c7 | 4500 0100 

  0x00007fd9e63cbfc4: ;   {metadata('java/util/HashSet')}
  0x00007fd9e63cbfc4: 0000 c745 | 0850 cc0d | 0044 8965 | 0c49 8b87 | b801 0000 | 4c8b d049 | 83c2 304d | 3b97 c801 
  0x00007fd9e63cbfe4: 0000 0f83 | b030 0000 | 4d89 97b8 | 0100 0041 | 0f0d 8a00 | 0100 0048 | c700 0100 

  0x00007fd9e63cc000: ;   {metadata('java/util/HashMap')}
  0x00007fd9e63cc000: 3c11 0000 | 0890 cf08 | 0044 8960 | 0c4c 8960 | 104c 8960 | 184c 8960 | 2848 c740 | 2000 0040 
  0x00007fd9e63cc020: 0400 0000 | 2450 4d8b | da44 899c | 2488 0000 | 004c 8bcd | 498b ca49 | c1e9 0948 | c1e9 094c 
  0x00007fd9e63cc040: 8bd0 4489 | 550c 4c8b | 5424 404d | 8bda 4c8b | 5424 284d | 8bc2 4c8b | 5424 5045 | 8942 144c 
  0x00007fd9e63cc060: 8bd5 4c8b | 4424 5045 | 8950 4449 | ba00 a04d | f6d9 7f00 | 0047 8824 | 0a45 8824 | 0a4c 8b54 
  0x00007fd9e63cc080: 2428 4d85 | d20f 8445 | 0600 0045 | 8958 1c4c | 8b54 2428 | 458b 4a0c | 458b 5218 | 4589 5018 
  0x00007fd9e63cc0a0: 4c8b 5424 | 2845 8b42 | 2041 ffc1 | 4c8b 5424 | 5045 894a | 0c49 c1ea | 0949 b900 | a04d f6d9 
  0x00007fd9e63cc0c0: 7f00 0047 | 8824 1145 | 85c0 0f84 | 2906 0000 | 4d8b 8fb8 | 0100 004d | 8bd1 4983 | c218 498b 
  0x00007fd9e63cc0e0: d84d 3b97 | c801 0000 | 0f83 1433 | 0000 4d89 | 97b8 0100 | 0041 0f0d | 8a00 0100 | 0049 c701 
  0x00007fd9e63cc100: ;   {no_reloc}
  0x00007fd9e63cc100: 0100 0000 

  0x00007fd9e63cc104: ;   {metadata('java/util/ArrayList')}
  0x00007fd9e63cc104: 41c7 4108 | c8ad 0b00 | 4589 610c | 4d89 6110 | 418b 4808 

  0x00007fd9e63cc118: ;   {metadata('java/util/Collections$SingletonList')}
  0x00007fd9e63cc118: 81f9 6850 | 0501 745f 

  0x00007fd9e63cc120: ;   {metadata('java/util/Collections$UnmodifiableRandomAccessList')}
  0x00007fd9e63cc120: 81f9 d885 | 1c00 0f85 | dc46 0000 | 4c89 4c24 | 1844 8944 | 2408 4489 | 5c24 0448 | 8b6c 2450 
  0x00007fd9e63cc140: 448b 530c | 498b f248 | 895c 2460 | 6690 c5f8 | 7748 b8ff | ffff ffff 

  0x00007fd9e63cc158: ;   {virtual_call}
  0x00007fd9e63cc158: ffff ffe8 

  0x00007fd9e63cc15c: ; ImmutableOopMap {rbp=Oop [4]=NarrowOop [8]=NarrowOop [16]=Oop [24]=Oop [40]=Oop [48]=Oop [64]=Oop [72]=Oop [80]=Oop [96]=Oop [136]=NarrowOop }
                      ;*invokeinterface size {reexecute=0 rethrow=0 return_oop=0}
                      ; - java.util.Collections$UnmodifiableCollection::size@4
                      ; - org.springframework.core.annotation.AnnotationTypeMapping::merge@14 (line 137)
                      ; - org.springframework.core.annotation.AnnotationTypeMapping::<init>@73 (line 115)
                      ; - org.springframework.core.annotation.AnnotationTypeMappings::addIfPossible@11 (line 118)
  0x00007fd9e63cc15c: 20a2 fbfe 

  0x00007fd9e63cc160: ;   {other}
  0x00007fd9e63cc160: 0f1f 8400 | d009 0000 | 448b d041 | ffc2 448b | 5c24 0444 | 8b44 2408 | 4c8b 4c24 | 18eb 0bb8 
  0x00007fd9e63cc180: 0100 0000 | 41ba 0200 | 0000 4589 | 610c 4585 | d20f 8ec6 | 2900 0041 | 81fa 0000 | 0400 0f87 
  0x00007fd9e63cc1a0: c044 0000 | 4963 ca41 | 81fa 0000 | 0400 0f87 | cc32 0000 | 498b 9fb8 | 0100 0048 | 8d0c 8d17 
  0x00007fd9e63cc1c0: 0000 0048 | 8bf9 4883 | e7f8 488b | d348 03d7 | 493b 97c8 | 0100 000f | 83a3 3200 | 0049 8997 
  0x00007fd9e63cc1e0: b801 0000 | 0f0d 8a00 | 0100 0048 | c703 0100 | 0000 0f0d | 8a40 0100 

  0x00007fd9e63cc1f8: ;   {metadata('java/lang/Object'[])}
  0x00007fd9e63cc1f8: 00c7 4308 | 7012 0000 | 4489 530c | 0f0d 8a80 | 0100 0048 | 8bfb 4883 | c710 48c1 | e903 4883 
  0x00007fd9e63cc218: c1fe 4833 | c048 83f9 | 087f 1048 | ffc9 784f | 4889 04cf | 48ff c97d | f7eb 44c5 | fdef c0e9 
  0x00007fd9e63cc238: 0d00 0000 | c5fe 7f07 | c5fe 7f47 | 2048 83c7 | 4048 83e9 | 087d ed48 | 83c1 047c | 0cc5 fe7f 
  0x00007fd9e63cc258: 0748 83c7 | 2048 83e9 | 0448 83c1 | 047e 1048 | ffc9 c5f9 | d607 4883 | c708 48ff | c97d f349 
  0x00007fd9e63cc278: 8bc9 4c8b | d345 8951 | 1448 c1e9 | 0949 ba00 | a04d f6d9 | 7f00 0045 | 8824 0a44 | 899c 248c 
  0x00007fd9e63cc298: 0000 004c | 890c 2449 | 8bf0 4c8b | 5424 504c | 8954 2408 | 4c8b 5424 | 404c 8954 | 2418 488b 
  0x00007fd9e63cc2b8: 6c24 1866 | 6690 c5f8 | 7748 b8ff | ffff ffff 

  0x00007fd9e63cc2c8: ;   {virtual_call}
  0x00007fd9e63cc2c8: ffff ffe8 

  0x00007fd9e63cc2cc: ; ImmutableOopMap {rbp=Oop [0]=Oop [8]=Oop [16]=Oop [24]=Oop [40]=Oop [48]=Oop [64]=Oop [72]=Oop [80]=Oop [136]=NarrowOop [140]=NarrowOop }
                      ;*invokeinterface toArray {reexecute=0 rethrow=0 return_oop=1}
                      ; - java.util.ArrayList::addAll@1
                      ; - org.springframework.core.annotation.AnnotationTypeMapping::merge@27 (line 138)
                      ; - org.springframework.core.annotation.AnnotationTypeMapping::<init>@73 (line 115)
                      ; - org.springframework.core.annotation.AnnotationTypeMappings::addIfPossible@11 (line 118)
  0x00007fd9e63cc2cc: b0a0 fbfe 

  0x00007fd9e63cc2d0: ;   {other}
  0x00007fd9e63cc2d0: 0f1f 8400 | 400b 0001 | 4c8b 1c24 | 458b 4b0c | 458b c141 | ffc0 4589 | 430c 488b | d844 8b50 
  0x00007fd9e63cc2f0: 0c45 8b43 | 1041 8b7b | 1445 85d2 | 0f86 e501 | 0000 8b57 | 0c47 8d0c | 028b c241 | 2bc0 443b 
  0x00007fd9e63cc310: d07f 0b48 | 8bcf 4c8b | e9e9 2101 | 0000 85d2 | 0f87 7a25 

  0x00007fd9e63cc324: ;   {oop(a 'java/lang/Object'[0] {0x00000000ce2500e0})}
  0x00007fd9e63cc324: 0000 81ff | e000 25ce | 0f85 6e25 | 0000 bf0a | 0000 0041 | 3bf9 ba0a | 0000 0041 | 0f4c d181 
  0x00007fd9e63cc344: fa00 0004 | 000f 8775 | 4500 0048 | 63ca 81fa | 0000 0400 | 0f87 6d31 | 0000 4d8b | afb8 0100 
  0x00007fd9e63cc364: 0048 8d0c | 8d17 0000 | 0048 8bf9 | 4883 e7f8 | 498b f548 | 03f7 493b | b7c8 0100 | 000f 8344 
  0x00007fd9e63cc384: 3100 0049 | 89b7 b801 | 0000 498b | fd48 83c7 | 1049 c745 | 0001 0000 | 000f 0d8e | 0001 0000 
  0x00007fd9e63cc3a4: ;   {metadata('java/lang/Object'[])}
  0x00007fd9e63cc3a4: 41c7 4508 | 7012 0000 | 4189 550c | 0f0d 8e40 | 0100 000f | 0d8e 8001 | 0000 48c1 | e903 4883 
  0x00007fd9e63cc3c4: c1fe 4833 | c048 83f9 | 087f 1048 | ffc9 784f | 4889 04cf | 48ff c97d | f7eb 44c5 | fdef c0e9 
  0x00007fd9e63cc3e4: 0d00 0000 | c5fe 7f07 | c5fe 7f47 | 2048 83c7 | 4048 83e9 | 087d ed48 | 83c1 047c | 0cc5 fe7f 
  0x00007fd9e63cc404: 0748 83c7 | 2048 83e9 | 0448 83c1 | 047e 1048 | ffc9 c5f9 | d607 4883 | c708 48ff | c97d f349 
  0x00007fd9e63cc424: 8bcb 498b | d541 8953 | 1448 c1e9 | 0948 bf00 | a04d f6d9 | 7f00 0044 | 8824 0f45 | 85c0 0f8c 
  0x00007fd9e63cc444: 1844 0000 | 418b 4d0c | 413b c90f | 820b 4400 | 0041 8be9 | 418b d045 | 8bc2 4d8b | f345 8b5d 
  0x00007fd9e63cc464: 0844 8b4b | 084c 8bd3 | 48b8 0000 | 009c d97f | 0000 4903 | c38b 5814 | 4863 cb48 | be00 0000 
  0x00007fd9e63cc484: 9cd9 7f00 | 0049 03f1 | 488b 0c0e | 483b c10f | 8574 2300 | 0045 85c0 | 762a 498d 

  0x00007fd9e63cc4a0: ;   {no_reloc}
  0x00007fd9e63cc4a0: 7495 1049 | 8bfa 4883 | c710 458b | d049 63d2 | c5f8 7749 | ba00 f536 | e5d9 7f00 | 0041 ffd2 
  0x00007fd9e63cc4c0: ;   {other}
  0x00007fd9e63cc4c0: 0f1f 8400 | 0000 0000 | 4d8b de44 | 8bd5 4589 | 5310 418b | 7b14 41ff | 430c 85ff | 0f84 9e42 
  0x00007fd9e63cc4e0: 0000 458b | c2eb 1041 | 83c1 0245 | 894b 0c85 | ff0f 8489 | 4200 008b | 4f0c 418b | d8ff c344 
  0x00007fd9e63cc500: 3bc1 0f85 | 2001 0000 | 85c9 0f87 | 8124 0000 

  0x00007fd9e63cc510: ;   {oop(a 'java/lang/Object'[0] {0x00000000ce2500e0})}
  0x00007fd9e63cc510: 81ff e000 | 25ce 0f85 | 7524 0000 | b90a 0000 | 003b cbba | 0a00 0000 | 0f4c d381 | fa00 0004 
  0x00007fd9e63cc530: 000f 8795 | 4300 004c | 63ca 81fa | 0000 0400 | 0f87 a231 | 0000 4d8b | 97b8 0100 | 004a 8d0c 
  0x00007fd9e63cc550: 8d17 0000 | 004c 8bc9 | 4983 e1f8 | 498b fa49 | 03f9 493b | bfc8 0100 | 000f 8379 | 3100 0049 
  0x00007fd9e63cc570: 89bf b801 | 0000 0f0d | 8f00 0100 | 0049 c702 | 0100 0000 | 0f0d 8f40 

  0x00007fd9e63cc588: ;   {metadata('java/lang/Object'[])}
  0x00007fd9e63cc588: 0100 0041 | c742 0870 | 1200 0041 | 8952 0c0f | 0d8f 8001 | 0000 498b | fa48 83c7 | 1048 c1e9 
  0x00007fd9e63cc5a8: 0348 83c1 | fe48 33c0 | 4883 f908 | 7f10 48ff | c978 4f48 | 8904 cf48 | ffc9 7df7 | eb44 c5fd 
  0x00007fd9e63cc5c8: efc0 e90d | 0000 00c5 | fe7f 07c5 | fe7f 4720 | 4883 c740 | 4883 e908 | 7ded 4883 | c104 7c0c 
  0x00007fd9e63cc5e8: c5fe 7f07 | 4883 c720 | 4883 e904 | 4883 c104 | 7e10 48ff | c9c5 f9d6 | 0748 83c7 | 0848 ffc9 
  0x00007fd9e63cc608: 7df3 4d8b | cb49 8bfa | 4189 7b14 | 49c1 e909 | 48b9 00a0 | 4df6 d97f | 0000 4688 | 2409 eb03 
  0x00007fd9e63cc628: 4c8b d741 | 8b4a 0c44 | 3bc1 0f83 | d03f 0000 | 418b 4a08 

  0x00007fd9e63cc63c: ;   {metadata('java/lang/Object'[])}
  0x00007fd9e63cc63c: 81f9 7012 | 0000 0f85 | 2440 0000 | 4189 5b10 | 4f8d 5482 | 1044 8b84 | 248c 0000 | 0045 8902 
  0x00007fd9e63cc65c: 49c1 ea09 | 49b8 00a0 | 4df6 d97f | 0000 4788 | 2410 498b | 87b8 0100 | 004c 8bd0 | 4983 c218 
  0x00007fd9e63cc67c: 4d3b 97c8 | 0100 000f | 83be 2d00 | 004d 8997 | b801 0000 | 410f 0d8a | 0001 0000 | 48c7 0001 
  0x00007fd9e63cc69c: ;   {metadata('java/util/Collections$UnmodifiableRandomAccessList')}
  0x00007fd9e63cc69c: 0000 00c7 | 4008 d885 | 1c00 4489 | 600c 4c89 | 6010 4d8b | d344 8950 | 0c44 8950 | 104c 8bd0 
  0x00007fd9e63cc6bc: 49c1 ea09 | 49bb 00a0 | 4df6 d97f | 0000 4788 | 2413 eb6d | 4589 581c | 448b 8c24 | 8800 0000 
  0x00007fd9e63cc6dc: 4589 4818 | 4589 600c | 4d8b d049 | c1ea 0949 | b800 a04d | f6d9 7f00 | 0047 8824 | 1049 8b87 
  0x00007fd9e63cc6fc: b801 0000 | 4c8b d049 | 83c2 184d | 3b97 c801 | 0000 0f83 | 892a 0000 | 4d89 97b8 | 0100 0041 
  0x00007fd9e63cc71c: 0f0d 8a00 | 0100 0048 | c700 0100 

  0x00007fd9e63cc728: ;   {metadata('java/util/Collections$SingletonList')}
  0x00007fd9e63cc728: 0000 c740 | 0868 5005 | 0144 8960 | 0c44 8960 | 1444 8958 | 104c 8b54 | 2450 4c8b | c04c 8b5c 
  0x00007fd9e63cc748: 2450 4589 | 4320 49c1 | ea09 49bb | 00a0 4df6 | d97f 0000 | 4788 2413 | 4c8b 5424 | 484c 8b5c 
  0x00007fd9e63cc768: 2450 4589 | 5324 4c8b | 5424 404d | 8b12 4d8b | da49 83e3 | 0349 83fb | 010f 85b6 | 2300 0049 
  0x00007fd9e63cc788: c1ea 0841 | 8bc2 25ff | ffff 7f85 | c00f 84a2 

  0x00007fd9e63cc798: ;   {oop(a 'org/springframework/util/ConcurrentReferenceHashMap'{0x00000000ce876680})}
  0x00007fd9e63cc798: 2300 0049 | ba80 6687 | ce00 0000 | 0041 8b5a | 1c44 8b4b | 0c44 8bd0 | 41c1 e20f | 418b c9ff 
  0x00007fd9e63cc7b8: c941 81f2 | 7dcd ffff | 4403 d045 | 8bc2 41c1 | e80a 4533 | c247 8d14 | c045 8bc2 | 41c1 e806 
  0x00007fd9e63cc7d8: 4533 c245 | 8bd0 41c1 | e20e 478d | 1c82 4503 | d845 8bd3 | 41c1 ea10 | 4533 d341 | b820 0000 
  0x00007fd9e63cc7f8: ;   {oop(a 'org/springframework/util/ConcurrentReferenceHashMap'{0x00000000ce876680})}
  0x00007fd9e63cc7f8: 0049 bb80 | 6687 ce00 | 0000 0045 | 2b43 18c4 | c23b f7ea | 23e9 4585 | c90f 865d | 3000 0044 
  0x00007fd9e63cc818: 8b4c ab10 | 4585 c90f | 84d3 2f00 | 0045 3b61 | 200f 84fd | 2f00 0045 | 8b41 1841 | 8b68 0c44 
  0x00007fd9e63cc838: ;   {metadata('java/lang/ref/ReferenceQueue')}
  0x00007fd9e63cc838: 8b5d 0841 | 81fb f812 | 0400 0f85 | 7430 0000 | 4c8b dd45 | 3b63 0c0f | 85a1 2600 | 0045 8b41 
  0x00007fd9e63cc858: 2045 8b40 | 0c45 85c0 | 0f84 3001 | 0000 418b | 591c 448b | 430c 418b | e8ff cd41 | 23ea 4585 
  0x00007fd9e63cc878: c00f 863d | 3100 0044 | 8b44 ab10 | 4585 c00f | 8409 0100 | 0049 8bc8 | 448b 5908 

  0x00007fd9e63cc894: ;   {metadata('org/springframework/util/ConcurrentReferenceHashMap$SoftEntryReference')}
  0x00007fd9e63cc894: 4181 fbf0 | d91a 010f | 85ff 2e00 | 0044 8b59 | 1c45 3bda | 0f85 8a00 | 0000 8b69 | 0c44 8b5d 
  0x00007fd9e63cc8b4: ;   {oop(a 'java/lang/Class'{0x00000000cdf21148} = 'java/lang/ref/SoftReference')}
  0x00007fd9e63cc8b4: 0849 b848 | 11f2 cd00 | 0000 004d | 8b40 704c | 8b49 204d | 3bc8 0f85 | 181f 0000 

  0x00007fd9e63cc8d0: ;   {metadata('org/springframework/util/ConcurrentReferenceHashMap$Entry')}
  0x00007fd9e63cc8d0: 4181 fba8 | d71a 010f | 85ef 4400 | 004c 8bdd | 418b 6b0c | 4c8b dd4c | 8b44 2440 | 4d3b d874 
  0x00007fd9e63cc8f0: 6585 ed74 | 4348 894c | 2408 4489 | 1424 488b | f549 8bd0 | 4c89 4424 | 3890 c5f8 | 7748 b8ff 
  0x00007fd9e63cc910: ffff ffff 

  0x00007fd9e63cc914: ;   {virtual_call}
  0x00007fd9e63cc914: ffff ffe8 

  0x00007fd9e63cc918: ; ImmutableOopMap {rbp=NarrowOop [8]=Oop [16]=Oop [40]=Oop [48]=Oop [56]=Oop [64]=Oop [80]=Oop [136]=NarrowOop }
                      ;*invokevirtual equals {reexecute=0 rethrow=0 return_oop=0}
                      ; - org.springframework.util.ObjectUtils::nullSafeEquals@19 (line 343)
                      ; - org.springframework.util.ConcurrentReferenceHashMap$Segment::findInChain@43 (line 667)
                      ; - org.springframework.util.ConcurrentReferenceHashMap$Segment::getReference@51 (line 505)
                      ; - org.springframework.util.ConcurrentReferenceHashMap::getReference@14 (line 266)
                      ; - org.springframework.util.ConcurrentReferenceHashMap::get@5 (line 236)
                      ; - java.util.concurrent.ConcurrentMap::computeIfAbsent@7
                      ; - org.springframework.core.annotation.AttributeMethods::forAnnotationType@17 (line 251)
                      ; - org.springframework.core.annotation.AnnotationTypeMapping::<init>@86 (line 119)
                      ; - org.springframework.core.annotation.AnnotationTypeMappings::addIfPossible@11 (line 118)
  0x00007fd9e63cc918: 649a fbfe 

  0x00007fd9e63cc91c: ;   {other}
  0x00007fd9e63cc91c: 0f1f 8400 | 8c11 0002 | 85c0 7407 | 488b 4c24 | 08eb 2744 | 8b14 2448 | 8b4c 2408 | 4d8b 8f50 
  0x00007fd9e63cc93c: 0400 008b | 5928 4c8b 

  0x00007fd9e63cc944: ; ImmutableOopMap {r8=Oop rbx=NarrowOop [16]=Oop [40]=Oop [48]=Oop [64]=Oop [80]=Oop [136]=NarrowOop }
                      ;*goto {reexecute=1 rethrow=0 return_oop=0}
                      ; - (reexecute) org.springframework.util.ConcurrentReferenceHashMap$Segment::findInChain@61 (line 672)
                      ; - org.springframework.util.ConcurrentReferenceHashMap$Segment::getReference@51 (line 505)
                      ; - org.springframework.util.ConcurrentReferenceHashMap::getReference@14 (line 266)
                      ; - org.springframework.util.ConcurrentReferenceHashMap::get@5 (line 236)
                      ; - java.util.concurrent.ConcurrentMap::computeIfAbsent@7
                      ; - org.springframework.core.annotation.AttributeMethods::forAnnotationType@17 (line 251)
                      ; - org.springframework.core.annotation.AnnotationTypeMapping::<init>@86 (line 119)
                      ; - org.springframework.core.annotation.AnnotationTypeMappings::addIfPossible@11 (line 118)
                      ;   {poll}
  0x00007fd9e63cc944: 4424 4041 | 8501 85db | 7448 488b | cbe9 3aff | ffff 8b69 | 0c44 8b55 | 084c 8b59 

  0x00007fd9e63cc960: ;   {oop(a 'java/lang/Class'{0x00000000cdf21148} = 'java/lang/ref/SoftReference')}
  0x00007fd9e63cc960: 2049 b848 | 11f2 cd00 | 0000 004d | 8b40 704d | 3bd8 0f85 | 831e 0000 

  0x00007fd9e63cc978: ;   {metadata('org/springframework/util/ConcurrentReferenceHashMap$Entry')}
  0x00007fd9e63cc978: 4181 faa8 | d71a 010f | 8597 4400 | 004c 8bd5 | 458b 5210 | 4585 d274 | 054d 8bc2 

  0x00007fd9e63cc994: ;   {oop(a 'org/springframework/core/annotation/AttributeMethods$$Lambda+0x00007fd99d1ac298'{0x00000000ce876670})}
  0x00007fd9e63cc994: eb5f 48be | 7066 87ce | 0000 0000 | 488b 5424 | 4048 8bea 

  0x00007fd9e63cc9a8: ;   {optimized virtual_call}
  0x00007fd9e63cc9a8: c5f8 77e8 

  0x00007fd9e63cc9ac: ; ImmutableOopMap {rbp=Oop [16]=Oop [40]=Oop [48]=Oop [64]=Oop [80]=Oop [136]=NarrowOop }
                      ;*invokeinterface apply {reexecute=0 rethrow=0 return_oop=1}
                      ; - java.util.concurrent.ConcurrentMap::computeIfAbsent@19
                      ; - org.springframework.core.annotation.AttributeMethods::forAnnotationType@17 (line 251)
                      ; - org.springframework.core.annotation.AnnotationTypeMapping::<init>@86 (line 119)
                      ; - org.springframework.core.annotation.AnnotationTypeMappings::addIfPossible@11 (line 118)
  0x00007fd9e63cc9ac: f094 0700 

  0x00007fd9e63cc9b0: ;   {other}
  0x00007fd9e63cc9b0: 0f1f 8400 | 2012 0004 | 4885 c00f | 8413 3300 | 0048 8904 

  0x00007fd9e63cc9c4: ;   {oop(a 'org/springframework/util/ConcurrentReferenceHashMap'{0x00000000ce876680})}
  0x00007fd9e63cc9c4: 2448 be80 | 6687 ce00 | 0000 0048 | 8bd5 488b | c866 6690 

  0x00007fd9e63cc9d8: ;   {optimized virtual_call}
  0x00007fd9e63cc9d8: c5f8 77e8 

  0x00007fd9e63cc9dc: ; ImmutableOopMap {[0]=Oop [16]=Oop [40]=Oop [48]=Oop [64]=Oop [80]=Oop [136]=NarrowOop }
                      ;*invokeinterface putIfAbsent {reexecute=0 rethrow=0 return_oop=1}
                      ; - java.util.concurrent.ConcurrentMap::computeIfAbsent@34
                      ; - org.springframework.core.annotation.AttributeMethods::forAnnotationType@17 (line 251)
                      ; - org.springframework.core.annotation.AnnotationTypeMapping::<init>@86 (line 119)
                      ; - org.springframework.core.annotation.AnnotationTypeMappings::addIfPossible@11 (line 118)
  0x00007fd9e63cc9dc: 600d ebff 

  0x00007fd9e63cc9e0: ;   {other}
  0x00007fd9e63cc9e0: 0f1f 8400 | 5012 0005 | 4885 c00f | 8527 3700 | 004c 8b04 | 2445 8b58 

  0x00007fd9e63cc9f8: ;   {metadata('org/springframework/core/annotation/AttributeMethods')}
  0x00007fd9e63cc9f8: 0841 81fb | d07d 1a01 | 0f85 4a43 | 0000 4c8b | 5424 504d | 8bc8 4c8b | 5c24 5045 | 894b 2849 
  0x00007fd9e63cca18: c1ea 0949 | bb00 a04d | f6d9 7f00 | 0047 8824 | 134d 8b8f | b801 0000 | 4d8b d149 | 83c2 184d 
  0x00007fd9e63cca38: 3b97 c801 | 0000 0f83 | 8d26 0000 | 4d89 97b8 | 0100 0041 | 0f0d 8a00 | 0100 0049 | c701 0100 
  0x00007fd9e63cca58: ;   {metadata('org/springframework/core/annotation/AnnotationTypeMapping$MirrorSets')}
  0x00007fd9e63cca58: 0000 41c7 | 4108 80a6 | 1a01 4589 | 610c 4589 | 6110 448b | 9424 8800 | 0000 4589 | 5114 458b 
  0x00007fd9e63cca78: 5014 418b | 520c 85d2 

  0x00007fd9e63cca80: ;   {oop(a 'org/springframework/core/annotation/AnnotationTypeMapping$MirrorSets$MirrorSet'[0] {0x00000000ce883e38})}
  0x00007fd9e63cca80: 770b 41bb | 383e 88ce | e9d7 0000 | 0081 fa00 | 0004 000f | 873d 2700 | 0049 8b9f | b801 0000 
  0x00007fd9e63ccaa0: 4c63 d24a | 8d0c 9517 | 0000 004c | 8bd1 4983 | e2f8 4c8b | db4d 03da | 4d3b 9fc8 | 0100 000f 
  0x00007fd9e63ccac0: 8311 2700 | 004d 899f | b801 0000 | 410f 0d8b | 0001 0000 | 48c7 0301 | 0000 0041 | 0f0d 8b40 
  0x00007fd9e63ccae0: ;   {metadata('org/springframework/core/annotation/AnnotationTypeMapping$MirrorSets$MirrorSet'[])}
  0x00007fd9e63ccae0: 0100 00c7 | 4308 88a4 | 1a01 8953 | 0c41 0f0d | 8b80 0100 | 0048 8bfb | 4883 c710 | 48c1 e903 
  0x00007fd9e63ccb00: 4883 c1fe | 4833 c048 | 83f9 087f | 1048 ffc9 | 784f 4889 | 04cf 48ff | c97d f7eb | 44c5 fdef 
  0x00007fd9e63ccb20: c0e9 0d00 | 0000 c5fe | 7f07 c5fe | 7f47 2048 | 83c7 4048 | 83e9 087d | ed48 83c1 | 047c 0cc5 
  0x00007fd9e63ccb40: fe7f 0748 | 83c7 2048 | 83e9 0448 | 83c1 047e | 1048 ffc9 | c5f9 d607 | 4883 c708 | 48ff c97d 
  0x00007fd9e63ccb60: f34c 8bdb | 4589 5910 

  0x00007fd9e63ccb68: ;   {oop(a 'org/springframework/core/annotation/AnnotationTypeMapping$MirrorSets$MirrorSet'[0] {0x00000000ce883e38})}
  0x00007fd9e63ccb68: 41c7 410c | 383e 88ce | 4d8b d94d | 8bd1 49c1 | ea09 49b9 | 00a0 4df6 | d97f 0000 | 4788 2411 
  0x00007fd9e63ccb88: 4c8b 5424 | 5045 895a | 2c45 8b52 | 284c 8b5c | 2450 49c1 | eb09 4788 | 2419 458b | 5214 458b 
  0x00007fd9e63ccba8: 520c 4585 

  0x00007fd9e63ccbac: ;   {oop([I{0x00000000ce883e48})}
  0x00007fd9e63ccbac: d277 1041 | bb48 3e88 

  0x00007fd9e63ccbb4: ;   {oop([I{0x00000000ce883e48})}
  0x00007fd9e63ccbb4: ceb9 483e | 88ce e97e | 0100 0049 | 63ea 4181 | fa00 0004 | 000f 873f | 2600 004d | 8b9f b801 
  0x00007fd9e63ccbd4: 0000 488d | 0cad 1700 | 0000 4c8b | c949 83e1 | f849 8bdb | 4903 d949 | 3b9f c801 | 0000 0f83 
  0x00007fd9e63ccbf4: 1626 0000 | 4989 9fb8 | 0100 000f | 0d8b 0001 | 0000 49c7 | 0301 0000 | 000f 0d8b | 4001 0000 
  0x00007fd9e63ccc14: ;   {metadata({type array int})}
  0x00007fd9e63ccc14: 41c7 4308 | 0827 0000 | 4589 530c | 0f0d 8b80 | 0100 0049 | 8bfb 4883 | c710 48c1 | e903 4883 
  0x00007fd9e63ccc34: c1fe 4833 | c048 83f9 | 087f 1048 | ffc9 784f | 4889 04cf | 48ff c97d | f7eb 44c5 | fdef c0e9 
  0x00007fd9e63ccc54: 0d00 0000 | c5fe 7f07 | c5fe 7f47 | 2048 83c7 | 4048 83e9 | 087d ed48 | 83c1 047c | 0cc5 fe7f 
  0x00007fd9e63ccc74: 0748 83c7 | 2048 83e9 | 0448 83c1 | 047e 1048 | ffc9 c5f9 | d607 4883 | c708 48ff | c97d f345 
  0x00007fd9e63ccc94: 85d2 0f86 | 551b 0000 | 4585 d20f | 869b 2e00 | 0041 8bca | ffc9 413b | ca0f 838d | 2e00 0045 
  0x00007fd9e63cccb4: 8bcb 41c1 | e902 4183 | e103 bbff | ffff ff41 | 2bd9 b902 | 0000 00c4 | 62f0 f5cb | 4983 c101 
  0x00007fd9e63cccd4: 4c3b cd49 | 0f4c e98b | dd45 33c9 

  0x00007fd9e63ccce0: ;   {oop([I{0x00000000ce883e48})}
  0x00007fd9e63ccce0: b948 3e88 | ce43 c744 | 8b10 ffff | ffff 418b | d1ff c23b | d37d 0544 | 8bca ebe9 | 418d 5afd 
  0x00007fd9e63ccd00: 3bd3 0f8d | 7c2e 0000 | 41ff c10f | 1f44 0000 | c5f9 76c0 | c481 7a7f | 448b 1041 | 83c1 0444 
  0x00007fd9e63ccd20: 3bcb 7cec | 453b ca7d | 1466 6690 | 43c7 448b | 10ff ffff | ff41 ffc1 | 453b ca7c | ef4c 8b54 
  0x00007fd9e63ccd40: 2450 4589 | 5a30 458b | 5814 49c1 | ea09 49b9 | 00a0 4df6 | d97f 0000 | 4788 2411 

  0x00007fd9e63ccd5c: ; implicit exception: dispatches to 0x00007fd9e63d1020
  0x00007fd9e63ccd5c: 458b 5b0c | 4963 db48 | 8d14 9d17 | 0000 004c | 8bca 4983 | e1f8 48c1 | ea03 4883 | c2fe 4585 
  0x00007fd9e63ccd7c: db77 244c | 8b54 2450 

  0x00007fd9e63ccd84: ;   {oop([I{0x00000000ce883e48})}
  0x00007fd9e63ccd84: 41c7 4234 | 483e 88ce | 49c1 ea09 | 48bb 00a0 | 4df6 d97f | 0000 4688 | 2413 e922 | 0300 0041 
  0x00007fd9e63ccda4: 81fb 0000 | 0400 0f87 | 9a24 0000 | 4d8b 97b8 | 0100 0049 | 8bca 4903 | c949 3b8f | c801 0000 
  0x00007fd9e63ccdc4: 0f83 8024 | 0000 4989 | 8fb8 0100 | 0049 8bfa | 4883 c710 | 49c7 0201 | 0000 000f | 0d89 0001 
  0x00007fd9e63ccde4: ;   {metadata({type array int})}
  0x00007fd9e63ccde4: 0000 41c7 | 4208 0827 | 0000 4589 | 5a0c 0f0d | 8940 0100 | 000f 0d89 | 8001 0000 | 488b ca48 
  0x00007fd9e63cce04: 33c0 4883 | f908 7f10 | 48ff c978 | 4f48 8904 | cf48 ffc9 | 7df7 eb44 | c5fd efc0 | e90d 0000 
  0x00007fd9e63cce24: 00c5 fe7f | 07c5 fe7f | 4720 4883 | c740 4883 | e908 7ded | 4883 c104 | 7c0c c5fe | 7f07 4883 
  0x00007fd9e63cce44: c720 4883 | e904 4883 | c104 7e10 | 48ff c9c5 | f9d6 0748 | 83c7 0848 | ffc9 7df3 | 418d 6bfd 
  0x00007fd9e63cce64: 418b cbff | c945 85db | 0f86 ae00 | 0000 4585 | db0f 8611 | 2d00 0041 | 3bcb 0f83 | 082d 0000 
  0x00007fd9e63cce84: 488b c241 | 8bfb 4d8b | d845 8bc2 | 498b f241 | c1e8 0241 | 83e0 0341 | baff ffff | ff45 2bd0 
  0x00007fd9e63ccea4: ba02 0000 | 00c4 42e8 | f5d2 4983 | c201 4c3b | d34c 8bc3 | 4d0f 4cc2 | 458b d033 | d2c7 4496 
  0x00007fd9e63ccec4: 10ff ffff | ff44 8bc2 | 41ff c045 | 3bc2 7d05 | 418b d0eb | e844 3bc5 | 0f8d ee2c | 0000 ffc2 
  0x00007fd9e63ccee4: ;   {no_reloc}
  0x00007fd9e63ccee4: 0f1f 8400 | 0000 0000 | 6666 6690 | 4c8b d6c5 | f976 c0c5 | fa7f 4496 | 1083 c204 | 3bd5 7cec 
  0x00007fd9e63ccf04: 3bd7 7d0f | 41c7 4492 | 10ff ffff | ffff c23b | d77c f14d | 8bc3 448b | df48 8bd0 | 488b 7c24 
  0x00007fd9e63ccf24: 5044 8957 | 344c 8bd7 | 49c1 ea09 | 48bf 00a0 | 4df6 d97f | 0000 4688 | 2417 4181 | fb00 0004 
  0x00007fd9e63ccf44: 000f 8756 | 2300 004d | 8baf b801 | 0000 4d8b | d54d 03d1 | 4d3b 97c8 | 0100 000f | 833c 2300 
  0x00007fd9e63ccf64: 0089 4c24 | 684c 894c | 2460 4889 | 5c24 584d | 8997 b801 | 0000 410f | 0d8a 0001 | 0000 49c7 
  0x00007fd9e63ccf84: 4500 0100 | 0000 410f | 0d8a 4001 

  0x00007fd9e63ccf90: ;   {metadata({type array int})}
  0x00007fd9e63ccf90: 0000 41c7 | 4508 0827 | 0000 4589 | 5d0c 410f | 0d8a 8001 | 0000 498b | fd48 83c7 | 1048 8bca 
  0x00007fd9e63ccfb0: 4833 c048 | 83f9 087f | 1048 ffc9 | 784f 4889 | 04cf 48ff | c97d f7eb | 44c5 fdef | c0e9 0d00 
  0x00007fd9e63ccfd0: 0000 c5fe | 7f07 c5fe | 7f47 2048 | 83c7 4048 | 83e9 087d | ed48 83c1 | 047c 0cc5 | fe7f 0748 
  0x00007fd9e63ccff0: 83c7 2048 | 83e9 0448 | 83c1 047e | 1048 ffc9 | c5f9 d607 | 4883 c708 | 48ff c97d | f345 85db 
  0x00007fd9e63cd010: 0f86 a700 | 0000 4585 | db0f 86bc | 2b00 0044 | 8b4c 2468 | 453b cb0f | 83ae 2b00 | 0045 8bd5 
  0x00007fd9e63cd030: 41c1 ea02 | 4183 e203 | b9ff ffff | ff41 2bca | 41ba 0200 | 0000 c462 | a8f5 d149 | 83c2 014c 
  0x00007fd9e63cd050: 3b54 2458 | 4c8b 4c24 | 584d 0f4c | ca41 8bc9 | 4533 d243 | c744 9510 | ffff ffff | 458b ca41 
  0x00007fd9e63cd070: ffc1 443b | c97d 0545 | 8bd1 ebe7 | 443b cd0f | 8d97 2b00 | 0041 ffc2 | 0f1f 8400 | 0000 0000 
  0x00007fd9e63cd090: ;   {no_reloc}
  0x00007fd9e63cd090: c5f9 76c0 | c481 7a7f | 4495 1041 | 83c2 0444 | 3bd5 7cec | 453b d37d | 1466 6690 | 43c7 4495 
  0x00007fd9e63cd0b0: 10ff ffff | ff41 ffc2 | 453b d37c | ef49 8bcd | 4c8b 4c24 | 604c 8b54 | 2450 4189 | 4a38 49c1 
  0x00007fd9e63cd0d0: ea09 48b9 | 00a0 4df6 | d97f 0000 | 4688 2411 | 4181 fb00 | 0004 000f | 8739 2000 | 0049 8b9f 
  0x00007fd9e63cd0f0: b801 0000 | 4c8b d34d | 03d1 4d3b | 97c8 0100 | 000f 831f | 2000 004d | 8997 b801 | 0000 410f 
  0x00007fd9e63cd110: 0d8a 0001 | 0000 48c7 | 0301 0000 | 0041 0f0d | 8a40 0100 

  0x00007fd9e63cd124: ;   {metadata('org/springframework/core/annotation/AnnotationTypeMapping'[])}
  0x00007fd9e63cd124: 00c7 4308 | b8a8 1a01 | 4489 5b0c | 410f 0d8a | 8001 0000 | 488b fb48 | 83c7 1048 | 8bca 4833 
  0x00007fd9e63cd144: c048 83f9 | 087f 1048 | ffc9 784f | 4889 04cf | 48ff c97d | f7eb 44c5 | fdef c0e9 | 0d00 0000 
  0x00007fd9e63cd164: c5fe 7f07 | c5fe 7f47 | 2048 83c7 | 4048 83e9 | 087d ed48 | 83c1 047c | 0cc5 fe7f | 0748 83c7 
  0x00007fd9e63cd184: 2048 83e9 | 0448 83c1 | 047e 1048 | ffc9 c5f9 | d607 4883 | c708 48ff | c97d f34c | 8b54 2450 
  0x00007fd9e63cd1a4: 4c8b cb4c | 8b5c 2450 | 4589 4b3c | 49c1 ea09 | 49bb 00a0 | 4df6 d97f | 0000 4788 | 2413 498b 
  0x00007fd9e63cd1c4: 87b8 0100 | 004c 8bd0 | 4983 c230 | 4d3b 97c8 | 0100 000f | 8320 1f00 | 004d 8997 | b801 0000 
  0x00007fd9e63cd1e4: 410f 0d8a | 0001 0000 | 48c7 0001 

  0x00007fd9e63cd1f0: ;   {metadata('java/util/HashMap')}
  0x00007fd9e63cd1f0: 0000 00c7 | 4008 90cf | 0800 4489 | 600c 4c89 | 6010 4c89 | 6018 4c89 | 6028 48c7 | 4020 0000 
  0x00007fd9e63cd210: 403f 4c8b | c84c 8b54 | 2450 458b | 5228 458b | 5a14 458b | 530c 4585 | d20f 868c | 0000 0045 
  0x00007fd9e63cd230: 33d2 418b | 6814 448b | 5d0c 453b | d30f 83cd | 2700 004c | 894c 2448 | 468b 5c95 | 1044 8954 
  0x00007fd9e63cd250: 2458 4d8b | d34c 8914 | 2444 895c | 245c 498b | f233 d290 

  0x00007fd9e63cd264: ;   {static_call}
  0x00007fd9e63cd264: c5f8 77e8 

  0x00007fd9e63cd268: ; ImmutableOopMap {[0]=Oop [16]=Oop [40]=Oop [48]=Oop [64]=Oop [72]=Oop [80]=Oop [92]=NarrowOop [136]=NarrowOop }
                      ;*invokestatic getDeclaredAnnotations {reexecute=0 rethrow=0 return_oop=1}
                      ; - org.springframework.core.annotation.AnnotationsScanner::getDeclaredAnnotation@2 (line 430)
                      ; - org.springframework.core.annotation.AnnotationTypeMapping::resolveAliasedForTargets@33 (line 147)
                      ; - org.springframework.core.annotation.AnnotationTypeMapping::<init>@162 (line 125)
                      ; - org.springframework.core.annotation.AnnotationTypeMappings::addIfPossible@11 (line 118)
  0x00007fd9e63cd268: 7438 6fff 

  0x00007fd9e63cd26c: ;   {other}
  0x00007fd9e63cd26c: 0f1f 8400 | dc1a 0006 

  0x00007fd9e63cd274: ; implicit exception: dispatches to 0x00007fd9e63d1248
  0x00007fd9e63cd274: 448b 500c | 4585 d20f | 8755 1400 | 004d 8b8f | 5004 0000 | 4c8b 5424 | 5041 8b5a | 2844 8b54 
  0x00007fd9e63cd294: 2458 41ff 

  0x00007fd9e63cd298: ; ImmutableOopMap {rbx=NarrowOop [16]=Oop [40]=Oop [48]=Oop [64]=Oop [72]=Oop [80]=Oop [136]=NarrowOop }
                      ;*goto {reexecute=1 rethrow=0 return_oop=0}
                      ; - (reexecute) org.springframework.core.annotation.AnnotationTypeMapping::resolveAliasedForTargets@81 (line 145)
                      ; - org.springframework.core.annotation.AnnotationTypeMapping::<init>@162 (line 125)
                      ; - org.springframework.core.annotation.AnnotationTypeMappings::addIfPossible@11 (line 118)
                      ;   {poll}
  0x00007fd9e63cd298: c241 8501 

  0x00007fd9e63cd29c: ; implicit exception: dispatches to 0x00007fd9e63d126c
  0x00007fd9e63cd29c: 448b 5b14 

  0x00007fd9e63cd2a0: ; implicit exception: dispatches to 0x00007fd9e63d1290
  0x00007fd9e63cd2a0: 458b 430c | 453b d07d | 0d4c 8bc3 | 4c8b 4c24 | 48e9 7cff | ffff 4c8b | 4c24 4849 | 8b87 b801 
  0x00007fd9e63cd2c0: 0000 4c8b | d049 83c2 | 204d 3b97 | c801 0000 | 0f83 7f1e | 0000 4d89 | 97b8 0100 | 0041 0f0d 
  0x00007fd9e63cd2e0: 8a00 0100 | 0048 c700 | 0100 0000 

  0x00007fd9e63cd2ec: ;   {metadata('java/util/Collections$UnmodifiableMap')}
  0x00007fd9e63cd2ec: c740 0818 | 8e1c 0044 | 8960 0c4c | 8960 104c | 8960 184d | 8bd9 4489 | 580c 4c8b | d84c 8b54 
  0x00007fd9e63cd30c: 2450 4589 | 5a40 49c1 | ea09 49bb | 00a0 4df6 | d97f 0000 | 4788 2413 | 498b 87b8 | 0100 004c 
  0x00007fd9e63cd32c: 8bd0 4983 | c218 4d3b | 97c8 0100 | 000f 833f | 1e00 004d | 8997 b801 | 0000 410f | 0d8a 0001 
  0x00007fd9e63cd34c: 0000 48c7 | 0001 0000 

  0x00007fd9e63cd354: ;   {metadata('java/util/ArrayList')}
  0x00007fd9e63cd354: 00c7 4008 | c8ad 0b00 | 4489 600c | 4489 6010 | 4c8b 5424 | 5045 8b52 

  0x00007fd9e63cd36c: ;   {oop(a 'java/lang/Object'[0] {0x00000000ce2500e0})}
  0x00007fd9e63cd36c: 28c7 4014 | e000 25ce | 4c8b c045 | 8b5a 1445 | 8b4b 0c45 | 85c9 0f87 | 2a10 0000 | 4c8b 5c24 
  0x00007fd9e63cd38c: 5045 8b5b 

  0x00007fd9e63cd390: ;   {oop([B{0x00000000cdeb8078})}
  0x00007fd9e63cd390: 0c49 b878 | 80eb cd00 

  0x00007fd9e63cd398: ;   {oop([B{0x00000000cdeb8078})}
  0x00007fd9e63cd398: 0000 0049 | be78 80eb | cd00 0000 | 0049 83c6 | 1045 85db | 0f84 5f07 | 0000 4c8b | 5c24 5041 
  0x00007fd9e63cd3b8: 8b53 1844 | 8b5a 284c | 8b44 2450 | 458b 4034 

  0x00007fd9e63cd3c8: ; implicit exception: dispatches to 0x00007fd9e63d155c
  0x00007fd9e63cd3c8: 458b 680c | 4585 ed0f | 862e 0400 | 0045 8b52 | 1441 8b4a | 0c85 c90f | 8637 2e00 | 0041 8bdd 
  0x00007fd9e63cd3e8: ffcb 3bd9 | 0f83 2a2e | 0000 458b | 4b14 418b | 590c 4489 | 2c24 c4c1 | 796e c0c4 | c179 6ecb 
  0x00007fd9e63cd408: 448b eb89 | 5c24 3841 | ffcd 4533 | c0e9 4201 | 0000 c4c1 | 796e e8eb | 05c4 c179 | 6ee8 41b8 
  0x00007fd9e63cd428: ffff ffff | c4c1 796e | e0c4 c179 

  0x00007fd9e63cd434: ;   {oop("value"{0x00000000cdeb8060})}
  0x00007fd9e63cd434: 7ed3 4181 | fb60 80eb | cd0f 8461 | 2a00 0045 | 85db 0f84 | ec00 0000 | 410f be6b | 1085 ed0f 
  0x00007fd9e63cd454: 8587 2e00 | 0045 8b43 | 1445 8b58 | 0c41 83fb | 050f 85cd | 0000 004d | 8bd8 498d | 7010 498b 
  0x00007fd9e63cd474: feb9 0500 | 0000 85c9 | 0f84 9d00 | 0000 8bc1 | 83e0 1f83 | e1e0 0f84 | 4b00 0000 | 488d 3c0f 
  0x00007fd9e63cd494: 488d 340e | 48f7 d9c5 | fe6f 340f | c5fe 6f1c | 0ec5 cdef | f3c4 e27d | 17f6 0f85 | 7200 0000 
  0x00007fd9e63cd4b4: 4883 c120 | 75e1 85c0 | 0f84 5d00 | 0000 c5fe | 6f74 07e0 | c5fe 6f5c | 06e0 c5cd | eff3 c4e2 
  0x00007fd9e63cd4d4: 7d17 f675 | 4deb 448b | c883 e1fc | 7419 488d | 3c0f 488d | 340e 48f7 | d98b 1c0f | 3b1c 0e75 
  0x00007fd9e63cd4f4: 3148 83c1 | 0475 f2a8 | 0274 120f | b71f 0fb7 | 0e3b d975 | 1d48 8d7f | 0248 8d76 | 02a8 0174 
  0x00007fd9e63cd514: 0a0f b61f | 0fb6 0e3b | d975 07b8 | 0100 0000 | eb02 33c0 | c5cd eff6 | c5e5 efdb | 85c0 0f85 
  0x00007fd9e63cd534: ;   {no_reloc}
  0x00007fd9e63cd534: 6c29 0000 | c4c1 797e | e041 83f8 | ff0f 8539 | 2e00 00c4 | c179 7eeb | 41ff c344 | 3b1c 240f 
  0x00007fd9e63cd554: 8daa 0200 | 0045 8bc3 | 438b 4c82 | 108b 4928 | c5f9 6ed1 | 8b4c 2438 | 85c9 0f86 | a6fe ffff 
  0x00007fd9e63cd574: 443b e90f | 832f 2b00 | 00c4 c179 | 7ed3 4585 | db0f 84f2 | 1400 0041 | 8b49 108b | 5928 440f 
  0x00007fd9e63cd594: be5b 1041 | 8bfb c5f9 | 7ed1 3bd9 | 7512 4533 | dbc4 c179 | 6ee8 c4c1 | 796e e3e9 | 7dfe ffff 
  0x00007fd9e63cd5b4: 440f be59 | 1044 895c | 243c 448b | df44 3b5c | 243c 0f85 | 3f31 0000 | 8b5b 1444 | 8b59 148b 
  0x00007fd9e63cd5d4: 4b0c 418b | 6b0c 498b | fb4d 8d5b | 10c4 c1f9 | 6edb 3bcd | 0f85 d800 | 0000 4c8b | db48 8d7b 
  0x00007fd9e63cd5f4: 10c4 e1f9 | 7ede 85c9 | 0f84 9d00 | 0000 8bc1 | 83e0 1f83 | e1e0 0f84 | 4b00 0000 | 488d 3c0f 
  0x00007fd9e63cd614: 488d 340e | 48f7 d9c5 | fe6f 240f | c5fe 6f2c | 0ec5 ddef | e5c4 e27d | 17e4 0f85 | 7200 0000 
  0x00007fd9e63cd634: ;   {no_reloc}
  0x00007fd9e63cd634: 4883 c120 | 75e1 85c0 | 0f84 5d00 | 0000 c5fe | 6f64 07e0 | c5fe 6f6c | 06e0 c5dd | efe5 c4e2 
  0x00007fd9e63cd654: 7d17 e475 | 4deb 448b | c883 e1fc | 7419 488d | 3c0f 488d | 340e 48f7 | d98b 1c0f | 3b1c 0e75 
  0x00007fd9e63cd674: 3148 83c1 | 0475 f2a8 | 0274 120f | b71f 0fb7 | 0e3b d975 | 1d48 8d7f | 0248 8d76 | 02a8 0174 
  0x00007fd9e63cd694: 0a0f b61f | 0fb6 0e3b | d975 07b8 | 0100 0000 | eb02 33c0 | c5dd efe4 | c5d5 efed | 85c0 7412 
  0x00007fd9e63cd6b4: 4533 dbc4 | c179 6ee8 | c4c1 796e | e3e9 6bfd | ffff 41bb | 0100 0000 | 443b 5c24 | 380f 8d4a 
  0x00007fd9e63cd6d4: fdff ffc4 | c179 6ee8 | 0f1f 4000 | 438b 4c99 | 108b 5928 

  0x00007fd9e63cd6e8: ; implicit exception: dispatches to 0x00007fd9e63d0964
  0x00007fd9e63cd6e8: 440f be43 | 1041 8bf8 | c4c1 797e | d041 3bd8 | 750a c4c1 | 796e e3e9 | 2dfd ffff | 448b c744 
  0x00007fd9e63cd708: 3b44 243c | 0f85 fe2f | 0000 8b5b | 148b 4b0c | 3bcd 0f85 | d000 0000 | 4c8b c348 | 8d7b 10c4 
  0x00007fd9e63cd728: e1f9 7ede | 85c9 0f84 

  0x00007fd9e63cd730: ;   {no_reloc}
  0x00007fd9e63cd730: 9d00 0000 | 8bc1 83e0 | 1f83 e1e0 | 0f84 4b00 | 0000 488d | 3c0f 488d | 340e 48f7 | d9c5 fe6f 
  0x00007fd9e63cd750: 340f c5fe | 6f24 0ec5 | cdef f4c4 | e27d 17f6 | 0f85 7200 | 0000 4883 | c120 75e1 | 85c0 0f84 
  0x00007fd9e63cd770: 5d00 0000 | c5fe 6f74 | 07e0 c5fe | 6f64 06e0 | c5cd eff4 | c4e2 7d17 | f675 4deb | 448b c883 
  0x00007fd9e63cd790: e1fc 7419 | 488d 3c0f | 488d 340e | 48f7 d98b | 1c0f 3b1c | 0e75 3148 | 83c1 0475 | f2a8 0274 
  0x00007fd9e63cd7b0: 120f b71f | 0fb7 0e3b | d975 1d48 | 8d7f 0248 | 8d76 02a8 | 0174 0a0f | b61f 0fb6 | 0e3b d975 
  0x00007fd9e63cd7d0: 07b8 0100 | 0000 eb02 | 33c0 c5cd | eff6 c5dd | efe4 85c0 | 740a c4c1 | 796e e3e9 | 41fc ffff 
  0x00007fd9e63cd7f0: 41ff c344 | 3b5c 2438 | 0f8c e2fe | ffff e923 | fcff ff44 | 8b5a 1c45 | 8b53 2c45 | 85d2 0f84 
  0x00007fd9e63cd810: 0412 0000 | 4c89 5424 | 584c 8b54 | 2450 458b | 5a1c 458b | 532c 4585 | d20f 841c | 1200 004c 
  0x00007fd9e63cd830: ;   {no_reloc}
  0x00007fd9e63cd830: 8b6c 2458 

  0x00007fd9e63cd834: ; implicit exception: dispatches to 0x00007fd9e63d15bc
  0x00007fd9e63cd834: 458b 5d14 

  0x00007fd9e63cd838: ; implicit exception: dispatches to 0x00007fd9e63d1610
  0x00007fd9e63cd838: 418b 4a14 

  0x00007fd9e63cd83c: ; implicit exception: dispatches to 0x00007fd9e63d1640
  0x00007fd9e63cd83c: 448b 490c | 410f be72 | 10c4 424a | f7c1 4963 | f84c 8d47 | 0183 fe01 | 0f84 e714 | 0000 418b 
  0x00007fd9e63cd85c: e885 ed0f | 8cf7 2900 | 0041 8b6b | 0c45 0fbe | 5d10 c4e2 | 22f7 ed48 | 63dd 4903 | d841 83fb 
  0x00007fd9e63cd87c: 010f 84d0 | 1400 008b | eb85 ed0f | 8c1b 2a00 | 004c 8bdb | 49c1 fb20 | 458b db45 | 0fbe dbc4 
  0x00007fd9e63cd89c: e221 f7ed | 85ed 0f8c | 882a 0000 | 81fd 0000 | 1000 0f87 | 3026 0000 | 4c63 dd81 | fd00 0010 
  0x00007fd9e63cd8bc: 000f 8730 | 1a00 0049 | 8b87 b801 | 0000 4983 | c317 4983 | e3f8 4c8b | c04d 03c3 | 4d3b 87c8 
  0x00007fd9e63cd8dc: 0100 000f | 830e 1a00 | 004d 8987 | b801 0000 | 410f 0d88 | 0001 0000 | 48c7 0001 | 0000 0041 
  0x00007fd9e63cd8fc: 0f0d 8840 

  0x00007fd9e63cd900: ;   {metadata({type array byte})}
  0x00007fd9e63cd900: 0100 00c7 | 4008 1823 | 0000 8968 | 0c41 0f0d | 8880 0100 | 004c 8bc0 | 482b df8b | fb49 bb00 
  0x00007fd9e63cd920: 0000 0001 | 0000 0049 | 3bdb 0f8d | ea12 0000 | 4c8b d148 | 8d41 1085 | f60f 8526 | 1400 0085 
  0x00007fd9e63cd940: ff0f 8c25 | 2600 0046 | 8d1c 0f41 | 3beb 0f82 | 1826 0000 | 4585 c976 | 2b49 8d74 | 3810 4c89 
  0x00007fd9e63cd960: 0424 4963 | d148 8bf8 | c5f8 7749 | ba80 ef36 | e5d9 7f00 | 0041 ffd2 

  0x00007fd9e63cd978: ;   {other}
  0x00007fd9e63cd978: 0f1f 8400 | 0000 0000 | 4c8b 0424 | 4c8b db49 | ffcb 458b | d349 b900 | 0000 0001 | 0000 004d 
  0x00007fd9e63cd998: 3bd9 0f8d | d912 0000 | 4585 d20f | 8c5f 2500 | 0045 8bca | 41ff c141 | 3be9 0f82 | 5025 0000 
  0x00007fd9e63cd9b8: 43c6 4410 | 102d 458b | 5514 458b | 4a0c 450f | be5d 10c4 | c222 f7f9 | 4863 cf48 | 2bd9 48ff 
  0x00007fd9e63cd9d8: cb8b cb48 | bf00 0000 | 0001 0000 | 0048 3bdf | 0f8d fb12 | 0000 498b | fa49 8d42 | 1045 85db 
  0x00007fd9e63cd9f8: 0f85 3014 | 0000 85c9 | 0f8c d225 | 0000 468d | 1c09 413b | eb0f 82c5 | 2500 0045 | 85c9 7629 
  0x00007fd9e63cda18: 498d 7408 | 1049 8be8 | 4963 d148 | 8bf8 c5f8 | 7749 ba80 | ef36 e5d9 | 7f00 0041 

  0x00007fd9e63cda34: ;   {other}
  0x00007fd9e63cda34: ffd2 0f1f | 8400 0000 | 0000 4c8b | c54d 8bd0 | 4489 5424 | 0c48 85db | 0f85 8310 | 0000 498b 
  0x00007fd9e63cda54: 97b8 0100 | 004c 8bd2 | 4983 c218 | 4d3b 97c8 | 0100 000f | 8306 1900 | 004d 8997 | b801 0000 
  0x00007fd9e63cda74: 410f 0d8a | 0001 0000 | 48c7 0201 

  0x00007fd9e63cda80: ;   {metadata('java/lang/String')}
  0x00007fd9e63cda80: 0000 00c7 | 4208 78e8 | 0000 4489 | 620c 4c89 | 6210 448b | 5c24 0c44 

  0x00007fd9e63cda98: ;   {oop(a 'java/util/concurrent/ConcurrentHashMap$KeySetView'{0x00000000ce883e20})}
  0x00007fd9e63cda98: 895a 1449 | ba20 3e88 | ce00 0000 | 0041 8b6a | 1085 ed0f | 8427 2900 | 0045 8b5a | 0c45 85db 
  0x00007fd9e63cdab8: 0f84 2e24 | 0000 4c89 | 6c24 384c | 8934 2448 | 8bcd 498b | f341 b801 

  0x00007fd9e63cdad0: ;   {oop([B{0x00000000cdeb8078})}
  0x00007fd9e63cdad0: 0000 0048 | bd78 80eb | cd00 0000 | 0066 6690 

  0x00007fd9e63cdae0: ;   {optimized virtual_call}
  0x00007fd9e63cdae0: c5f8 77e8 

  0x00007fd9e63cdae4: ; ImmutableOopMap {rbp=Oop [0]=Derived_oop_rbp [16]=Oop [40]=Oop [48]=Oop [56]=Oop [64]=Oop [80]=Oop [136]=NarrowOop }
                      ;*invokevirtual putVal {reexecute=0 rethrow=0 return_oop=1}
                      ; - java.util.concurrent.ConcurrentHashMap$KeySetView::add@24
                      ; - org.springframework.core.annotation.AnnotationTypeMapping::addConventionMappings@187 (line 320)
                      ; - org.springframework.core.annotation.AnnotationTypeMapping::<init>@173 (line 127)
                      ; - org.springframework.core.annotation.AnnotationTypeMappings::addIfPossible@11 (line 118)
  0x00007fd9e63cdae4: 9885 fbfe 

  0x00007fd9e63cdae8: ;   {other}
  0x00007fd9e63cdae8: 0f1f 8400 | 5823 0008 | 4885 c00f | 840f 2900 | 004c 8b54 | 2450 458b | 5228 4585 | d20f 8415 
  0x00007fd9e63cdb08: 2000 004c | 8b34 24eb | 0945 85d2 | 0f84 0620 | 0000 458b | 5214 458b | 5a0c 4585 | db0f 868e 
  0x00007fd9e63cdb28: 0400 0045 | 8bc3 41ff | c845 3bc3 | 0f83 ea20 | 0000 33d2 | 458b 4492 | 1045 8b48 

  0x00007fd9e63cdb44: ;   {oop("value"{0x00000000cdeb8060})}
  0x00007fd9e63cdb44: 2841 81f9 | 6080 ebcd | 750a bf01 | 0000 00e9 | f800 0000 | 4585 c90f | 84e6 0000 | 0041 0fbe 
  0x00007fd9e63cdb64: 6910 85ed | 0f85 da24 | 0000 418b | 4914 8b79 | 0c83 ff05 | 0f85 c900 | 0000 488b | d948 8d71 
  0x00007fd9e63cdb84: 1049 8bfe | b905 0000 | 0085 c90f | 849d 0000 | 008b c183 | e01f 83e1 | e00f 844b | 0000 0048 
  0x00007fd9e63cdba4: 8d3c 0f48 | 8d34 0e48 | f7d9 c5fe | 6f04 0fc5 | fe6f 0c0e | c5fd efc1 | c4e2 7d17 | c00f 8572 
  0x00007fd9e63cdbc4: 0000 0048 | 83c1 2075 | e185 c00f | 845d 0000 | 00c5 fe6f | 4407 e0c5 | fe6f 4c06 | e0c5 fdef 
  0x00007fd9e63cdbe4: c1c4 e27d | 17c0 754d | eb44 8bc8 | 83e1 fc74 | 1948 8d3c | 0f48 8d34 | 0e48 f7d9 | 8b1c 0f3b 
  0x00007fd9e63cdc04: 1c0e 7531 | 4883 c104 | 75f2 a802 | 7412 0fb7 | 1f0f b70e | 3bd9 751d | 488d 7f02 | 488d 7602 
  0x00007fd9e63cdc24: a801 740a | 0fb6 1f0f | b60e 3bd9 | 7507 b801 | 0000 00eb | 0233 c0c5 | fdef c0c5 | f5ef c985 
  0x00007fd9e63cdc44: ;   {no_reloc}
  0x00007fd9e63cdc44: c075 0433 | ffeb 05bf | 0100 0000 | 4c8b 6c24 | 50e9 ad00 | 0000 4533 | db45 8bc3 | eb06 4533 
  0x00007fd9e63cdc64: db45 8bc3 | 4c8b 5c24 | 5045 8b5b | 3841 8b4b | 0cc5 f97e | cf3b f90f | 8313 2100 | 0041 8b6c 
  0x00007fd9e63cdc84: bb10 83fd | ff0f 852d | 2500 0045 | 8944 bb10 | 4c8b 5c24 | 5041 8b6b | 3c44 8b45 | 0c41 3bf8 
  0x00007fd9e63cdca4: 0f83 5a21 | 0000 4c8b | dd4c 8d5c | bd10 4d8b | c545 8903 | 49c1 eb09 | 49b8 00a0 | 4df6 d97f 
  0x00007fd9e63cdcc4: 0000 4788 | 2418 4d8b | 9f50 0400 | 0041 8b6d | 14c4 c179 

  0x00007fd9e63cdcd8: ;   {oop([B{0x00000000cdeb8078})}
  0x00007fd9e63cdcd8: 7ed0 48b9 | 7880 ebcd 

  0x00007fd9e63cdce0: ; ImmutableOopMap {r10=NarrowOop r8=Oop rcx=Oop r14=Derived_oop_rcx rbp=NarrowOop xmm0=NarrowOop xmm2=NarrowOop [16]=Oop [40]=Oop [48]=Oop [64]=Oop [80]=Oop [136]=NarrowOop }
                      ;*goto {reexecute=1 rethrow=0 return_oop=0}
                      ; - (reexecute) org.springframework.core.annotation.AnnotationTypeMapping::addConventionAnnotationValues@103 (line 364)
                      ; - org.springframework.core.annotation.AnnotationTypeMapping::<init>@177 (line 128)
                      ; - org.springframework.core.annotation.AnnotationTypeMappings::addIfPossible@11 (line 118)
  0x00007fd9e63cdce0: 0000 0000 

  0x00007fd9e63cdce4: ;   {poll}
  0x00007fd9e63cdce4: 4185 0385 | ed0f 848d | 2300 004c | 8bed 458b | d9c5 f97e | cac4 c179 | 7ed0 c4c1 | 797e c1c5 
  0x00007fd9e63cdd04: f97e e741 | 8b5d 0c85 | db0f 8e9b | 0200 00c5 | f96e e7c4 | c179 6ec1 | c4c1 796e | d0c5 f96e 
  0x00007fd9e63cdd24: ca45 8bcb | 458b 5d28 | c4c1 796e | db41 8b53 | 1444 8b42 | 0c44 8944 | 2438 4585 | c076 8741 
  0x00007fd9e63cdd44: ffc8 443b | 4424 380f | 83eb 1f00 | 00c4 c179 | 7ec3 4585 | db0f 84dc | 0b00 0044 | 8b5a 1045 
  0x00007fd9e63cdd64: 8b43 2845 | 0fbe 5810 | 418b c3c4 | c179 7ec3 | 453b c30f | 84dd feff | ff45 0fbe | 5b10 4489 
  0x00007fd9e63cdd84: 5c24 3c44 | 8bd8 443b | 5c24 3c0f | 8528 2700 | 0045 8b58 | 14c4 c179 | 7ec0 418b | 7814 418b 
  0x00007fd9e63cdda4: 4b0c 448b | 470c 488b | df48 8d6f | 1041 3bc8 | 0f85 c800 | 0000 498b | db49 8d7b | 1048 8bf5 
  0x00007fd9e63cddc4: 85c9 0f84 | 9d00 0000 | 8bc1 83e0 | 1f83 e1e0 | 0f84 4b00 | 0000 488d | 3c0f 488d 

  0x00007fd9e63cdde0: ;   {no_reloc}
  0x00007fd9e63cdde0: 340e 48f7 | d9c5 fe6f | 2c0f c5fe | 6f34 0ec5 | d5ef eec4 | e27d 17ed | 0f85 7200 | 0000 4883 
  0x00007fd9e63cde00: c120 75e1 | 85c0 0f84 | 5d00 0000 | c5fe 6f6c | 07e0 c5fe | 6f74 06e0 | c5d5 efee | c4e2 7d17 
  0x00007fd9e63cde20: ed75 4deb | 448b c883 | e1fc 7419 | 488d 3c0f | 488d 340e | 48f7 d98b | 1c0f 3b1c | 0e75 3148 
  0x00007fd9e63cde40: 83c1 0475 | f2a8 0274 | 120f b71f | 0fb7 0e3b | d975 1d48 | 8d7f 0248 | 8d76 02a8 | 0174 0a0f 
  0x00007fd9e63cde60: b61f 0fb6 | 0e3b d975 | 07b8 0100 | 0000 eb02 | 33c0 c5d5 | efed c5cd | eff6 85c0 | 0f85 e0fd 
  0x00007fd9e63cde80: ffff 41bb | 0100 0000 | 443b 5c24 | 380f 8d37 | feff ff66 | 0f1f 8400 | 0000 0000 | 6666 6690 
  0x00007fd9e63cdea0: 428b 5c9a | 108b 7b28 

  0x00007fd9e63cdea8: ; implicit exception: dispatches to 0x00007fd9e63d093c
  0x00007fd9e63cdea8: 0fbe 4f10 | 8bc1 c5f9 | 7ec3 3bfb | 0f84 a3fd | ffff 3b4c | 243c 0f85 | fc25 0000 | 8b5f 148b 
  0x00007fd9e63cdec8: 4b0c 413b | c80f 85c8 | 0000 0048 | 8bfb 488d | 7b10 488b | f585 c90f 

  0x00007fd9e63cdee0: ;   {no_reloc}
  0x00007fd9e63cdee0: 849d 0000 | 008b c183 | e01f 83e1 | e00f 844b | 0000 0048 | 8d3c 0f48 | 8d34 0e48 | f7d9 c5fe 
  0x00007fd9e63cdf00: 6f2c 0fc5 | fe6f 340e | c5d5 efee | c4e2 7d17 | ed0f 8572 | 0000 0048 | 83c1 2075 | e185 c00f 
  0x00007fd9e63cdf20: 845d 0000 | 00c5 fe6f | 6c07 e0c5 | fe6f 7406 | e0c5 d5ef | eec4 e27d | 17ed 754d | eb44 8bc8 
  0x00007fd9e63cdf40: 83e1 fc74 | 1948 8d3c | 0f48 8d34 | 0e48 f7d9 | 8b1c 0f3b | 1c0e 7531 | 4883 c104 | 75f2 a802 
  0x00007fd9e63cdf60: 7412 0fb7 | 1f0f b70e | 3bd9 751d | 488d 7f02 | 488d 7602 | a801 740a | 0fb6 1f0f | b60e 3bd9 
  0x00007fd9e63cdf80: 7507 b801 | 0000 00eb | 0233 c0c5 | d5ef edc5 | cdef f685 | c00f 85ca | fcff ff41 | ffc3 443b 
  0x00007fd9e63cdfa0: 5c24 380f | 8cf7 feff | ffe9 1cfd | ffff ffc2 | 413b d30f | 8c83 fbff | ff4c 8b54 | 2450 418b 
  0x00007fd9e63cdfc0: 6a1c 4c8b | 4424 3045 

  0x00007fd9e63cdfc8: ;   {metadata('java/util/HashSet')}
  0x00007fd9e63cdfc8: 8b58 0841 | 81fb 50cc | 0d00 0f85 | 2c19 0000 | 4c89 4424 | 3048 8bd5 | 498b f090 

  0x00007fd9e63cdfe4: ;   {optimized virtual_call}
  0x00007fd9e63cdfe4: c5f8 77e8 

  0x00007fd9e63cdfe8: ; ImmutableOopMap {[16]=Oop [40]=Oop [48]=Oop [64]=Oop [80]=Oop [136]=NarrowOop }
                      ;*invokeinterface add {reexecute=0 rethrow=0 return_oop=0}
                      ; - org.springframework.core.annotation.AnnotationTypeMapping::computeSynthesizableFlag@5 (line 381)
                      ; - org.springframework.core.annotation.AnnotationTypeMapping::<init>@184 (line 129)
                      ; - org.springframework.core.annotation.AnnotationTypeMappings::addIfPossible@11 (line 118)
  0x00007fd9e63cdfe8: 5410 59ff 

  0x00007fd9e63cdfec: ;   {other}
  0x00007fd9e63cdfec: 0f1f 8400 | 5c28 000a | 4c8b 5424 | 5045 8b4a | 3045 8b59 | 0c45 85db | 7630 418b | cbff c941 
  0x00007fd9e63ce00c: 3bcb 0f83 | 441c 0000 | 4533 c066 | 0f1f 8400 | 0000 0000 | 438b 6c81 | 1083 fdff | 0f85 ca1c 
  0x00007fd9e63ce02c: 0000 41ff | c045 3bc3 | 7cea 418b | 6a40 448b 

  0x00007fd9e63ce03c: ;   {metadata('java/util/Collections$UnmodifiableMap')}
  0x00007fd9e63ce03c: 5d08 4181 | fb18 8e1c | 000f 85d9 | 1800 004c | 8bdd 418b | 6b0c 448b 

  0x00007fd9e63ce054: ;   {metadata('java/util/HashMap')}
  0x00007fd9e63ce054: 4508 4181 | f890 cf08 | 000f 85e9 | 1800 004c | 8bdd 458b | 5b14 4585 | db0f 8563 | 0700 0045 
  0x00007fd9e63ce074: 8b5a 3445 | 8b43 0c45 | 85c0 7627 | 418b c8ff | c941 3bc8 | 0f83 d21d | 0000 4533 | c943 8b6c 
  0x00007fd9e63ce094: 8b10 83fd | ff0f 855d | 2000 0041 | ffc1 453b | c87c ea45 | 8b5a 2841 | 0fb6 6b0d | 85ed 0f85 
  0x00007fd9e63ce0b4: 5c1c 0000 | 4533 db45 | 885a 104c | 8b5c 2410 

  0x00007fd9e63ce0c4: ; implicit exception: dispatches to 0x00007fd9e63d1174
  0x00007fd9e63ce0c4: 458b 4308 

  0x00007fd9e63ce0c8: ;   {metadata('java/util/ArrayDeque')}
  0x00007fd9e63ce0c8: 4181 f8b0 | ae20 000f | 859f 1800 | 0048 8b5c | 2410 448b | 5b14 8b6b | 1045 8b43 | 0c41 3be8 
  0x00007fd9e63ce0e8: 0f83 6217 | 0000 458b 

  0x00007fd9e63ce0f0: ;   {metadata('java/lang/Object'[])}
  0x00007fd9e63ce0f0: 4b08 4181 | f970 1200 | 000f 8599 | 1800 008b | cdff c141 | 3bc8 0f8d | d506 0000 | 894b 1044 
  0x00007fd9e63ce110: 8b4b 0c4d | 8bd3 4d8d | 54ab 1044 | 8b9c 2488 | 0000 0045 | 891a 49c1 | ea09 49bb | 00a0 4df6 
  0x00007fd9e63ce130: d97f 0000 | 4788 2413 | 443b c90f | 8475 0900 | 00c5 f877 | 4881 c4a0 | 0000 005d 

  0x00007fd9e63ce14c: ;   {poll_return}
  0x00007fd9e63ce14c: 493b a748 | 0400 000f | 873f 3a00 | 00c3 85d2 | 0f84 ea1f | 0000 498b | d244 8b5c | 246c 498b 
  0x00007fd9e63ce16c: f34c 8b54 | 2448 4c89 | 5424 1866 | 6690 c5f8 | 7748 b8ff | ffff ffff 

  0x00007fd9e63ce184: ;   {virtual_call}
  0x00007fd9e63ce184: ffff ffe8 

  0x00007fd9e63ce188: ; ImmutableOopMap {rbp=Oop [16]=Oop [24]=Oop [40]=Oop [48]=Oop [64]=Oop [72]=Oop [80]=Oop [96]=Oop [108]=NarrowOop [116]=NarrowOop [136]=NarrowOop }
                      ;*invokevirtual equals {reexecute=0 rethrow=0 return_oop=0}
                      ; - java.util.HashMap::getNode@63
                      ; - java.util.HashMap::get@2
                      ; - java.util.Collections$UnmodifiableMap::get@5
                      ; - org.springframework.core.annotation.AnnotationTypeMapping::collectAliases@34 (line 243)
                      ; - org.springframework.core.annotation.AnnotationTypeMapping::processAliases@44 (line 231)
                      ; - org.springframework.core.annotation.AnnotationTypeMapping::<init>@169 (line 126)
                      ; - org.springframework.core.annotation.AnnotationTypeMappings::addIfPossible@11 (line 118)
  0x00007fd9e63ce188: f481 fbfe 

  0x00007fd9e63ce18c: ;   {other}
  0x00007fd9e63ce18c: 0f1f 8400 | fc29 000b | 85c0 0f85 | e304 0000 | 4c8b 4424 | 1844 8b5c | 2458 488b | 5c24 6044 
  0x00007fd9e63ce1ac: 8b4c 245c | 8b4c 2468 | 8b54 246c | 8b74 2470 | 8b6c 2474 | 448b 5518 | 4585 d20f | 841b 0100 
  0x00007fd9e63ce1cc: 008b fd89 | 7424 6c89 | 4c24 6844 | 894c 245c | 4889 5c24 | 6044 895c | 2458 4c89 | 4424 4844 
  0x00007fd9e63ce1ec: ;   {metadata('java/util/HashMap$TreeNode')}
  0x00007fd9e63ce1ec: 8b45 0841 | 81f8 a874 | 1a00 0f84 | 4022 0000 | 498b ea44 | 8b55 0c44 | 3b54 246c | 7435 4d8b 
  0x00007fd9e63ce20c: 9750 0400 | 0044 8b5d 

  0x00007fd9e63ce214: ; ImmutableOopMap {r11=NarrowOop rdx=NarrowOop [16]=Oop [40]=Oop [48]=Oop [64]=Oop [72]=Oop [80]=Oop [96]=Oop [136]=NarrowOop }
                      ;*ifnonnull {reexecute=1 rethrow=0 return_oop=0}
                      ; - (reexecute) java.util.HashMap::getNode@145
                      ; - java.util.HashMap::get@2
                      ; - java.util.Collections$UnmodifiableMap::get@5
                      ; - org.springframework.core.annotation.AnnotationTypeMapping::collectAliases@34 (line 243)
                      ; - org.springframework.core.annotation.AnnotationTypeMapping::processAliases@44 (line 231)
                      ; - org.springframework.core.annotation.AnnotationTypeMapping::<init>@169 (line 126)
                      ; - org.springframework.core.annotation.AnnotationTypeMappings::addIfPossible@11 (line 118)
                      ;   {poll}
  0x00007fd9e63ce214: 1841 8502 | 4585 db74 | 0549 8beb | ebdd 4c8b | 4424 4844 | 8b5c 2458 | 488b 5c24 | 6044 8b4c 
  0x00007fd9e63ce234: 245c 8b4c | 2468 e9a9 | 0000 0044 | 8b55 1044 | 3bd2 0f84 | 3304 0000 | 85d2 0f84 | 8026 0000 
  0x00007fd9e63ce254: 8954 2470 | 488b f249 | 8bd2 c5f8 | 7748 b8ff | ffff ffff 

  0x00007fd9e63ce268: ;   {virtual_call}
  0x00007fd9e63ce268: ffff ffe8 

  0x00007fd9e63ce26c: ; ImmutableOopMap {rbp=Oop [16]=Oop [40]=Oop [48]=Oop [64]=Oop [72]=Oop [80]=Oop [96]=Oop [112]=NarrowOop [136]=NarrowOop }
                      ;*invokevirtual equals {reexecute=0 rethrow=0 return_oop=0}
                      ; - java.util.HashMap::getNode@128
                      ; - java.util.HashMap::get@2
                      ; - java.util.Collections$UnmodifiableMap::get@5
                      ; - org.springframework.core.annotation.AnnotationTypeMapping::collectAliases@34 (line 243)
                      ; - org.springframework.core.annotation.AnnotationTypeMapping::processAliases@44 (line 231)
                      ; - org.springframework.core.annotation.AnnotationTypeMapping::<init>@169 (line 126)
                      ; - org.springframework.core.annotation.AnnotationTypeMappings::addIfPossible@11 (line 118)
  0x00007fd9e63ce26c: 1081 fbfe 

  0x00007fd9e63ce270: ;   {other}
  0x00007fd9e63ce270: 0f1f 8400 | e02a 000d | 85c0 0f85 | ff03 0000 | be45 ffff | ff4c 8b54 | 2428 4c89 | 1424 4c8b 
  0x00007fd9e63ce290: 5424 404c | 8954 2408 | 4c8b 5424 | 504c 8954 | 2420 4c8b | 5424 304c | 8954 2428 | 4c8b 5424 
  0x00007fd9e63ce2b0: 504c 8954 | 2430 448b | 5424 5844 | 8954 2440 | 4c8b 5424 | 604c 8954 | 2450 448b | 5424 5c44 
  0x00007fd9e63ce2d0: 8954 2444 | 8944 2464 

  0x00007fd9e63ce2d8: ;   {runtime_call UncommonTrapBlob}
  0x00007fd9e63ce2d8: c5f8 77e8 

  0x00007fd9e63ce2dc: ; ImmutableOopMap {rbp=Oop [0]=Oop [8]=Oop [16]=Oop [32]=Oop [40]=Oop [48]=Oop [72]=Oop [80]=Oop [112]=NarrowOop }
                      ;*ifeq {reexecute=1 rethrow=0 return_oop=0}
                      ; - (reexecute) java.util.HashMap::getNode@131
                      ; - java.util.HashMap::get@2
                      ; - java.util.Collections$UnmodifiableMap::get@5
                      ; - org.springframework.core.annotation.AnnotationTypeMapping::collectAliases@34 (line 243)
                      ; - org.springframework.core.annotation.AnnotationTypeMapping::processAliases@44 (line 231)
                      ; - org.springframework.core.annotation.AnnotationTypeMapping::<init>@169 (line 126)
                      ; - org.springframework.core.annotation.AnnotationTypeMappings::addIfPossible@11 (line 118)
  0x00007fd9e63ce2dc: 20d0 fbfe 

  0x00007fd9e63ce2e0: ;   {other}
  0x00007fd9e63ce2e0: 0f1f 8400 | 502b 000e | 33d2 4885 | d274 4e44 

  0x00007fd9e63ce2f0: ;   {metadata('java/util/ArrayList')}
  0x00007fd9e63ce2f0: 8b52 0841 | 81fa c8ad | 0b00 0f85 | 502b 0000 | 894c 2418 | 4489 4c24 | 0448 895c | 2408 4489 
  0x00007fd9e63ce310: 1c24 498b | e849 8bf0 

  0x00007fd9e63ce318: ;   {optimized virtual_call}
  0x00007fd9e63ce318: c5f8 77e8 

  0x00007fd9e63ce31c: ; ImmutableOopMap {rbp=Oop [8]=Oop [16]=Oop [40]=Oop [48]=Oop [64]=Oop [80]=Oop [136]=NarrowOop }
                      ;*invokeinterface addAll {reexecute=0 rethrow=0 return_oop=0}
                      ; - org.springframework.core.annotation.AnnotationTypeMapping::collectAliases@52 (line 245)
                      ; - org.springframework.core.annotation.AnnotationTypeMapping::processAliases@44 (line 231)
                      ; - org.springframework.core.annotation.AnnotationTypeMapping::<init>@169 (line 126)
                      ; - org.springframework.core.annotation.AnnotationTypeMappings::addIfPossible@11 (line 118)
  0x00007fd9e63ce31c: c0c9 adff 

  0x00007fd9e63ce320: ;   {other}
  0x00007fd9e63ce320: 0f1f 8400 | 902b 000f | 4c8b c544 | 8b1c 2448 | 8b5c 2408 | 448b 4c24 | 048b 4c24 | 18ff c141 
  0x00007fd9e63ce340: 3bc9 0f8c | d101 0000 | 498b bf50 | 0400 0045 | 8b48 1044 

  0x00007fd9e63ce354: ; ImmutableOopMap {r10=NarrowOop r8=Oop [16]=Oop [40]=Oop [48]=Oop [64]=Oop [80]=Oop [136]=NarrowOop }
                      ;*goto {reexecute=1 rethrow=0 return_oop=0}
                      ; - (reexecute) org.springframework.core.annotation.AnnotationTypeMapping::collectAliases@69 (line 249)
                      ; - org.springframework.core.annotation.AnnotationTypeMapping::processAliases@44 (line 231)
                      ; - org.springframework.core.annotation.AnnotationTypeMapping::<init>@169 (line 126)
                      ; - org.springframework.core.annotation.AnnotationTypeMappings::addIfPossible@11 (line 118)
                      ;   {poll}
  0x00007fd9e63ce354: 8b53 1485 | 0745 85d2 | 754c 4183 | f901 0f8f | 3b03 0000 | 498b 8f50 | 0400 004c | 8b54 2450 
  0x00007fd9e63ce374: 458b 5228 | 458b cb41 

  0x00007fd9e63ce37c: ; ImmutableOopMap {r10=NarrowOop r8=Oop [16]=Oop [40]=Oop [48]=Oop [64]=Oop [80]=Oop [136]=NarrowOop }
                      ;*goto {reexecute=1 rethrow=0 return_oop=0}
                      ; - (reexecute) org.springframework.core.annotation.AnnotationTypeMapping::processAliases@66 (line 228)
                      ; - org.springframework.core.annotation.AnnotationTypeMapping::<init>@169 (line 126)
                      ; - org.springframework.core.annotation.AnnotationTypeMappings::addIfPossible@11 (line 118)
                      ;   {poll}
  0x00007fd9e63ce37c: ffc1 8501 

  0x00007fd9e63ce380: ; implicit exception: dispatches to 0x00007fd9e63d131c
  0x00007fd9e63ce380: 418b 4a14 

  0x00007fd9e63ce384: ; implicit exception: dispatches to 0x00007fd9e63d133c
  0x00007fd9e63ce384: 448b 590c | 453b cb0f | 8df7 efff | ff45 8b58 | 1445 8b50 | 0c41 8b68 | 1049 8bcb | 418b daff 
  0x00007fd9e63ce3a4: c345 8bd9 | eb1f 498b | dae9 5c01 | 0000 bb01 | 0000 0045 | 33d2 33ed 

  0x00007fd9e63ce3bc: ;   {oop(a 'java/lang/Object'[0] {0x00000000ce2500e0})}
  0x00007fd9e63ce3bc: 48b9 e000 | 25ce 0000 | 0000 4533 | db41 8958 | 0c45 8960 | 1085 ed7e | 2a8b 590c | 85db 0f86 
  0x00007fd9e63ce3dc: b018 0000 | 4c63 cb48 | 63dd 48ff | cb49 3bd9 | 0f83 9e18 | 0000 33db | 4489 6499 | 10ff c33b 
  0x00007fd9e63ce3fc: dd7c f54c | 8b4c 2450 | 458b 4928 

  0x00007fd9e63ce408: ; implicit exception: dispatches to 0x00007fd9e63d12b4
  0x00007fd9e63ce408: 418b 6914 

  0x00007fd9e63ce40c: ; implicit exception: dispatches to 0x00007fd9e63d12d8
  0x00007fd9e63ce40c: 8b5d 0c44 | 3bdb 0f83 | 3416 0000 | 4183 c202 | 4589 500c 

  0x00007fd9e63ce420: ; implicit exception: dispatches to 0x00007fd9e63d12fc
  0x00007fd9e63ce420: 8b51 0c42 | 8b7c 9d10 | 85d2 0f87 | 9200 0000 

  0x00007fd9e63ce430: ;   {oop(a 'java/lang/Object'[0] {0x00000000ce2500e0})}
  0x00007fd9e63ce430: 49ba e000 | 25ce 0000 | 0000 493b | ca0f 854d | 0700 0049 | 8b8f b801 | 0000 4c8b | d149 83c2 
  0x00007fd9e63ce450: 384d 3b97 | c801 0000 | 0f83 600f | 0000 4d89 | 97b8 0100 | 0041 0f0d | 8a00 0100 | 0048 c701 
  0x00007fd9e63ce470: 0100 0000 | 410f 0d8a | 4001 0000 

  0x00007fd9e63ce47c: ;   {metadata('java/lang/Object'[])}
  0x00007fd9e63ce47c: c741 0870 | 1200 0041 | 0f0d 8a80 | 0100 00c7 | 410c 0a00 | 0000 4c89 | 6110 4c89 | 6118 4c89 
  0x00007fd9e63ce49c: 6120 4c89 | 6128 4c89 | 6130 4d8b | d04c 8bc9 | 4589 4814 | 49c1 ea09 | 49b9 00a0 | 4df6 d97f 
  0x00007fd9e63ce4bc: 0000 4788 | 2411 448b | 490c 4585 | c90f 86b9 | 1500 0044 

  0x00007fd9e63ce4d0: ;   {metadata('java/lang/Object'[])}
  0x00007fd9e63ce4d0: 8b49 0841 | 81f9 7012 | 0000 0f85 | f415 0000 | 41c7 4010 | 0100 0000 | 4883 c110 | 8939 4c8b 
  0x00007fd9e63ce4f0: d149 c1ea | 0949 b900 | a04d f6d9 | 7f00 0047 | 8824 1148 | 8b5c 2450 | 41b9 0100 | 0000 4585 
  0x00007fd9e63ce510: c90f 8e31 | feff ff33 | c941 8b50 | 108b 7b40 | 85d2 0f8c | e010 0000 | 3bca 0f83 | f60f 0000 
  0x00007fd9e63ce530: 458b 5014 

  0x00007fd9e63ce534: ; implicit exception: dispatches to 0x00007fd9e63d0eb8
  0x00007fd9e63ce534: 418b 520c | 3bca 0f83 | 5c10 0000 | 418b 548a | 1044 8b57 

  0x00007fd9e63ce548: ;   {metadata('java/util/Collections$UnmodifiableMap')}
  0x00007fd9e63ce548: 0841 81fa | 188e 1c00 | 0f85 2611 | 0000 4c8b | d741 8b7a | 0c44 8b57 | 0848 8bf7 

  0x00007fd9e63ce564: ;   {metadata('java/util/HashMap')}
  0x00007fd9e63ce564: 4181 fa90 | cf08 000f | 8514 0200 | 008b 6e24 | 85ed 0f84 | 6cfd ffff | 448b 550c | 4585 d20f 
  0x00007fd9e63ce584: 86ae 1100 | 0085 d20f | 8473 0200 | 0089 6c24 | 3889 4c24 | 2044 894c | 240c 4889 | 5c24 1844 
  0x00007fd9e63ce5a4: 895c 2408 | 4c89 0424 | 448b 4208 | 8954 2424 | 41ff ca44 | 8954 243c | 49ba 0000 | 009c d97f 
  0x00007fd9e63ce5c4: 0000 4d03 | d04d 8b92 | e801 0000 

  0x00007fd9e63ce5d0: ;   {metadata({method} {0x00007fd99c0011a0} 'hashCode' '()I' in 'java/lang/Object')}
  0x00007fd9e63ce5d0: 49bb a011 | 009c d97f | 0000 4d3b | d30f 858a | 0300 004c | 8b12 4d8b | da49 83e3 | 0349 83fb 
  0x00007fd9e63ce5f0: 010f 8576 | 0300 0049 | c1ea 0841 | 8bc2 25ff | ffff 7f85 | c00f 8462 | 0300 008b | f0c1 ee10 
  0x00007fd9e63ce610: 33f0 8bfe | 237c 243c | 4c8b 0424 | 448b 5c24 | 0848 8b5c | 2418 448b | 4c24 0c8b | 4c24 208b 
  0x00007fd9e63ce630: 5424 248b | 6c24 388b | 6cbd 1085 | ed0f 84a5 | fcff ff8b | 7d0c 3bfe | 0f85 72fb | ffff 8974 
  0x00007fd9e63ce650: 2470 8954 | 246c 894c | 2468 4489 | 4c24 5c48 | 895c 2460 | 4489 5c24 | 584c 8944 | 2448 448b 
  0x00007fd9e63ce670: 5510 896c | 2474 443b | d20f 85db | faff ff44 | 8b55 1449 | 8bd2 4c8b | 4424 4844 | 8b5c 2458 
  0x00007fd9e63ce690: 488b 5c24 | 6044 8b4c | 245c 8b4c | 2468 e947 | fcff ff44 | 895c 2408 | 4c89 0424 | 488b 7424 
  0x00007fd9e63ce6b0: 5041 8bd3 | 498b c890 

  0x00007fd9e63ce6b8: ;   {optimized virtual_call}
  0x00007fd9e63ce6b8: c5f8 77e8 

  0x00007fd9e63ce6bc: ; ImmutableOopMap {[0]=Oop [16]=Oop [40]=Oop [48]=Oop [64]=Oop [80]=Oop [136]=NarrowOop }
                      ;*invokevirtual processAliases {reexecute=0 rethrow=0 return_oop=0}
                      ; - org.springframework.core.annotation.AnnotationTypeMapping::processAliases@60 (line 233)
                      ; - org.springframework.core.annotation.AnnotationTypeMapping::<init>@169 (line 126)
                      ; - org.springframework.core.annotation.AnnotationTypeMappings::addIfPossible@11 (line 118)
  0x00007fd9e63ce6bc: 2030 0ff9 

  0x00007fd9e63ce6c0: ;   {other}
  0x00007fd9e63ce6c0: 0f1f 8400 | 302f 0012 | 4c8b 0424 | 448b 5c24 | 08e9 92fc | ffff 8b68 | 1044 8b5d 

  0x00007fd9e63ce6dc: ;   {metadata('jdk/proxy2/$Proxy46')}
  0x00007fd9e63ce6dc: 0841 81fb | b0ac 1a01 | 0f85 4e1e | 0000 488b | cd8b 690c 

  0x00007fd9e63ce6f0: ; implicit exception: dispatches to 0x00007fd9e63d16a0
  0x00007fd9e63ce6f0: 448b 4508 

  0x00007fd9e63ce6f4: ;   {metadata('sun/reflect/annotation/AnnotationInvocationHandler')}
  0x00007fd9e63ce6f4: 4181 f838 | 4305 010f | 859b 1e00 | 004c 8bdd | 418b 6b0c 

  0x00007fd9e63ce708: ;   {oop(a 'java/lang/Class'{0x00000000ce86bfd0} = 'org/springframework/core/annotation/AliasFor')}
  0x00007fd9e63ce708: 81fd d0bf | 86ce 0f85 | 9020 0000 | 488b 7424 | 5048 8b14 | 2441 b801 | 0000 0090 

  0x00007fd9e63ce724: ;   {optimized virtual_call}
  0x00007fd9e63ce724: c5f8 77e8 

  0x00007fd9e63ce728: ; ImmutableOopMap {[0]=Oop [16]=Oop [40]=Oop [48]=Oop [64]=Oop [72]=Oop [80]=Oop [92]=NarrowOop [136]=NarrowOop }
                      ;*invokevirtual resolveAliasTarget {reexecute=0 rethrow=0 return_oop=1}
                      ; - org.springframework.core.annotation.AnnotationTypeMapping::resolveAliasTarget@4 (line 157)
                      ; - org.springframework.core.annotation.AnnotationTypeMapping::resolveAliasedForTargets@50 (line 149)
                      ; - org.springframework.core.annotation.AnnotationTypeMapping::<init>@162 (line 125)
                      ; - org.springframework.core.annotation.AnnotationTypeMappings::addIfPossible@11 (line 118)
  0x00007fd9e63ce728: 7469 c9f8 

  0x00007fd9e63ce72c: ;   {other}
  0x00007fd9e63ce72c: 0f1f 8400 | 9c2f 0013 

  0x00007fd9e63ce734: ;   {oop(a 'org/springframework/core/annotation/AnnotationTypeMapping$$Lambda+0x00007fd99d1aaf18'{0x00000000ce8a8260})}
  0x00007fd9e63ce734: 48b9 6082 | 8ace 0000 | 0000 488b | 7424 4848 | 8bd0 6690 

  0x00007fd9e63ce748: ;   {optimized virtual_call}
  0x00007fd9e63ce748: c5f8 77e8 

  0x00007fd9e63ce74c: ; ImmutableOopMap {[0]=Oop [16]=Oop [40]=Oop [48]=Oop [64]=Oop [72]=Oop [80]=Oop [92]=NarrowOop [136]=NarrowOop }
                      ;*invokeinterface computeIfAbsent {reexecute=0 rethrow=0 return_oop=1}
                      ; - org.springframework.core.annotation.AnnotationTypeMapping::resolveAliasedForTargets@63 (line 150)
                      ; - org.springframework.core.annotation.AnnotationTypeMapping::<init>@162 (line 125)
                      ; - org.springframework.core.annotation.AnnotationTypeMappings::addIfPossible@11 (line 118)
  0x00007fd9e63ce74c: 307a 90ff 

  0x00007fd9e63ce750: ;   {other}
  0x00007fd9e63ce750: 0f1f 8400 | c02f 0014 

  0x00007fd9e63ce758: ; implicit exception: dispatches to 0x00007fd9e63d1718
  0x00007fd9e63ce758: 448b 5808 

  0x00007fd9e63ce75c: ;   {metadata('java/util/ArrayList')}
  0x00007fd9e63ce75c: 4181 fbc8 | ad0b 000f | 851b 2600 | 0048 8bf0 | 488b 1424 

  0x00007fd9e63ce770: ;   {optimized virtual_call}
  0x00007fd9e63ce770: c5f8 77e8 

  0x00007fd9e63ce774: ; ImmutableOopMap {[16]=Oop [40]=Oop [48]=Oop [64]=Oop [72]=Oop [80]=Oop [136]=NarrowOop }
                      ;*invokeinterface add {reexecute=0 rethrow=0 return_oop=0}
                      ; - org.springframework.core.annotation.AnnotationTypeMapping::resolveAliasedForTargets@72 (line 150)
                      ; - org.springframework.core.annotation.AnnotationTypeMapping::<init>@162 (line 125)
                      ; - org.springframework.core.annotation.AnnotationTypeMappings::addIfPossible@11 (line 118)
  0x00007fd9e63ce774: e866 5fff 

  0x00007fd9e63ce778: ;   {other}
  0x00007fd9e63ce778: 0f1f 8400 | e82f 0015 | e9fc eaff | ff89 4c24 | 2444 894c | 2420 4889 | 5c24 1844 | 895c 240c 
  0x00007fd9e63ce798: 498b e866 | 6690 c5f8 | 7748 b8ff | ffff ffff 

  0x00007fd9e63ce7a8: ;   {virtual_call}
  0x00007fd9e63ce7a8: ffff ffe8 

  0x00007fd9e63ce7ac: ; ImmutableOopMap {rbp=Oop [16]=Oop [24]=Oop [40]=Oop [48]=Oop [64]=Oop [80]=Oop [136]=NarrowOop }
                      ;*invokeinterface get {reexecute=0 rethrow=0 return_oop=1}
                      ; - java.util.Collections$UnmodifiableMap::get@5
                      ; - org.springframework.core.annotation.AnnotationTypeMapping::collectAliases@34 (line 243)
                      ; - org.springframework.core.annotation.AnnotationTypeMapping::processAliases@44 (line 231)
                      ; - org.springframework.core.annotation.AnnotationTypeMapping::<init>@169 (line 126)
                      ; - org.springframework.core.annotation.AnnotationTypeMappings::addIfPossible@11 (line 118)
  0x00007fd9e63ce7ac: d07b fbfe 

  0x00007fd9e63ce7b0: ;   {other}
  0x00007fd9e63ce7b0: 0f1f 8400 | 2030 0016 | 488b d04c | 8bc5 448b | 5c24 0c48 | 8b5c 2418 | 448b 4c24 | 208b 4c24 
  0x00007fd9e63ce7d0: 24e9 14fb | ffff 41bb | 0100 0000 | e9da f8ff | ff33 c9e9 | 24f9 ffff | 4c89 4120 | e9df e0ff 
  0x00007fd9e63ce7f0: ;   {oop([I{0x00000000ce883e48})}
  0x00007fd9e63ce7f0: ffb9 483e | 88ce e942 | e5ff ff4c | 8941 20e9 | 74e1 ffff | 33ff 33f6 | e92a feff | ff83 fb20 
  0x00007fd9e63ce810: 7529 453b | cb0f 847e | dcff ff48 | 8b7e 288b | 0f48 83c7 | 0848 85c0 | f248 af0f | 8504 0000 
  0x00007fd9e63ce830: 0048 8946 | 200f 845e | dcff ffbe | ccff ffff | 488b 6c24 | 284c 8b5c | 2440 4c89 | 1c24 4c8b 
  0x00007fd9e63ce850: 5c24 104c | 895c 2408 | 4c8b 5c24 | 504c 895c | 2410 4c8b | 5c24 304c | 895c 2428 | 4c8b 5c24 
  0x00007fd9e63ce870: 484c 895c | 2440 4c89 | 7424 504c | 8954 2460 | 4c89 6c24 | 6889 5424 | 7044 8944 | 2474 6690 
  0x00007fd9e63ce890: ;   {runtime_call UncommonTrapBlob}
  0x00007fd9e63ce890: c5f8 77e8 

  0x00007fd9e63ce894: ; ImmutableOopMap {rbp=Oop [0]=Oop [8]=Oop [16]=Oop [40]=Oop [64]=Oop [80]=Oop [96]=Oop [104]=Oop }
                      ;*invokestatic arraycopy {reexecute=0 rethrow=0 return_oop=0}
                      ; - java.util.ArrayList::addAll@63
                      ; - org.springframework.core.annotation.AnnotationTypeMapping::merge@27 (line 138)
                      ; - org.springframework.core.annotation.AnnotationTypeMapping::<init>@73 (line 115)
                      ; - org.springframework.core.annotation.AnnotationTypeMappings::addIfPossible@11 (line 118)
  0x00007fd9e63ce894: 68ca fbfe 

  0x00007fd9e63ce898: ;   {other}
  0x00007fd9e63ce898: 0f1f 8400 | 0831 0017 | 418b e92b | ea8b cad1 | f93b cd0f | 4ccd 03ca | 8bf1 ffce | 81fe f7ff 
  0x00007fd9e63ce8b8: ff7f 0f83 | 1421 0000 | 4489 0c24 | 4489 4424 | 2444 8954 | 2420 4889 | 5c24 1849 | 8beb 488b 
  0x00007fd9e63ce8d8: f78b d14c | 8b54 2440 | 4c89 5424 | 3866 6690 

  0x00007fd9e63ce8e8: ;   {static_call}
  0x00007fd9e63ce8e8: c5f8 77e8 

  0x00007fd9e63ce8ec: ; ImmutableOopMap {rbp=Oop [16]=Oop [24]=Oop [40]=Oop [48]=Oop [56]=Oop [64]=Oop [72]=Oop [80]=Oop [136]=NarrowOop [140]=NarrowOop }
                      ;*invokestatic copyOf {reexecute=0 rethrow=0 return_oop=1}
                      ; - java.util.ArrayList::grow@37
                      ; - java.util.ArrayList::addAll@51
                      ; - org.springframework.core.annotation.AnnotationTypeMapping::merge@27 (line 138)
                      ; - org.springframework.core.annotation.AnnotationTypeMapping::<init>@73 (line 115)
                      ; - org.springframework.core.annotation.AnnotationTypeMappings::addIfPossible@11 (line 118)
  0x00007fd9e63ce8ec: 907d fbfe 

  0x00007fd9e63ce8f0: ;   {other}
  0x00007fd9e63ce8f0: 0f1f 8400 | 6031 0018 | 4c8b d04c | 8bdd 4589 | 5314 4d8b | d349 c1ea | 0949 b800 | a04d f6d9 
  0x00007fd9e63ce910: 7f00 0047 | 8824 1048 | 85c0 0f84 | 6c20 0000 | 488b 5c24 | 1844 8b54 | 2420 448b | 4424 2444 
  0x00007fd9e63ce930: 8b0c 244c | 8be8 e904 | dbff ff45 | 33db 6690 | 428b 4c9a | 108b 4928 | 85c9 0f84 | ec1f 0000 
  0x00007fd9e63ce950: c4c1 797e | c041 3bc8 | 0f84 fff2 | ffff 41ff | c344 3b5c | 2438 7cd8 | e95d f3ff | ff48 8bf2 
  0x00007fd9e63ce970: 6690 c5f8 | 7748 b8c0 | 1b04 9cd9 

  0x00007fd9e63ce97c: ;   {virtual_call}
  0x00007fd9e63ce97c: 7f00 00e8 

  0x00007fd9e63ce980: ; ImmutableOopMap {rbp=Oop [0]=Oop [16]=Oop [24]=Oop [36]=NarrowOop [40]=Oop [48]=Oop [56]=NarrowOop [64]=Oop [80]=Oop [136]=NarrowOop }
                      ;*invokevirtual hashCode {reexecute=0 rethrow=0 return_oop=0}
                      ; - java.util.HashMap::hash@9
                      ; - java.util.HashMap::getNode@23
                      ; - java.util.HashMap::get@2
                      ; - java.util.Collections$UnmodifiableMap::get@5
                      ; - org.springframework.core.annotation.AnnotationTypeMapping::collectAliases@34 (line 243)
                      ; - org.springframework.core.annotation.AnnotationTypeMapping::processAliases@44 (line 231)
                      ; - org.springframework.core.annotation.AnnotationTypeMapping::<init>@169 (line 126)
                      ; - org.springframework.core.annotation.AnnotationTypeMappings::addIfPossible@11 (line 118)
  0x00007fd9e63ce980: 1c53 74ff 

  0x00007fd9e63ce984: ;   {other}
  0x00007fd9e63ce984: 0f1f 8400 | f431 0019 | e97a fcff | ff41 8be8 | 2be9 8bd1 | d1fa ffc5 | 3bd5 0f4c | d503 d144 
  0x00007fd9e63ce9a4: 8bca 41ff | c941 81f9 | f7ff ff7f | 0f83 7620 | 0000 891c | 2444 8944 | 2420 498b | eb48 8bf7 
  0x00007fd9e63ce9c4: 4c8b 5424 | 404c 8954 | 2418 6690 

  0x00007fd9e63ce9d0: ;   {static_call}
  0x00007fd9e63ce9d0: c5f8 77e8 

  0x00007fd9e63ce9d4: ; ImmutableOopMap {rbp=Oop [16]=Oop [24]=Oop [40]=Oop [48]=Oop [64]=Oop [72]=Oop [80]=Oop [136]=NarrowOop [140]=NarrowOop }
                      ;*invokestatic copyOf {reexecute=0 rethrow=0 return_oop=1}
                      ; - java.util.ArrayList::grow@37
                      ; - java.util.ArrayList::grow@7
                      ; - java.util.ArrayList::add@7
                      ; - java.util.ArrayList::add@20
                      ; - org.springframework.core.annotation.AnnotationTypeMapping::merge@35 (line 139)
                      ; - org.springframework.core.annotation.AnnotationTypeMapping::<init>@73 (line 115)
                      ; - org.springframework.core.annotation.AnnotationTypeMappings::addIfPossible@11 (line 118)
  0x00007fd9e63ce9d4: a87c fbfe 

  0x00007fd9e63ce9d8: ;   {other}
  0x00007fd9e63ce9d8: 0f1f 8400 | 4832 001a | 4c8b c04c | 8bdd 4589 | 4314 4d8b | d349 c1ea | 0949 b800 | a04d f6d9 
  0x00007fd9e63ce9f8: 7f00 0047 | 8824 1048 | 85c0 0f84 | a81f 0000 | 448b 4424 | 208b 1c24 | 4c8b d0e9 | 13dc ffff 
  0x00007fd9e63cea18: 4c89 7424 | 1849 8bf3 

  0x00007fd9e63cea20: ;   {oop([B{0x00000000cdeb8078})}
  0x00007fd9e63cea20: 48bd 7880 | ebcd 0000 | 0000 6690 

  0x00007fd9e63cea2c: ;   {optimized virtual_call}
  0x00007fd9e63cea2c: c5f8 77e8 

  0x00007fd9e63cea30: ; ImmutableOopMap {rbp=Oop [24]=Derived_oop_rbp [16]=Oop [40]=Oop [48]=Oop [64]=Oop [80]=Oop [136]=NarrowOop }
                      ;*invokevirtual initClassName {reexecute=0 rethrow=0 return_oop=1}
                      ; - java.lang.Class::getName@14
                      ; - org.springframework.core.annotation.AnnotationTypeMapping::addConventionMappings@161 (line 310)
                      ; - org.springframework.core.annotation.AnnotationTypeMapping::<init>@173 (line 127)
                      ; - org.springframework.core.annotation.AnnotationTypeMappings::addIfPossible@11 (line 118)
  0x00007fd9e63cea30: 4c76 fbfe 

  0x00007fd9e63cea34: ;   {other}
  0x00007fd9e63cea34: 0f1f 8400 | a432 001b | 4889 4424 | 584c 8b74 | 2418 e9ce | edff ff4c | 8974 2418 

  0x00007fd9e63cea50: ;   {oop([B{0x00000000cdeb8078})}
  0x00007fd9e63cea50: 498b f348 | bd78 80eb | cd00 0000 | 0066 6690 

  0x00007fd9e63cea60: ;   {optimized virtual_call}
  0x00007fd9e63cea60: c5f8 77e8 

  0x00007fd9e63cea64: ; ImmutableOopMap {rbp=Oop [24]=Derived_oop_rbp [16]=Oop [40]=Oop [48]=Oop [64]=Oop [80]=Oop [88]=Oop [136]=NarrowOop }
                      ;*invokevirtual initClassName {reexecute=0 rethrow=0 return_oop=1}
                      ; - java.lang.Class::getName@14
                      ; - org.springframework.core.annotation.AnnotationTypeMapping::addConventionMappings@172 (line 311)
                      ; - org.springframework.core.annotation.AnnotationTypeMapping::<init>@173 (line 127)
                      ; - org.springframework.core.annotation.AnnotationTypeMappings::addIfPossible@11 (line 118)
  0x00007fd9e63cea64: 1876 fbfe 

  0x00007fd9e63cea68: ;   {other}
  0x00007fd9e63cea68: 0f1f 8400 | d832 001c | 4c8b 7424 | 184c 8bd0 | e9b2 edff | ff33 c9c4 | c179 6ee8 | 458b 5c89 
  0x00007fd9e63cea88: 1045 8b43 | 2845 85c0 | 0f84 ce1e | 0000 c4c1 | 797e d345 | 3bc3 7509 | c5f9 6ee1 | e988 e9ff 
  0x00007fd9e63ceaa8: ffff c13b | 4c24 387c | d3e9 70e9 | ffff 488b | f3ba 0100 | 0000 6690 

  0x00007fd9e63ceac0: ;   {optimized virtual_call}
  0x00007fd9e63ceac0: c5f8 77e8 

  0x00007fd9e63ceac4: ; ImmutableOopMap {[40]=Oop [64]=Oop }
                      ;*invokevirtual grow {reexecute=0 rethrow=0 return_oop=0}
                      ; - java.util.ArrayDeque::addLast@47
                      ; - org.springframework.core.annotation.AnnotationTypeMappings::addIfPossible@14 (line 118)
  0x00007fd9e63ceac4: b875 fbfe 

  0x00007fd9e63ceac8: ;   {other}
  0x00007fd9e63ceac8: 0f1f 8400 | 3833 001d | e96c f6ff | ff49 ba00 | 0000 0001 | 0000 0049 | 3bda 0f85 | 901f 0000 
  0x00007fd9e63ceae8: 498b 87b8 | 0100 004c | 8bd0 4983 | c218 4d3b | 97c8 0100 | 000f 83c5 | 1b00 004d | 8997 b801 
  0x00007fd9e63ceb08: 0000 410f | 0d8a 0001 | 0000 48c7 | 0001 0000 

  0x00007fd9e63ceb18: ;   {metadata('java/lang/String')}
  0x00007fd9e63ceb18: 00c7 4008 | 78e8 0000 | 4489 600c | 48c7 4010 | 0100 0000 | 448b 5424 | 0c44 8950 | 1448 8bd0 
  0x00007fd9e63ceb38: e95e efff | ff48 8b6c | 2450 488b | 7424 4090 

  0x00007fd9e63ceb48: ;   {optimized virtual_call}
  0x00007fd9e63ceb48: c5f8 77e8 

  0x00007fd9e63ceb4c: ; ImmutableOopMap {rbp=Oop [16]=Oop [40]=Oop [48]=Oop [64]=Oop [80]=Oop [136]=NarrowOop }
                      ;*invokevirtual hashCode {reexecute=0 rethrow=0 return_oop=0}
                      ; - org.springframework.util.ConcurrentReferenceHashMap::getHash@5 (line 223)
                      ; - org.springframework.util.ConcurrentReferenceHashMap::getReference@2 (line 265)
                      ; - org.springframework.util.ConcurrentReferenceHashMap::get@5 (line 236)
                      ; - java.util.concurrent.ConcurrentMap::computeIfAbsent@7
                      ; - org.springframework.core.annotation.AttributeMethods::forAnnotationType@17 (line 251)
                      ; - org.springframework.core.annotation.AnnotationTypeMapping::<init>@86 (line 119)
                      ; - org.springframework.core.annotation.AnnotationTypeMappings::addIfPossible@11 (line 118)
  0x00007fd9e63ceb4c: 3075 fbfe 

  0x00007fd9e63ceb50: ;   {other}
  0x00007fd9e63ceb50: 0f1f 8400 | c033 001e | e93e dcff | ff83 f8ff | 0f85 821f 

  0x00007fd9e63ceb64: ;   {oop(a 'java/lang/Object'[0] {0x00000000ce251240})}
  0x00007fd9e63ceb64: 0000 41c7 | 4114 4012 | 25ce 4d8b | d149 c1ea | 0948 b900 | a04d f6d9 | 7f00 0046 | 8824 1144 
  0x00007fd9e63ceb84: 899c 248c | 0000 00e9 | 0bd7 ffff | bd01 0000 | 002b ea44 | 8bd2 41d1 | fa44 3bd5 | 440f 4cd5 
  0x00007fd9e63ceba4: 4403 d245 | 8bca 41ff | c941 81f9 | f7ff ff7f | 0f83 6620 | 0000 458b | ca89 7c24 | 2044 895c 
  0x00007fd9e63cebc4: 2408 4c89 | 0424 488b | f141 8bd1 

  0x00007fd9e63cebd0: ;   {static_call}
  0x00007fd9e63cebd0: c5f8 77e8 

  0x00007fd9e63cebd4: ; ImmutableOopMap {[0]=Oop [16]=Oop [32]=NarrowOop [40]=Oop [48]=Oop [64]=Oop [80]=Oop [136]=NarrowOop }
                      ;*invokestatic copyOf {reexecute=0 rethrow=0 return_oop=1}
                      ; - java.util.ArrayList::grow@37
                      ; - java.util.ArrayList::grow@7
                      ; - java.util.ArrayList::add@7
                      ; - java.util.ArrayList::add@20
                      ; - org.springframework.core.annotation.AnnotationTypeMapping::processAliases@36 (line 230)
                      ; - org.springframework.core.annotation.AnnotationTypeMapping::<init>@169 (line 126)
                      ; - org.springframework.core.annotation.AnnotationTypeMappings::addIfPossible@11 (line 118)
  0x00007fd9e63cebd4: a87a fbfe 

  0x00007fd9e63cebd8: ;   {other}
  0x00007fd9e63cebd8: 0f1f 8400 | 4834 001f | 488b c84c | 8bd8 4c8b | 0424 4589 | 5814 4d8b | d049 c1ea | 0949 bb00 
  0x00007fd9e63cebf8: a04d f6d9 | 7f00 0047 | 8824 1348 | 85c0 0f84 | bc1e 0000 | 448b 5c24 | 088b 7c24 | 20e9 a8f8 
  0x00007fd9e63cec18: ffff 4c89 | 4424 4889 | 6c24 0c48 | 895c 2438 | 4c89 6c24 | 204c 8974 | 2418 498b | f248 8b54 
  0x00007fd9e63cec38: 2448 8bcf | 41b8 0100 

  0x00007fd9e63cec40: ;   {oop([B{0x00000000cdeb8078})}
  0x00007fd9e63cec40: 0000 48bd | 7880 ebcd | 0000 0000 

  0x00007fd9e63cec4c: ;   {optimized virtual_call}
  0x00007fd9e63cec4c: c5f8 77e8 

  0x00007fd9e63cec50: ; ImmutableOopMap {rbp=Oop [24]=Derived_oop_rbp [16]=Oop [32]=Oop [40]=Oop [48]=Oop [64]=Oop [72]=Oop [80]=Oop [136]=NarrowOop }
                      ;*invokevirtual getBytes {reexecute=0 rethrow=0 return_oop=0}
                      ; - java.lang.StringConcatHelper::prepend@32
                      ; - java.lang.StringConcatHelper::prepend@3
                      ; - java.lang.invoke.DirectMethodHandle$Holder::invokeStatic@17
                      ; - java.lang.invoke.LambdaForm$MH/0x00007fd99d0a5000::invoke@28
                      ; - java.lang.invoke.LambdaForm$MH/0x00007fd99d0c2800::invoke@20
                      ; - java.lang.invoke.LambdaForm$MH/0x00007fd99d0c4400::invoke@86
                      ; - java.lang.invoke.Invokers$Holder::linkToTargetMethod@6
                      ; - org.springframework.core.annotation.AnnotationTypeMapping::addConventionMappings@175 (line 311)
                      ; - org.springframework.core.annotation.AnnotationTypeMapping::<init>@173 (line 127)
                      ; - org.springframework.core.annotation.AnnotationTypeMappings::addIfPossible@11 (line 118)
  0x00007fd9e63cec50: 2c74 fbfe 

  0x00007fd9e63cec54: ;   {other}
  0x00007fd9e63cec54: 0f1f 8400 | c434 0020 | 4c8b 7424 | 184c 8b6c | 2420 488b | 5c24 388b | 6c24 0c4c | 8b44 2448 
  0x00007fd9e63cec74: e90b edff | ff45 8bca | 4c89 4424 | 4889 6c24 | 0c48 895c | 2438 4c89 | 6c24 204c | 8974 2418 
  0x00007fd9e63cec94: ;   {oop("-"{0x00000000ce8e1180})}
  0x00007fd9e63cec94: 48be 8011 | 8ece 0000 | 0000 488b | 5424 4841 | 8bc9 41b8 | 0100 0000 

  0x00007fd9e63cecac: ;   {oop([B{0x00000000cdeb8078})}
  0x00007fd9e63cecac: 48bd 7880 | ebcd 0000 | 0000 4c89 | 5c24 7090 

  0x00007fd9e63cecbc: ;   {optimized virtual_call}
  0x00007fd9e63cecbc: c5f8 77e8 

  0x00007fd9e63cecc0: ; ImmutableOopMap {rbp=Oop [24]=Derived_oop_rbp [16]=Oop [32]=Oop [40]=Oop [48]=Oop [64]=Oop [72]=Oop [80]=Oop [136]=NarrowOop }
                      ;*invokevirtual getBytes {reexecute=0 rethrow=0 return_oop=0}
                      ; - java.lang.StringConcatHelper::prepend@32
                      ; - java.lang.StringConcatHelper::prepend@16
                      ; - java.lang.invoke.DirectMethodHandle$Holder::invokeStatic@17
                      ; - java.lang.invoke.LambdaForm$MH/0x00007fd99d0a5000::invoke@28
                      ; - java.lang.invoke.LambdaForm$MH/0x00007fd99d0c2800::invoke@20
                      ; - java.lang.invoke.LambdaForm$MH/0x00007fd99d0c4400::invoke@86
                      ; - java.lang.invoke.Invokers$Holder::linkToTargetMethod@6
                      ; - org.springframework.core.annotation.AnnotationTypeMapping::addConventionMappings@175 (line 311)
                      ; - org.springframework.core.annotation.AnnotationTypeMapping::<init>@173 (line 127)
                      ; - org.springframework.core.annotation.AnnotationTypeMappings::addIfPossible@11 (line 118)
  0x00007fd9e63cecc0: bc73 fbfe 

  0x00007fd9e63cecc4: ;   {other}
  0x00007fd9e63cecc4: 0f1f 8400 | 3435 0021 | 4c8b 7424 | 184c 8b6c | 2420 488b | 5c24 388b | 6c24 0c4c | 8b44 2448 
  0x00007fd9e63cece4: e9d5 ecff | ff4c 8944 | 2448 4889 | 5c24 384c | 896c 2420 | 4c89 7424 | 1849 8bf5 | 488b 5424 
  0x00007fd9e63ced04: 4841 b801 

  0x00007fd9e63ced08: ;   {oop([B{0x00000000cdeb8078})}
  0x00007fd9e63ced08: 0000 0048 | bd78 80eb | cd00 0000 | 0066 6690 

  0x00007fd9e63ced18: ;   {optimized virtual_call}
  0x00007fd9e63ced18: c5f8 77e8 

  0x00007fd9e63ced1c: ; ImmutableOopMap {rbp=Oop [24]=Derived_oop_rbp [16]=Oop [32]=Oop [40]=Oop [48]=Oop [64]=Oop [72]=Oop [80]=Oop [136]=NarrowOop }
                      ;*invokevirtual getBytes {reexecute=0 rethrow=0 return_oop=0}
                      ; - java.lang.StringConcatHelper::prepend@32
                      ; - java.lang.StringConcatHelper::prepend@3
                      ; - java.lang.invoke.DirectMethodHandle$Holder::invokeStatic@17
                      ; - java.lang.invoke.LambdaForm$MH/0x00007fd99d0a5000::invoke@28
                      ; - java.lang.invoke.LambdaForm$MH/0x00007fd99d0c2800::invoke@41
                      ; - java.lang.invoke.LambdaForm$MH/0x00007fd99d0c4400::invoke@86
                      ; - java.lang.invoke.Invokers$Holder::linkToTargetMethod@6
                      ; - org.springframework.core.annotation.AnnotationTypeMapping::addConventionMappings@175 (line 311)
                      ; - org.springframework.core.annotation.AnnotationTypeMapping::<init>@173 (line 127)
                      ; - org.springframework.core.annotation.AnnotationTypeMappings::addIfPossible@11 (line 118)
  0x00007fd9e63ced1c: 6073 fbfe 

  0x00007fd9e63ced20: ;   {other}
  0x00007fd9e63ced20: 0f1f 8400 | 9035 0022 | 4c8b 7424 | 184c 8b6c | 2420 488b | 5c24 384c | 8b44 2448 | e900 edff 
  0x00007fd9e63ced40: ff48 bb00 | 0000 0001 | 0000 004c | 0bc3 e907 | ebff ff49 | bb00 0000 | 0001 0000 | 0049 0bdb 
  0x00007fd9e63ced60: e91e ebff | ff44 8d14 | 3f45 85d2 | 0f8c d21d | 0000 478d | 1c09 4585 | db0f 8cc5 | 1d00 0043 
  0x00007fd9e63ced80: 8d34 1a3b | ee0f 82b9 | 1d00 004b | 8d7c 1010 | 488b f041 | 8bd1 8bca | 83e1 0f83 | e2f0 741c 
  0x00007fd9e63ceda0: 488d 3416 | 488d 3c57 | 48f7 dac4 | e27d 3004 | 16c5 fe7f | 0457 4883 | c210 75ef | 8bd1 83e1 
  0x00007fd9e63cedc0: 0783 e2f8 | 7427 c4e2 | 7930 06c5 | fa7f 0748 | 83c6 0848 | 83c7 10e9 | 1100 0000 | c4e2 7930 
  0x00007fd9e63cede0: 0416 c5fa | 7f04 5748 | 83c2 0875 | ef8b d183 | fa04 7c19 | c5f9 6e06 | c4e2 7930 | c0c5 f9d6 
  0x00007fd9e63cee00: 0748 83ea | 0448 83c6 | 0448 83c7 | 0885 d274 | 1848 8d34 | 1648 8d3c | 5748 f7da 

  0x00007fd9e63cee1c: ;   {no_reloc}
  0x00007fd9e63cee1c: 0fb6 0c16 | 6689 0c57 | 48ff c275 | f3e9 56eb | ffff 448d | 1c09 4585 | db0f 8c75 | 1d00 0043 
  0x00007fd9e63cee3c: 8d34 0985 | f60f 8c69 | 1d00 0041 | 8d3c 333b | ef0f 825d | 1d00 004b | 8d7c 1810 | 488b f041 
  0x00007fd9e63cee5c: 8bd1 8bca | 83e1 0f83 | e2f0 741c | 488d 3416 | 488d 3c57 | 48f7 dac4 | e27d 3004 | 16c5 fe7f 
  0x00007fd9e63cee7c: 0457 4883 | c210 75ef | 8bd1 83e1 | 0783 e2f8 | 7427 c4e2 | 7930 06c5 | fa7f 0748 | 83c6 0848 
  0x00007fd9e63cee9c: 83c7 10e9 | 1100 0000 | c4e2 7930 | 0416 c5fa | 7f04 5748 | 83c2 0875 | ef8b d183 | fa04 7c19 
  0x00007fd9e63ceebc: c5f9 6e06 | c4e2 7930 | c0c5 f9d6 | 0748 83ea | 0448 83c6 | 0448 83c7 | 0885 d274 | 1848 8d34 
  0x00007fd9e63ceedc: 1648 8d3c | 5748 f7da | 0fb6 0c16 | 6689 0c57 | 48ff c275 | f3e9 4beb | ffff 458b | 4318 4585 
  0x00007fd9e63ceefc: c00f 8481 | 1d00 004c | 895c 2408 | 4489 5424 | 484c 8b54 | 2450 4c89 | 5424 3849 | 8be9 4489 
  0x00007fd9e63cef1c: ;   {no_reloc}
  0x00007fd9e63cef1c: 4c24 4c49 | 8bf0 4c8b | 5424 404c | 8954 2420 

  0x00007fd9e63cef2c: ;   {optimized virtual_call}
  0x00007fd9e63cef2c: c5f8 77e8 

  0x00007fd9e63cef30: ; ImmutableOopMap {rbp=Oop [8]=Oop [16]=Oop [32]=Oop [40]=Oop [48]=Oop [56]=Oop [64]=Oop [76]=NarrowOop [136]=NarrowOop }
                      ;*invokevirtual lock {reexecute=0 rethrow=0 return_oop=0}
                      ; - java.lang.ref.ReferenceQueue::poll@13
                      ; - org.springframework.util.ConcurrentReferenceHashMap$ReferenceManager::pollForPurge@4 (line 1025)
                      ; - org.springframework.util.ConcurrentReferenceHashMap$Segment::restructureIfNecessary@34 (line 575)
                      ; - org.springframework.util.ConcurrentReferenceHashMap$Segment::getReference@9 (line 496)
                      ; - org.springframework.util.ConcurrentReferenceHashMap::getReference@14 (line 266)
                      ; - org.springframework.util.ConcurrentReferenceHashMap::get@5 (line 236)
                      ; - java.util.concurrent.ConcurrentMap::computeIfAbsent@7
                      ; - org.springframework.core.annotation.AttributeMethods::forAnnotationType@17 (line 251)
                      ; - org.springframework.core.annotation.AnnotationTypeMapping::<init>@86 (line 119)
                      ; - org.springframework.core.annotation.AnnotationTypeMappings::addIfPossible@11 (line 118)
  0x00007fd9e63cef30: 4c71 fbfe 

  0x00007fd9e63cef34: ;   {other}
  0x00007fd9e63cef34: 0f1f 8400 | a437 0023 | 488b 7424 | 0866 6690 

  0x00007fd9e63cef44: ;   {optimized virtual_call}
  0x00007fd9e63cef44: c5f8 77e8 

  0x00007fd9e63cef48: ; ImmutableOopMap {rbp=Oop [8]=Oop [16]=Oop [32]=Oop [40]=Oop [48]=Oop [56]=Oop [64]=Oop [76]=NarrowOop [136]=NarrowOop }
                      ;*invokevirtual poll0 {reexecute=0 rethrow=0 return_oop=1}
                      ; - java.lang.ref.ReferenceQueue::poll@17
                      ; - org.springframework.util.ConcurrentReferenceHashMap$ReferenceManager::pollForPurge@4 (line 1025)
                      ; - org.springframework.util.ConcurrentReferenceHashMap$Segment::restructureIfNecessary@34 (line 575)
                      ; - org.springframework.util.ConcurrentReferenceHashMap$Segment::getReference@9 (line 496)
                      ; - org.springframework.util.ConcurrentReferenceHashMap::getReference@14 (line 266)
                      ; - org.springframework.util.ConcurrentReferenceHashMap::get@5 (line 236)
                      ; - java.util.concurrent.ConcurrentMap::computeIfAbsent@7
                      ; - org.springframework.core.annotation.AttributeMethods::forAnnotationType@17 (line 251)
                      ; - org.springframework.core.annotation.AnnotationTypeMapping::<init>@86 (line 119)
                      ; - org.springframework.core.annotation.AnnotationTypeMappings::addIfPossible@11 (line 118)
  0x00007fd9e63cef48: 3471 fbfe 

  0x00007fd9e63cef4c: ;   {other}
  0x00007fd9e63cef4c: 0f1f 8400 | bc37 0024 | 4889 4424 | 504c 8b54 | 2408 458b | 5218 4585 | d20f 8469 | 1d00 0049 
  0x00007fd9e63cef6c: 8bf2 4c8b | 5424 204c | 8954 2418 

  0x00007fd9e63cef78: ;   {optimized virtual_call}
  0x00007fd9e63cef78: c5f8 77e8 

  0x00007fd9e63cef7c: ; ImmutableOopMap {rbp=Oop [16]=Oop [24]=Oop [40]=Oop [48]=Oop [56]=Oop [64]=Oop [76]=NarrowOop [80]=Oop [136]=NarrowOop }
                      ;*invokevirtual unlock {reexecute=0 rethrow=0 return_oop=0}
                      ; - java.lang.ref.ReferenceQueue::poll@25
                      ; - org.springframework.util.ConcurrentReferenceHashMap$ReferenceManager::pollForPurge@4 (line 1025)
                      ; - org.springframework.util.ConcurrentReferenceHashMap$Segment::restructureIfNecessary@34 (line 575)
                      ; - org.springframework.util.ConcurrentReferenceHashMap$Segment::getReference@9 (line 496)
                      ; - org.springframework.util.ConcurrentReferenceHashMap::getReference@14 (line 266)
                      ; - org.springframework.util.ConcurrentReferenceHashMap::get@5 (line 236)
                      ; - java.util.concurrent.ConcurrentMap::computeIfAbsent@7
                      ; - org.springframework.core.annotation.AttributeMethods::forAnnotationType@17 (line 251)
                      ; - org.springframework.core.annotation.AnnotationTypeMapping::<init>@86 (line 119)
                      ; - org.springframework.core.annotation.AnnotationTypeMappings::addIfPossible@11 (line 118)
  0x00007fd9e63cef7c: 0071 fbfe 

  0x00007fd9e63cef80: ;   {other}
  0x00007fd9e63cef80: 0f1f 8400 | f037 0025 | 4c8b 5424 | 504d 85d2 | 0f84 0e15 | 0000 458b 

  0x00007fd9e63cef98: ;   {metadata('org/springframework/util/ConcurrentReferenceHashMap$Reference')}
  0x00007fd9e63cef98: 5a08 48b8 | c020 179d | d97f 0000 | 48be 0000 | 009c d97f | 0000 4903 | f34c 8b5e | 204c 3bd8 
  0x00007fd9e63cefb8: 7444 4833 | ff4c 8b9e | a000 0000 | 498b d348 | c1e2 260f | 8921 0000 | 00f3 480f | b8d2 488b 
  0x00007fd9e63cefd8: 5e28 483b | 04d3 7415 | 490f bae3 | 1a73 0b49 

  0x00007fd9e63cefe8: ;   {runtime_call StubRoutines (compiler stubs)}
  0x00007fd9e63cefe8: c1cb 19e8 | 07f6 fcfe | eb03 48ff | c748 85ff | 0f85 2e1d | 0000 498b | eabe 54ff | ffff 4c8b 
  0x00007fd9e63cf008: 5424 284c | 8914 244c | 8b54 2418 | 4c89 5424 | 084c 8b54 | 2438 4c89 | 5424 184c | 8b54 2430 
  0x00007fd9e63cf028: 4c89 5424 | 2866 6690 

  0x00007fd9e63cf030: ;   {runtime_call UncommonTrapBlob}
  0x00007fd9e63cf030: c5f8 77e8 

  0x00007fd9e63cf034: ; ImmutableOopMap {rbp=Oop [0]=Oop [8]=Oop [16]=Oop [24]=Oop [40]=Oop [76]=NarrowOop }
                      ;*ifnonnull {reexecute=1 rethrow=0 return_oop=0}
                      ; - (reexecute) org.springframework.util.ConcurrentReferenceHashMap$Segment::restructureIfNecessary@41 (line 576)
                      ; - org.springframework.util.ConcurrentReferenceHashMap$Segment::getReference@9 (line 496)
                      ; - org.springframework.util.ConcurrentReferenceHashMap::getReference@14 (line 266)
                      ; - org.springframework.util.ConcurrentReferenceHashMap::get@5 (line 236)
                      ; - java.util.concurrent.ConcurrentMap::computeIfAbsent@7
                      ; - org.springframework.core.annotation.AttributeMethods::forAnnotationType@17 (line 251)
                      ; - org.springframework.core.annotation.AnnotationTypeMapping::<init>@86 (line 119)
                      ; - org.springframework.core.annotation.AnnotationTypeMappings::addIfPossible@11 (line 118)
  0x00007fd9e63cf034: c8c2 fbfe 

  0x00007fd9e63cf038: ;   {other}
  0x00007fd9e63cf038: 0f1f 8400 | a838 0026 

  0x00007fd9e63cf040: ;   {metadata('org/springframework/core/annotation/AnnotationTypeMapping')}
  0x00007fd9e63cf040: 48be 00fd | 1a9d d97f | 0000 488b | e966 6690 

  0x00007fd9e63cf050: ;   {runtime_call _new_instance_Java}
  0x00007fd9e63cf050: c5f8 77e8 

  0x00007fd9e63cf054: ; ImmutableOopMap {rbp=Oop [16]=Oop [40]=Oop [48]=Oop [64]=Oop [72]=Oop }
                      ;*new {reexecute=0 rethrow=0 return_oop=1}
                      ; - org.springframework.core.annotation.AnnotationTypeMappings::addIfPossible@1 (line 118)
  0x00007fd9e63cf054: 285b fdfe 

  0x00007fd9e63cf058: ;   {other}
  0x00007fd9e63cf058: 0f1f 8400 | c838 0027 | e92a cfff 

  0x00007fd9e63cf064: ;   {metadata('java/util/HashSet')}
  0x00007fd9e63cf064: ff48 be50 | cc0d 9cd9 | 7f00 0048 | 8b6c 2428 | 4c8b 5424 | 404c 8914 | 2448 8944 | 2420 6690 
  0x00007fd9e63cf084: ;   {runtime_call _new_instance_Java}
  0x00007fd9e63cf084: c5f8 77e8 

  0x00007fd9e63cf088: ; ImmutableOopMap {rbp=Oop [0]=Oop [16]=Oop [32]=Oop [40]=Oop [48]=Oop [64]=Oop [72]=Oop [80]=Oop }
                      ;*new {reexecute=0 rethrow=0 return_oop=1}
                      ; - org.springframework.core.annotation.AnnotationTypeMapping::<init>@5 (line 105)
                      ; - org.springframework.core.annotation.AnnotationTypeMappings::addIfPossible@11 (line 118)
  0x00007fd9e63cf088: f45a fdfe 

  0x00007fd9e63cf08c: ;   {other}
  0x00007fd9e63cf08c: 0f1f 8400 | fc38 0028 | 488b e8e9 | 35cf ffff 

  0x00007fd9e63cf09c: ;   {metadata('java/util/HashMap')}
  0x00007fd9e63cf09c: 48be 90cf | 089c d97f | 0000 4c8b | 5424 404c | 8954 2408 | 4c8b 5424 | 504c 8954 | 2420 6690 
  0x00007fd9e63cf0bc: ;   {runtime_call _new_instance_Java}
  0x00007fd9e63cf0bc: c5f8 77e8 

  0x00007fd9e63cf0c0: ; ImmutableOopMap {rbp=Oop [8]=Oop [16]=Oop [32]=Oop [40]=Oop [48]=Oop [64]=Oop [72]=Oop [80]=Oop }
                      ;*new {reexecute=0 rethrow=0 return_oop=1}
                      ; - java.util.HashSet::<init>@5
                      ; - org.springframework.core.annotation.AnnotationTypeMapping::<init>@9 (line 105)
                      ; - org.springframework.core.annotation.AnnotationTypeMappings::addIfPossible@11 (line 118)
  0x00007fd9e63cf0c0: bc5a fdfe 

  0x00007fd9e63cf0c4: ;   {other}
  0x00007fd9e63cf0c4: 0f1f 8400 | 3439 0029 | e948 cfff | ff4c 8944 

  0x00007fd9e63cf0d4: ;   {metadata('org/springframework/core/annotation/AnnotationTypeMapping$MirrorSets')}
  0x00007fd9e63cf0d4: 2408 48be | 80a6 1a9d | d97f 0000 

  0x00007fd9e63cf0e0: ;   {runtime_call _new_instance_Java}
  0x00007fd9e63cf0e0: c5f8 77e8 

  0x00007fd9e63cf0e4: ; ImmutableOopMap {[8]=Oop [16]=Oop [40]=Oop [48]=Oop [64]=Oop [80]=Oop [136]=NarrowOop }
                      ;*new {reexecute=0 rethrow=0 return_oop=1}
                      ; - org.springframework.core.annotation.AnnotationTypeMapping::<init>@93 (line 120)
                      ; - org.springframework.core.annotation.AnnotationTypeMappings::addIfPossible@11 (line 118)
  0x00007fd9e63cf0e4: 985a fdfe 

  0x00007fd9e63cf0e8: ;   {other}
  0x00007fd9e63cf0e8: 0f1f 8400 | 5839 002a | 4c8b 4424 | 084c 8bc8 | e96d d9ff | ff4c 8944 

  0x00007fd9e63cf100: ;   {metadata('java/util/HashMap')}
  0x00007fd9e63cf100: 2408 48be | 90cf 089c | d97f 0000 

  0x00007fd9e63cf10c: ;   {runtime_call _new_instance_Java}
  0x00007fd9e63cf10c: c5f8 77e8 

  0x00007fd9e63cf110: ; ImmutableOopMap {[8]=Oop [16]=Oop [40]=Oop [48]=Oop [64]=Oop [80]=Oop [136]=NarrowOop }
                      ;*new {reexecute=0 rethrow=0 return_oop=1}
                      ; - org.springframework.core.annotation.AnnotationTypeMapping::resolveAliasedForTargets@0 (line 144)
                      ; - org.springframework.core.annotation.AnnotationTypeMapping::<init>@162 (line 125)
                      ; - org.springframework.core.annotation.AnnotationTypeMappings::addIfPossible@11 (line 118)
  0x00007fd9e63cf110: 6c5a fdfe 

  0x00007fd9e63cf114: ;   {other}
  0x00007fd9e63cf114: 0f1f 8400 | 8439 002b | 4c8b 4424 | 08e9 e4e0 | ffff 4c89 

  0x00007fd9e63cf128: ;   {metadata('org/springframework/core/annotation/AnnotationTypeMapping'[])}
  0x00007fd9e63cf128: 4424 0848 | beb8 a81a | 9dd9 7f00 | 0041 8bd3 

  0x00007fd9e63cf138: ;   {runtime_call _new_array_Java}
  0x00007fd9e63cf138: c5f8 77e8 

  0x00007fd9e63cf13c: ; ImmutableOopMap {[8]=Oop [16]=Oop [40]=Oop [48]=Oop [64]=Oop [80]=Oop [136]=NarrowOop }
                      ;*anewarray {reexecute=0 rethrow=0 return_oop=1}
                      ; - org.springframework.core.annotation.AnnotationTypeMapping::<init>@154 (line 124)
                      ; - org.springframework.core.annotation.AnnotationTypeMappings::addIfPossible@11 (line 118)
  0x00007fd9e63cf13c: 4057 fdfe 

  0x00007fd9e63cf140: ;   {other}
  0x00007fd9e63cf140: 0f1f 8400 | b039 002c | 4c8b 4424 | 0848 8bd8 | e94a e0ff | ff4c 894c 

  0x00007fd9e63cf158: ;   {metadata('java/util/Collections$UnmodifiableMap')}
  0x00007fd9e63cf158: 2408 48be | 188e 1c9c | d97f 0000 

  0x00007fd9e63cf164: ;   {runtime_call _new_instance_Java}
  0x00007fd9e63cf164: c5f8 77e8 

  0x00007fd9e63cf168: ; ImmutableOopMap {[8]=Oop [16]=Oop [40]=Oop [48]=Oop [64]=Oop [80]=Oop [136]=NarrowOop }
                      ;*new {reexecute=0 rethrow=0 return_oop=1}
                      ; - java.util.Collections::unmodifiableMap@13
                      ; - org.springframework.core.annotation.AnnotationTypeMapping::resolveAliasedForTargets@85 (line 153)
                      ; - org.springframework.core.annotation.AnnotationTypeMapping::<init>@162 (line 125)
                      ; - org.springframework.core.annotation.AnnotationTypeMappings::addIfPossible@11 (line 118)
  0x00007fd9e63cf168: 145a fdfe 

  0x00007fd9e63cf16c: ;   {other}
  0x00007fd9e63cf16c: 0f1f 8400 | dc39 002d | 4c8b 4c24 | 08e9 81e1 

  0x00007fd9e63cf17c: ;   {metadata('java/util/ArrayList')}
  0x00007fd9e63cf17c: ffff 48be | c8ad 0b9c | d97f 0000 

  0x00007fd9e63cf188: ;   {runtime_call _new_instance_Java}
  0x00007fd9e63cf188: c5f8 77e8 

  0x00007fd9e63cf18c: ; ImmutableOopMap {[16]=Oop [40]=Oop [48]=Oop [64]=Oop [80]=Oop [136]=NarrowOop }
                      ;*new {reexecute=0 rethrow=0 return_oop=1}
                      ; - org.springframework.core.annotation.AnnotationTypeMapping::processAliases@0 (line 227)
                      ; - org.springframework.core.annotation.AnnotationTypeMapping::<init>@169 (line 126)
                      ; - org.springframework.core.annotation.AnnotationTypeMappings::addIfPossible@11 (line 118)
  0x00007fd9e63cf18c: f059 fdfe 

  0x00007fd9e63cf190: ;   {other}
  0x00007fd9e63cf190: 0f1f 8400 | 003a 002e | e9c7 e1ff | ff44 895c | 2404 488b 

  0x00007fd9e63cf1a4: ;   {metadata('java/util/Collections$SingletonList')}
  0x00007fd9e63cf1a4: 6c24 5048 | be68 5005 | 9dd9 7f00 | 004c 8b54 | 2440 4c89 | 5424 3890 

  0x00007fd9e63cf1bc: ;   {runtime_call _new_instance_Java}
  0x00007fd9e63cf1bc: c5f8 77e8 

  0x00007fd9e63cf1c0: ; ImmutableOopMap {rbp=Oop [4]=NarrowOop [16]=Oop [40]=Oop [48]=Oop [56]=Oop [64]=Oop [72]=Oop [80]=Oop [136]=NarrowOop }
                      ;*new {reexecute=0 rethrow=0 return_oop=1}
                      ; - java.util.Collections::singletonList@0
                      ; - org.springframework.core.annotation.AnnotationTypeMapping::merge@5 (line 135)
                      ; - org.springframework.core.annotation.AnnotationTypeMapping::<init>@73 (line 115)
                      ; - org.springframework.core.annotation.AnnotationTypeMappings::addIfPossible@11 (line 118)
  0x00007fd9e63cf1c0: bc59 fdfe 

  0x00007fd9e63cf1c4: ;   {other}
  0x00007fd9e63cf1c4: 0f1f 8400 | 343a 002f | 448b 5c24 | 04e9 63d5 | ffff 4c89 | 4c24 184c | 8944 2408 

  0x00007fd9e63cf1e0: ;   {metadata('org/springframework/core/annotation/AnnotationTypeMapping$MirrorSets$MirrorSet'[])}
  0x00007fd9e63cf1e0: 48be 88a4 | 1a9d d97f | 0000 6690 

  0x00007fd9e63cf1ec: ;   {runtime_call _new_array_Java}
  0x00007fd9e63cf1ec: c5f8 77e8 

  0x00007fd9e63cf1f0: ; ImmutableOopMap {[8]=Oop [16]=Oop [24]=Oop [40]=Oop [48]=Oop [64]=Oop [80]=Oop [136]=NarrowOop }
                      ;*anewarray {reexecute=0 rethrow=0 return_oop=1}
                      ; - org.springframework.core.annotation.AnnotationTypeMapping$MirrorSets::<init>@27 (line 692)
                      ; - org.springframework.core.annotation.AnnotationTypeMapping::<init>@98 (line 120)
                      ; - org.springframework.core.annotation.AnnotationTypeMappings::addIfPossible@11 (line 118)
  0x00007fd9e63cf1f0: 8c56 fdfe 

  0x00007fd9e63cf1f4: ;   {other}
  0x00007fd9e63cf1f4: 0f1f 8400 | 643a 0030 | 4c8b 4424 | 084c 8b4c | 2418 488b | d8e9 53d9 | ffff 4489 | 5424 0c4c 
  0x00007fd9e63cf214: 8944 2418 

  0x00007fd9e63cf218: ;   {metadata({type array int})}
  0x00007fd9e63cf218: 48be 0827 | 009c d97f | 0000 8b54 | 240c 6690 

  0x00007fd9e63cf228: ;   {runtime_call _new_array_Java}
  0x00007fd9e63cf228: c5f8 77e8 

  0x00007fd9e63cf22c: ; ImmutableOopMap {[16]=Oop [24]=Oop [40]=Oop [48]=Oop [64]=Oop [80]=Oop [136]=NarrowOop }
                      ;*newarray {reexecute=0 rethrow=0 return_oop=1}
                      ; - org.springframework.core.annotation.AnnotationTypeMapping::filledIntArray@9 (line 614)
                      ; - org.springframework.core.annotation.AnnotationTypeMapping::<init>@112 (line 121)
                      ; - org.springframework.core.annotation.AnnotationTypeMappings::addIfPossible@11 (line 118)
  0x00007fd9e63cf22c: 5056 fdfe 

  0x00007fd9e63cf230: ;   {other}
  0x00007fd9e63cf230: 0f1f 8400 | a03a 0031 | 4c8b 4424 | 1844 8b54 | 240c 4c8b | d8e9 49da | ffff 4c89 | 4c24 6048 
  0x00007fd9e63cf250: 895c 2458 | 4889 5424 | 1844 895c | 2404 4c89 

  0x00007fd9e63cf260: ;   {metadata({type array int})}
  0x00007fd9e63cf260: 4424 0848 | be08 2700 | 9cd9 7f00 | 0041 8bd3 

  0x00007fd9e63cf270: ;   {runtime_call _new_array_Java}
  0x00007fd9e63cf270: c5f8 77e8 

  0x00007fd9e63cf274: ; ImmutableOopMap {[8]=Oop [16]=Oop [40]=Oop [48]=Oop [64]=Oop [80]=Oop [136]=NarrowOop }
                      ;*newarray {reexecute=0 rethrow=0 return_oop=1}
                      ; - org.springframework.core.annotation.AnnotationTypeMapping::filledIntArray@9 (line 614)
                      ; - org.springframework.core.annotation.AnnotationTypeMapping::<init>@126 (line 122)
                      ; - org.springframework.core.annotation.AnnotationTypeMappings::addIfPossible@11 (line 118)
  0x00007fd9e63cf274: 0856 fdfe 

  0x00007fd9e63cf278: ;   {other}
  0x00007fd9e63cf278: 0f1f 8400 | e83a 0032 | 4c8b 4424 | 0844 8b5c | 2404 488b | 5424 184c | 8bd0 488b | 5c24 584c 
  0x00007fd9e63cf298: 8b4c 2460 | e9bf dbff | ff89 4c24 | 684c 894c | 2460 4889 | 5c24 5848 | 8954 2420 | 4489 5c24 
  0x00007fd9e63cf2b8: 0c4c 8944 

  0x00007fd9e63cf2bc: ;   {metadata({type array int})}
  0x00007fd9e63cf2bc: 2418 48be | 0827 009c | d97f 0000 | 418b d390 

  0x00007fd9e63cf2cc: ;   {runtime_call _new_array_Java}
  0x00007fd9e63cf2cc: c5f8 77e8 

  0x00007fd9e63cf2d0: ; ImmutableOopMap {[16]=Oop [24]=Oop [40]=Oop [48]=Oop [64]=Oop [80]=Oop [136]=NarrowOop }
                      ;*newarray {reexecute=0 rethrow=0 return_oop=1}
                      ; - org.springframework.core.annotation.AnnotationTypeMapping::filledIntArray@9 (line 614)
                      ; - org.springframework.core.annotation.AnnotationTypeMapping::<init>@140 (line 123)
                      ; - org.springframework.core.annotation.AnnotationTypeMappings::addIfPossible@11 (line 118)
  0x00007fd9e63cf2d0: ac55 fdfe 

  0x00007fd9e63cf2d4: ;   {other}
  0x00007fd9e63cf2d4: 0f1f 8400 | 443b 0033 | 4c8b 4424 | 1844 8b5c | 240c 488b | 5424 204c | 8be8 e91a | ddff ff89 
  0x00007fd9e63cf2f4: 6c24 6848 | 895c 2460 | 4889 7c24 | 5889 7424 | 4c44 894c | 2448 894c | 240c 4c89 | 5424 384c 
  0x00007fd9e63cf314: 896c 2420 | 4c89 7424 

  0x00007fd9e63cf31c: ;   {metadata({type array byte})}
  0x00007fd9e63cf31c: 1848 be18 | 2300 9cd9 | 7f00 008b 

  0x00007fd9e63cf328: ;   {oop([B{0x00000000cdeb8078})}
  0x00007fd9e63cf328: d548 bd78 | 80eb cd00 | 0000 0090 

  0x00007fd9e63cf334: ;   {runtime_call _new_array_Java}
  0x00007fd9e63cf334: c5f8 77e8 

  0x00007fd9e63cf338: ; ImmutableOopMap {rbp=Oop [24]=Derived_oop_rbp [12]=NarrowOop [16]=Oop [32]=Oop [40]=Oop [48]=Oop [56]=Oop [64]=Oop [80]=Oop [136]=NarrowOop }
                      ;*invokevirtual allocateUninitializedArray0 {reexecute=0 rethrow=0 return_oop=1}
                      ; - jdk.internal.misc.Unsafe::allocateUninitializedArray@51
                      ; - java.lang.StringConcatHelper::newArray@33
                      ; - java.lang.invoke.DirectMethodHandle$Holder::invokeStatic@10
                      ; - java.lang.invoke.LambdaForm$MH/0x00007fd99d0c4400::invoke@62
                      ; - java.lang.invoke.Invokers$Holder::linkToTargetMethod@6
                      ; - org.springframework.core.annotation.AnnotationTypeMapping::addConventionMappings@175 (line 311)
                      ; - org.springframework.core.annotation.AnnotationTypeMapping::<init>@173 (line 127)
                      ; - org.springframework.core.annotation.AnnotationTypeMappings::addIfPossible@11 (line 118)
  0x00007fd9e63cf338: 4455 fdfe 

  0x00007fd9e63cf33c: ;   {other}
  0x00007fd9e63cf33c: 0f1f 8400 | ac3b 0034 | 4c8b 7424 | 184c 8b6c | 2420 4c8b | 5424 388b | 4c24 0c44 | 8b4c 2448 
  0x00007fd9e63cf35c: 8b74 244c | 488b 7c24 | 5848 8b5c | 2460 8b6c | 2468 e9a2 | e5ff ff4d | 8bd0 4c89 | 6c24 204c 
  0x00007fd9e63cf37c: 8974 2418 

  0x00007fd9e63cf380: ;   {metadata('java/lang/String')}
  0x00007fd9e63cf380: 48be 78e8 | 009c d97f | 0000 4c89 

  0x00007fd9e63cf38c: ;   {oop([B{0x00000000cdeb8078})}
  0x00007fd9e63cf38c: 5424 5848 | bd78 80eb | cd00 0000 | 0066 6690 

  0x00007fd9e63cf39c: ;   {runtime_call _new_instance_Java}
  0x00007fd9e63cf39c: c5f8 77e8 

  0x00007fd9e63cf3a0: ; ImmutableOopMap {rbp=Oop [24]=Derived_oop_rbp [12]=NarrowOop [16]=Oop [32]=Oop [40]=Oop [48]=Oop [64]=Oop [80]=Oop [88]=Oop [136]=NarrowOop }
                      ;*new {reexecute=0 rethrow=0 return_oop=1}
                      ; - java.lang.StringConcatHelper::newString@6
                      ; - java.lang.invoke.DirectMethodHandle$Holder::invokeStatic@13
                      ; - java.lang.invoke.LambdaForm$MH/0x00007fd99d0c4400::invoke@106
                      ; - java.lang.invoke.Invokers$Holder::linkToTargetMethod@6
                      ; - org.springframework.core.annotation.AnnotationTypeMapping::addConventionMappings@175 (line 311)
                      ; - org.springframework.core.annotation.AnnotationTypeMapping::<init>@173 (line 127)
                      ; - org.springframework.core.annotation.AnnotationTypeMappings::addIfPossible@11 (line 118)
  0x00007fd9e63cf3a0: dc57 fdfe 

  0x00007fd9e63cf3a4: ;   {other}
  0x00007fd9e63cf3a4: 0f1f 8400 | 143c 0035 | 4c8b 7424 | 184c 8b6c | 2420 488b | d0e9 d4e6 | ffff 897c | 2418 4489 
  0x00007fd9e63cf3c4: 5c24 044c | 8944 2408 

  0x00007fd9e63cf3cc: ;   {metadata('java/lang/Object'[])}
  0x00007fd9e63cf3cc: 48be 7012 | 009c d97f | 0000 ba0a | 0000 0090 

  0x00007fd9e63cf3dc: ;   {runtime_call _new_array_Java}
  0x00007fd9e63cf3dc: c5f8 77e8 

  0x00007fd9e63cf3e0: ; ImmutableOopMap {[8]=Oop [16]=Oop [24]=NarrowOop [40]=Oop [48]=Oop [64]=Oop [80]=Oop [136]=NarrowOop }
                      ;*anewarray {reexecute=0 rethrow=0 return_oop=1}
                      ; - java.util.ArrayList::grow@52
                      ; - java.util.ArrayList::grow@7
                      ; - java.util.ArrayList::add@7
                      ; - java.util.ArrayList::add@20
                      ; - org.springframework.core.annotation.AnnotationTypeMapping::processAliases@36 (line 230)
                      ; - org.springframework.core.annotation.AnnotationTypeMapping::<init>@169 (line 126)
                      ; - org.springframework.core.annotation.AnnotationTypeMappings::addIfPossible@11 (line 118)
  0x00007fd9e63cf3e0: 9c54 fdfe 

  0x00007fd9e63cf3e4: ;   {other}
  0x00007fd9e63cf3e4: 0f1f 8400 | 543c 0036 | 4c8b 4424 | 0848 8bc8 | 448b 5c24 | 048b 7c24 | 18e9 a4f0 | ffff 4889 
  0x00007fd9e63cf404: 5c24 1844 | 8944 2408 | 4489 5c24 | 0448 8b6c 

  0x00007fd9e63cf414: ;   {metadata('java/util/ArrayList')}
  0x00007fd9e63cf414: 2450 48be | c8ad 0b9c | d97f 0000 

  0x00007fd9e63cf420: ;   {runtime_call _new_instance_Java}
  0x00007fd9e63cf420: c5f8 77e8 

  0x00007fd9e63cf424: ; ImmutableOopMap {rbp=Oop [4]=NarrowOop [8]=NarrowOop [16]=Oop [24]=Oop [40]=Oop [48]=Oop [64]=Oop [72]=Oop [80]=Oop [136]=NarrowOop }
                      ;*new {reexecute=0 rethrow=0 return_oop=1}
                      ; - org.springframework.core.annotation.AnnotationTypeMapping::merge@9 (line 137)
                      ; - org.springframework.core.annotation.AnnotationTypeMapping::<init>@73 (line 115)
                      ; - org.springframework.core.annotation.AnnotationTypeMappings::addIfPossible@11 (line 118)
  0x00007fd9e63cf424: 5857 fdfe 

  0x00007fd9e63cf428: ;   {other}
  0x00007fd9e63cf428: 0f1f 8400 | 983c 0037 | 448b 5c24 | 0444 8b44 | 2408 4c8b | c848 8b5c | 2418 e9cd | ccff ff49 
  0x00007fd9e63cf448: ;   {metadata('java/util/Collections$UnmodifiableRandomAccessList')}
  0x00007fd9e63cf448: 8beb 48be | d885 1c9c | d97f 0000 | 4c8b 5424 | 404c 8954 | 2408 4c8b | 5424 504c | 8954 2418 
  0x00007fd9e63cf468: ;   {runtime_call _new_instance_Java}
  0x00007fd9e63cf468: c5f8 77e8 

  0x00007fd9e63cf46c: ; ImmutableOopMap {rbp=Oop [8]=Oop [16]=Oop [24]=Oop [40]=Oop [48]=Oop [64]=Oop [72]=Oop [80]=Oop [136]=NarrowOop }
                      ;*new {reexecute=0 rethrow=0 return_oop=1}
                      ; - java.util.Collections::unmodifiableList@31
                      ; - org.springframework.core.annotation.AnnotationTypeMapping::merge@42 (line 140)
                      ; - org.springframework.core.annotation.AnnotationTypeMapping::<init>@73 (line 115)
                      ; - org.springframework.core.annotation.AnnotationTypeMappings::addIfPossible@11 (line 118)
  0x00007fd9e63cf46c: 1057 fdfe 

  0x00007fd9e63cf470: ;   {other}
  0x00007fd9e63cf470: 0f1f 8400 | e03c 0038 | 4c8b dde9 | 2ed2 ffff | 4c89 4424 | 1845 8bc2 | 4c89 4c24 | 0844 895c 
  0x00007fd9e63cf490: 2404 488b 

  0x00007fd9e63cf494: ;   {metadata('java/lang/Object'[])}
  0x00007fd9e63cf494: 6c24 5048 | be70 1200 | 9cd9 7f00 | 0041 8bd0 

  0x00007fd9e63cf4a4: ;   {runtime_call _new_array_Java}
  0x00007fd9e63cf4a4: c5f8 77e8 

  0x00007fd9e63cf4a8: ; ImmutableOopMap {rbp=Oop [4]=NarrowOop [8]=Oop [16]=Oop [24]=Oop [40]=Oop [48]=Oop [64]=Oop [72]=Oop [80]=Oop [136]=NarrowOop }
                      ;*anewarray {reexecute=0 rethrow=0 return_oop=1}
                      ; - java.util.ArrayList::<init>@10
                      ; - org.springframework.core.annotation.AnnotationTypeMapping::merge@21 (line 137)
                      ; - org.springframework.core.annotation.AnnotationTypeMapping::<init>@73 (line 115)
                      ; - org.springframework.core.annotation.AnnotationTypeMappings::addIfPossible@11 (line 118)
  0x00007fd9e63cf4a8: d453 fdfe 

  0x00007fd9e63cf4ac: ;   {other}
  0x00007fd9e63cf4ac: 0f1f 8400 | 1c3d 0039 | 448b 5c24 | 044c 8b4c | 2408 4c8b | 4424 1848 | 8bd8 e9ac | cdff ff44 
  0x00007fd9e63cf4cc: 894c 2418 | 4489 4424 | 0c44 8954 | 2408 4889 | 1c24 498b 

  0x00007fd9e63cf4e0: ;   {metadata('java/lang/Object'[])}
  0x00007fd9e63cf4e0: eb48 be70 | 1200 9cd9 | 7f00 004c | 8b54 2440 | 4c89 5424 | 3866 6690 

  0x00007fd9e63cf4f8: ;   {runtime_call _new_array_Java}
  0x00007fd9e63cf4f8: c5f8 77e8 

  0x00007fd9e63cf4fc: ; ImmutableOopMap {rbp=Oop [0]=Oop [16]=Oop [40]=Oop [48]=Oop [56]=Oop [64]=Oop [72]=Oop [80]=Oop [136]=NarrowOop [140]=NarrowOop }
                      ;*anewarray {reexecute=0 rethrow=0 return_oop=1}
                      ; - java.util.ArrayList::grow@52
                      ; - java.util.ArrayList::addAll@51
                      ; - org.springframework.core.annotation.AnnotationTypeMapping::merge@27 (line 138)
                      ; - org.springframework.core.annotation.AnnotationTypeMapping::<init>@73 (line 115)
                      ; - org.springframework.core.annotation.AnnotationTypeMappings::addIfPossible@11 (line 118)
  0x00007fd9e63cf4fc: 8053 fdfe 

  0x00007fd9e63cf500: ;   {other}
  0x00007fd9e63cf500: 0f1f 8400 | 703d 003a | 4c8b dd48 | 8b1c 2444 | 8b54 2408 | 448b 4424 | 0c44 8b4c | 2418 4c8b 
  0x00007fd9e63cf520: e8e9 fdce | ffff bee4 | ffff ff48 | 8b6c 2428 | 4c8b 5424 | 404c 8914 | 244c 8b54 | 2410 4c89 
  0x00007fd9e63cf540: 5424 084c | 8b54 2450 | 4c89 5424 | 184c 8b54 | 2430 4c89 | 5424 204c | 8b54 2450 | 4c89 5424 
  0x00007fd9e63cf560: 2844 895c | 2438 4c89 | 4424 4048 | 895c 2448 | 4489 4c24 | 3c89 7c24 | 544c 8944 | 2458 894c 
  0x00007fd9e63cf580: 2460 894c | 2464 8954 | 2468 6690 

  0x00007fd9e63cf58c: ;   {runtime_call UncommonTrapBlob}
  0x00007fd9e63cf58c: c5f8 77e8 

  0x00007fd9e63cf590: ; ImmutableOopMap {rbp=Oop [0]=Oop [8]=Oop [24]=Oop [32]=Oop [40]=Oop [64]=Oop [72]=Oop [84]=NarrowOop [88]=Oop }
                      ;*invokestatic checkIndex {reexecute=0 rethrow=0 return_oop=0}
                      ; - java.util.Objects::checkIndex@3
                      ; - java.util.ArrayList::get@5
                      ; - org.springframework.core.annotation.AnnotationTypeMapping::collectAliases@29 (line 243)
                      ; - org.springframework.core.annotation.AnnotationTypeMapping::processAliases@44 (line 231)
                      ; - org.springframework.core.annotation.AnnotationTypeMapping::<init>@169 (line 126)
                      ; - org.springframework.core.annotation.AnnotationTypeMappings::addIfPossible@11 (line 118)
  0x00007fd9e63cf590: 6cbd fbfe 

  0x00007fd9e63cf594: ;   {other}
  0x00007fd9e63cf594: 0f1f 8400 | 043e 003b | bee4 ffff | ff48 8b6c | 2428 488b | 5424 4048 | 8914 2448 | 8b54 2410 
  0x00007fd9e63cf5b4: 4889 5424 | 0848 8b54 | 2450 4889 | 5424 1848 | 8b54 2430 | 4889 5424 | 2048 8b54 | 2450 4889 
  0x00007fd9e63cf5d4: 5424 2844 | 895c 2438 | 4c89 4424 | 4048 895c | 2448 4489 | 4c24 3c89 | 7c24 5444 | 8954 2458 
  0x00007fd9e63cf5f4: 894c 245c 

  0x00007fd9e63cf5f8: ;   {runtime_call UncommonTrapBlob}
  0x00007fd9e63cf5f8: c5f8 77e8 

  0x00007fd9e63cf5fc: ; ImmutableOopMap {rbp=Oop [0]=Oop [8]=Oop [24]=Oop [32]=Oop [40]=Oop [64]=Oop [72]=Oop [84]=NarrowOop [88]=NarrowOop }
                      ;*aaload {reexecute=0 rethrow=0 return_oop=0}
                      ; - java.util.ArrayList::elementData@5
                      ; - java.util.ArrayList::get@11
                      ; - org.springframework.core.annotation.AnnotationTypeMapping::collectAliases@29 (line 243)
                      ; - org.springframework.core.annotation.AnnotationTypeMapping::processAliases@44 (line 231)
                      ; - org.springframework.core.annotation.AnnotationTypeMapping::<init>@169 (line 126)
                      ; - org.springframework.core.annotation.AnnotationTypeMappings::addIfPossible@11 (line 118)
  0x00007fd9e63cf5fc: 00bd fbfe 

  0x00007fd9e63cf600: ;   {other}
  0x00007fd9e63cf600: 0f1f 8400 | 703e 003c | becc ffff | ff48 8b6c | 2428 4c8b | 5424 404c | 8914 244c | 8b54 2410 
  0x00007fd9e63cf620: 4c89 5424 | 084c 8b54 | 2450 4c89 | 5424 184c | 8b54 2430 | 4c89 5424 | 204c 8b54 | 2450 4c89 
  0x00007fd9e63cf640: 5424 2844 | 895c 2438 | 4c89 4424 | 4048 895c | 2448 4489 | 4c24 3c89 | 7c24 544c | 8944 2458 
  0x00007fd9e63cf660: 894c 2460 | 894c 2464 | 8954 2468 

  0x00007fd9e63cf66c: ;   {runtime_call UncommonTrapBlob}
  0x00007fd9e63cf66c: c5f8 77e8 

  0x00007fd9e63cf670: ; ImmutableOopMap {rbp=Oop [0]=Oop [8]=Oop [24]=Oop [32]=Oop [40]=Oop [64]=Oop [72]=Oop [84]=NarrowOop [88]=Oop }
                      ;*invokestatic checkIndex {reexecute=0 rethrow=0 return_oop=0}
                      ; - java.util.Objects::checkIndex@3
                      ; - java.util.ArrayList::get@5
                      ; - org.springframework.core.annotation.AnnotationTypeMapping::collectAliases@29 (line 243)
                      ; - org.springframework.core.annotation.AnnotationTypeMapping::processAliases@44 (line 231)
                      ; - org.springframework.core.annotation.AnnotationTypeMapping::<init>@169 (line 126)
                      ; - org.springframework.core.annotation.AnnotationTypeMappings::addIfPossible@11 (line 118)
  0x00007fd9e63cf670: 8cbc fbfe 

  0x00007fd9e63cf674: ;   {other}
  0x00007fd9e63cf674: 0f1f 8400 | e43e 003d | bede ffff | ff48 8b6c | 2428 4c8b | 5424 404c | 8914 244c | 8b54 2410 
  0x00007fd9e63cf694: 4c89 5424 | 084c 8b54 | 2450 4c89 | 5424 184c | 8b54 2430 | 4c89 5424 | 204c 8b54 | 2450 4c89 
  0x00007fd9e63cf6b4: 5424 2844 | 895c 2438 | 4c89 4424 | 4048 895c | 2448 4489 | 4c24 3c89 | 4c24 5089 | 7c24 5489 
  0x00007fd9e63cf6d4: 5424 5890 

  0x00007fd9e63cf6d8: ;   {runtime_call UncommonTrapBlob}
  0x00007fd9e63cf6d8: c5f8 77e8 

  0x00007fd9e63cf6dc: ; ImmutableOopMap {rbp=Oop [0]=Oop [8]=Oop [24]=Oop [32]=Oop [40]=Oop [64]=Oop [72]=Oop [84]=NarrowOop [88]=NarrowOop }
                      ;*invokeinterface get {reexecute=0 rethrow=0 return_oop=0}
                      ; - org.springframework.core.annotation.AnnotationTypeMapping::collectAliases@34 (line 243)
                      ; - org.springframework.core.annotation.AnnotationTypeMapping::processAliases@44 (line 231)
                      ; - org.springframework.core.annotation.AnnotationTypeMapping::<init>@169 (line 126)
                      ; - org.springframework.core.annotation.AnnotationTypeMappings::addIfPossible@11 (line 118)
  0x00007fd9e63cf6dc: 20bc fbfe 

  0x00007fd9e63cf6e0: ;   {other}
  0x00007fd9e63cf6e0: 0f1f 8400 | 503f 003e | 895c 2404 | 4489 0424 

  0x00007fd9e63cf6f0: ;   {metadata('java/lang/Object'[])}
  0x00007fd9e63cf6f0: 498b eb48 | be70 1200 | 9cd9 7f00 | 004c 8b54 | 2440 4c89 | 5424 184c | 8b54 2450 | 4c89 5424 
  0x00007fd9e63cf710: 3866 6690 

  0x00007fd9e63cf714: ;   {runtime_call _new_array_Java}
  0x00007fd9e63cf714: c5f8 77e8 

  0x00007fd9e63cf718: ; ImmutableOopMap {rbp=Oop [16]=Oop [24]=Oop [40]=Oop [48]=Oop [56]=Oop [64]=Oop [72]=Oop [80]=Oop [136]=NarrowOop [140]=NarrowOop }
                      ;*anewarray {reexecute=0 rethrow=0 return_oop=1}
                      ; - java.util.ArrayList::grow@52
                      ; - java.util.ArrayList::grow@7
                      ; - java.util.ArrayList::add@7
                      ; - java.util.ArrayList::add@20
                      ; - org.springframework.core.annotation.AnnotationTypeMapping::merge@35 (line 139)
                      ; - org.springframework.core.annotation.AnnotationTypeMapping::<init>@73 (line 115)
                      ; - org.springframework.core.annotation.AnnotationTypeMappings::addIfPossible@11 (line 118)
  0x00007fd9e63cf718: 6451 fdfe 

  0x00007fd9e63cf71c: ;   {other}
  0x00007fd9e63cf71c: 0f1f 8400 | 8c3f 003f | 4c8b dd44 | 8b04 248b | 5c24 044c | 8bd0 e9d3 | ceff ffbe | 45ff ffff 
  0x00007fd9e63cf73c: 488b 6c24 | 2848 8b7c | 2440 4889 | 3c24 488b | 7c24 1048 | 897c 2408 | 488b 7c24 | 5048 897c 
  0x00007fd9e63cf75c: 2418 488b | 7c24 3048 | 897c 2420 | 488b 7c24 | 5048 897c | 2428 4489 | 5c24 384c | 8944 2440 
  0x00007fd9e63cf77c: 4889 5c24 | 4844 894c | 243c 894c | 2450 4489 | 5424 5490 

  0x00007fd9e63cf790: ;   {runtime_call UncommonTrapBlob}
  0x00007fd9e63cf790: c5f8 77e8 

  0x00007fd9e63cf794: ; ImmutableOopMap {rbp=Oop [0]=Oop [8]=Oop [24]=Oop [32]=Oop [40]=Oop [64]=Oop [72]=Oop }
                      ;*ifle {reexecute=1 rethrow=0 return_oop=0}
                      ; - (reexecute) java.util.HashMap::getNode@14
                      ; - java.util.HashMap::get@2
                      ; - java.util.Collections$UnmodifiableMap::get@5
                      ; - org.springframework.core.annotation.AnnotationTypeMapping::collectAliases@34 (line 243)
                      ; - org.springframework.core.annotation.AnnotationTypeMapping::processAliases@44 (line 231)
                      ; - org.springframework.core.annotation.AnnotationTypeMapping::<init>@169 (line 126)
                      ; - org.springframework.core.annotation.AnnotationTypeMappings::addIfPossible@11 (line 118)
  0x00007fd9e63cf794: 68bb fbfe 

  0x00007fd9e63cf798: ;   {other}
  0x00007fd9e63cf798: 0f1f 8400 | 0840 0040 | bede ffff | ff48 8b6c | 2428 4c8b | 5c24 404c | 891c 244c | 8b5c 2410 
  0x00007fd9e63cf7b8: 4c89 5c24 | 084c 8b5c | 2450 4c89 | 5c24 184c | 8b5c 2430 | 4c89 5c24 | 204c 8b5c | 2450 4c89 
  0x00007fd9e63cf7d8: 5c24 2848 | 894c 2448 | 4489 5424 | 5066 6690 

  0x00007fd9e63cf7e8: ;   {runtime_call UncommonTrapBlob}
  0x00007fd9e63cf7e8: c5f8 77e8 

  0x00007fd9e63cf7ec: ; ImmutableOopMap {rbp=Oop [0]=Oop [8]=Oop [24]=Oop [32]=Oop [40]=Oop [72]=Oop }
                      ;*invokeinterface getHash {reexecute=0 rethrow=0 return_oop=0}
                      ; - org.springframework.util.ConcurrentReferenceHashMap$Segment::findInChain@10 (line 663)
                      ; - org.springframework.util.ConcurrentReferenceHashMap$Segment::getReference@51 (line 505)
                      ; - org.springframework.util.ConcurrentReferenceHashMap::getReference@14 (line 266)
                      ; - org.springframework.util.ConcurrentReferenceHashMap::get@5 (line 236)
                      ; - java.util.concurrent.ConcurrentMap::computeIfAbsent@7
                      ; - org.springframework.core.annotation.AttributeMethods::forAnnotationType@17 (line 251)
                      ; - org.springframework.core.annotation.AnnotationTypeMapping::<init>@86 (line 119)
                      ; - org.springframework.core.annotation.AnnotationTypeMappings::addIfPossible@11 (line 118)
  0x00007fd9e63cf7ec: 10bb fbfe 

  0x00007fd9e63cf7f0: ;   {other}
  0x00007fd9e63cf7f0: 0f1f 8400 | 6040 0041 | bef6 ffff | ff48 8b6c | 2428 4c8b | 5c24 404c | 891c 244c | 8b5c 2410 
  0x00007fd9e63cf810: 4c89 5c24 | 0844 8954 | 2420 6690 

  0x00007fd9e63cf81c: ;   {runtime_call UncommonTrapBlob}
  0x00007fd9e63cf81c: c5f8 77e8 

  0x00007fd9e63cf820: ; ImmutableOopMap {rbp=Oop [0]=Oop [8]=Oop [80]=Oop }
                      ;*invokevirtual getReference {reexecute=0 rethrow=0 return_oop=0}
                      ; - org.springframework.util.ConcurrentReferenceHashMap::getReference@14 (line 266)
                      ; - org.springframework.util.ConcurrentReferenceHashMap::get@5 (line 236)
                      ; - java.util.concurrent.ConcurrentMap::computeIfAbsent@7
                      ; - org.springframework.core.annotation.AttributeMethods::forAnnotationType@17 (line 251)
                      ; - org.springframework.core.annotation.AnnotationTypeMapping::<init>@86 (line 119)
                      ; - org.springframework.core.annotation.AnnotationTypeMappings::addIfPossible@11 (line 118)
  0x00007fd9e63cf820: dcba fbfe 

  0x00007fd9e63cf824: ;   {other}
  0x00007fd9e63cf824: 0f1f 8400 | 9440 0042 | bef6 ffff | ff48 8b6c | 2428 4c8b | 5424 104c | 8954 2408 

  0x00007fd9e63cf840: ;   {runtime_call UncommonTrapBlob}
  0x00007fd9e63cf840: c5f8 77e8 

  0x00007fd9e63cf844: ; ImmutableOopMap {rbp=Oop [8]=Oop [64]=Oop [80]=Oop }
                      ;*invokevirtual get {reexecute=0 rethrow=0 return_oop=0}
                      ; - org.springframework.util.ConcurrentReferenceHashMap$Segment::restructureIfNecessary@4 (line 573)
                      ; - org.springframework.util.ConcurrentReferenceHashMap$Segment::getReference@9 (line 496)
                      ; - org.springframework.util.ConcurrentReferenceHashMap::getReference@14 (line 266)
                      ; - org.springframework.util.ConcurrentReferenceHashMap::get@5 (line 236)
                      ; - java.util.concurrent.ConcurrentMap::computeIfAbsent@7
                      ; - org.springframework.core.annotation.AttributeMethods::forAnnotationType@17 (line 251)
                      ; - org.springframework.core.annotation.AnnotationTypeMapping::<init>@86 (line 119)
                      ; - org.springframework.core.annotation.AnnotationTypeMappings::addIfPossible@11 (line 118)
  0x00007fd9e63cf844: b8ba fbfe 

  0x00007fd9e63cf848: ;   {other}
  0x00007fd9e63cf848: 0f1f 8400 | b840 0043 | bee4 ffff | ff4c 8954 | 2410 4889 | 5c24 1844 | 895c 2424 

  0x00007fd9e63cf864: ;   {runtime_call UncommonTrapBlob}
  0x00007fd9e63cf864: c5f8 77e8 

  0x00007fd9e63cf868: ; ImmutableOopMap {[16]=Oop [24]=Oop [36]=NarrowOop [40]=Oop [64]=Oop }
                      ;*aastore {reexecute=1 rethrow=0 return_oop=0}
                      ; - (reexecute) java.util.ArrayDeque::addLast@23
                      ; - org.springframework.core.annotation.AnnotationTypeMappings::addIfPossible@14 (line 118)
  0x00007fd9e63cf868: 94ba fbfe 

  0x00007fd9e63cf86c: ;   {other}
  0x00007fd9e63cf86c: 0f1f 8400 | dc40 0044 | bee4 ffff | ff4c 8b5c | 2428 4c89 | 1c24 4c8b | 5c24 404c | 895c 2408 
  0x00007fd9e63cf88c: 4c8b 5c24 | 504c 895c | 2418 4c8b | 5c24 304c | 895c 2428 | 4489 5424 | 4889 5c24 | 4c66 6690 
  0x00007fd9e63cf8ac: ;   {runtime_call UncommonTrapBlob}
  0x00007fd9e63cf8ac: c5f8 77e8 

  0x00007fd9e63cf8b0: ; ImmutableOopMap {[0]=Oop [8]=Oop [16]=Oop [24]=Oop [40]=Oop [76]=NarrowOop }
                      ;*aaload {reexecute=0 rethrow=0 return_oop=0}
                      ; - org.springframework.util.ConcurrentReferenceHashMap::getSegmentForHash@21 (line 424)
                      ; - org.springframework.util.ConcurrentReferenceHashMap::getReference@8 (line 266)
                      ; - org.springframework.util.ConcurrentReferenceHashMap::get@5 (line 236)
                      ; - java.util.concurrent.ConcurrentMap::computeIfAbsent@7
                      ; - org.springframework.core.annotation.AttributeMethods::forAnnotationType@17 (line 251)
                      ; - org.springframework.core.annotation.AnnotationTypeMapping::<init>@86 (line 119)
                      ; - org.springframework.core.annotation.AnnotationTypeMappings::addIfPossible@11 (line 118)
  0x00007fd9e63cf8b0: 4cba fbfe 

  0x00007fd9e63cf8b4: ;   {other}
  0x00007fd9e63cf8b4: 0f1f 8400 | 2441 0045 | bede ffff | ff4c 8b5c | 2428 4c89 | 1c24 4c8b | 5c24 404c | 895c 2408 
  0x00007fd9e63cf8d4: 4c8b 5c24 | 504c 895c | 2418 4c8b | 5c24 304c | 895c 2428 | 4489 5424 | 4c44 894c | 2450 6690 
  0x00007fd9e63cf8f4: ;   {runtime_call UncommonTrapBlob}
  0x00007fd9e63cf8f4: c5f8 77e8 

  0x00007fd9e63cf8f8: ; ImmutableOopMap {rbp=NarrowOop [0]=Oop [8]=Oop [16]=Oop [24]=Oop [40]=Oop [80]=NarrowOop }
                      ;*invokevirtual poll {reexecute=0 rethrow=0 return_oop=0}
                      ; - org.springframework.util.ConcurrentReferenceHashMap$ReferenceManager::pollForPurge@4 (line 1025)
                      ; - org.springframework.util.ConcurrentReferenceHashMap$Segment::restructureIfNecessary@34 (line 575)
                      ; - org.springframework.util.ConcurrentReferenceHashMap$Segment::getReference@9 (line 496)
                      ; - org.springframework.util.ConcurrentReferenceHashMap::getReference@14 (line 266)
                      ; - org.springframework.util.ConcurrentReferenceHashMap::get@5 (line 236)
                      ; - java.util.concurrent.ConcurrentMap::computeIfAbsent@7
                      ; - org.springframework.core.annotation.AttributeMethods::forAnnotationType@17 (line 251)
                      ; - org.springframework.core.annotation.AnnotationTypeMapping::<init>@86 (line 119)
                      ; - org.springframework.core.annotation.AnnotationTypeMappings::addIfPossible@11 (line 118)
  0x00007fd9e63cf8f8: 04ba fbfe 

  0x00007fd9e63cf8fc: ;   {other}
  0x00007fd9e63cf8fc: 0f1f 8400 | 6c41 0046 | bede ffff | ff4c 8b54 | 2428 4c89 | 1424 6690 

  0x00007fd9e63cf914: ;   {runtime_call UncommonTrapBlob}
  0x00007fd9e63cf914: c5f8 77e8 

  0x00007fd9e63cf918: ; ImmutableOopMap {rbp=NarrowOop [0]=Oop [16]=Oop [48]=Oop [64]=Oop [80]=Oop }
                      ;*invokeinterface add {reexecute=0 rethrow=0 return_oop=0}
                      ; - org.springframework.core.annotation.AnnotationTypeMapping::computeSynthesizableFlag@5 (line 381)
                      ; - org.springframework.core.annotation.AnnotationTypeMapping::<init>@184 (line 129)
                      ; - org.springframework.core.annotation.AnnotationTypeMappings::addIfPossible@11 (line 118)
  0x00007fd9e63cf918: e4b9 fbfe 

  0x00007fd9e63cf91c: ;   {other}
  0x00007fd9e63cf91c: 0f1f 8400 | 8c41 0047 | bede ffff | ff4c 8b5c | 2428 4c89 | 1c24 4c89 | 5424 204c | 8954 2428 
  0x00007fd9e63cf93c: ;   {runtime_call UncommonTrapBlob}
  0x00007fd9e63cf93c: c5f8 77e8 

  0x00007fd9e63cf940: ; ImmutableOopMap {rbp=NarrowOop [0]=Oop [16]=Oop [32]=Oop [40]=Oop [48]=Oop [64]=Oop }
                      ;*invokeinterface isEmpty {reexecute=0 rethrow=0 return_oop=0}
                      ; - org.springframework.core.annotation.AnnotationTypeMapping::computeSynthesizableFlag@52 (line 391)
                      ; - org.springframework.core.annotation.AnnotationTypeMapping::<init>@184 (line 129)
                      ; - org.springframework.core.annotation.AnnotationTypeMappings::addIfPossible@11 (line 118)
  0x00007fd9e63cf940: bcb9 fbfe 

  0x00007fd9e63cf944: ;   {other}
  0x00007fd9e63cf944: 0f1f 8400 | b441 0048 | bede ffff | ff4c 8b5c | 2428 4c89 | 1c24 4c89 | 5424 204c | 8954 2428 
  0x00007fd9e63cf964: ;   {runtime_call UncommonTrapBlob}
  0x00007fd9e63cf964: c5f8 77e8 

  0x00007fd9e63cf968: ; ImmutableOopMap {rbp=NarrowOop [0]=Oop [16]=Oop [32]=Oop [40]=Oop [48]=Oop [64]=Oop }
                      ;*invokeinterface isEmpty {reexecute=0 rethrow=0 return_oop=0}
                      ; - java.util.Collections$UnmodifiableMap::isEmpty@4
                      ; - org.springframework.core.annotation.AnnotationTypeMapping::computeSynthesizableFlag@52 (line 391)
                      ; - org.springframework.core.annotation.AnnotationTypeMapping::<init>@184 (line 129)
                      ; - org.springframework.core.annotation.AnnotationTypeMappings::addIfPossible@11 (line 118)
  0x00007fd9e63cf968: 94b9 fbfe 

  0x00007fd9e63cf96c: ;   {other}
  0x00007fd9e63cf96c: 0f1f 8400 | dc41 0049 | bede ffff | ff48 ff74 | 2410 488f | 4424 084c | 8954 2410 

  0x00007fd9e63cf988: ;   {runtime_call UncommonTrapBlob}
  0x00007fd9e63cf988: c5f8 77e8 

  0x00007fd9e63cf98c: ; ImmutableOopMap {[8]=Oop [16]=Oop [40]=Oop [64]=Oop }
                      ;*invokeinterface addLast {reexecute=0 rethrow=0 return_oop=0}
                      ; - org.springframework.core.annotation.AnnotationTypeMappings::addIfPossible@14 (line 118)
  0x00007fd9e63cf98c: 70b9 fbfe 

  0x00007fd9e63cf990: ;   {other}
  0x00007fd9e63cf990: 0f1f 8400 | 0042 004a | bed6 ffff | ff4c 8954 | 2410 4889 | 5c24 1844 | 895c 2424 

  0x00007fd9e63cf9ac: ;   {runtime_call UncommonTrapBlob}
  0x00007fd9e63cf9ac: c5f8 77e8 

  0x00007fd9e63cf9b0: ; ImmutableOopMap {[16]=Oop [24]=Oop [36]=NarrowOop [40]=Oop [64]=Oop }
                      ;*aastore {reexecute=1 rethrow=0 return_oop=0}
                      ; - (reexecute) java.util.ArrayDeque::addLast@23
                      ; - org.springframework.core.annotation.AnnotationTypeMappings::addIfPossible@14 (line 118)
  0x00007fd9e63cf9b0: 4cb9 fbfe 

  0x00007fd9e63cf9b4: ;   {other}
  0x00007fd9e63cf9b4: 0f1f 8400 | 2442 004b | bee4 ffff | ff4c 8b5c | 2428 4c89 | 1c24 4c8b | 5c24 404c | 895c 2408 
  0x00007fd9e63cf9d4: 4c8b 5c24 | 504c 895c | 2420 4c8b | 5c24 304c | 895c 2428 | 4c8b 5c24 | 504c 895c | 2430 4489 
  0x00007fd9e63cf9f4: 4c24 4844 | 8954 244c | 895c 2450 

  0x00007fd9e63cfa00: ;   {runtime_call UncommonTrapBlob}
  0x00007fd9e63cfa00: c5f8 77e8 

  0x00007fd9e63cfa04: ; ImmutableOopMap {[0]=Oop [8]=Oop [16]=Oop [32]=Oop [40]=Oop [48]=Oop [72]=NarrowOop [80]=NarrowOop }
                      ;*aaload {reexecute=0 rethrow=0 return_oop=0}
                      ; - org.springframework.util.ConcurrentReferenceHashMap$Segment::getReference@43 (line 504)
                      ; - org.springframework.util.ConcurrentReferenceHashMap::getReference@14 (line 266)
                      ; - org.springframework.util.ConcurrentReferenceHashMap::get@5 (line 236)
                      ; - java.util.concurrent.ConcurrentMap::computeIfAbsent@7
                      ; - org.springframework.core.annotation.AttributeMethods::forAnnotationType@17 (line 251)
                      ; - org.springframework.core.annotation.AnnotationTypeMapping::<init>@86 (line 119)
                      ; - org.springframework.core.annotation.AnnotationTypeMappings::addIfPossible@11 (line 118)
  0x00007fd9e63cfa04: f8b8 fbfe 

  0x00007fd9e63cfa08: ;   {other}
  0x00007fd9e63cfa08: 0f1f 8400 | 7842 004c | bee4 ffff | ff4c 8b5c | 2428 4c89 | 1c24 4c8b | 5c24 404c | 895c 2408 
  0x00007fd9e63cfa28: 4c8b 5c24 | 304c 895c | 2428 4c89 | 4c24 4044 | 8954 244c 

  0x00007fd9e63cfa3c: ;   {runtime_call UncommonTrapBlob}
  0x00007fd9e63cfa3c: c5f8 77e8 

  0x00007fd9e63cfa40: ; ImmutableOopMap {rbp=NarrowOop [0]=Oop [8]=Oop [16]=Oop [40]=Oop [64]=Oop [80]=Oop }
                      ;*aaload {reexecute=0 rethrow=0 return_oop=0}
                      ; - org.springframework.core.annotation.AttributeMethods::get@5 (line 172)
                      ; - org.springframework.core.annotation.AnnotationTypeMapping::resolveAliasedForTargets@26 (line 146)
                      ; - org.springframework.core.annotation.AnnotationTypeMapping::<init>@162 (line 125)
                      ; - org.springframework.core.annotation.AnnotationTypeMappings::addIfPossible@11 (line 118)
  0x00007fd9e63cfa40: bcb8 fbfe 

  0x00007fd9e63cfa44: ;   {other}
  0x00007fd9e63cfa44: 0f1f 8400 | b442 004d | bee4 ffff | ff48 ff74 | 2428 488f | 0424 4c8b | 5424 404c | 8954 2408 
  0x00007fd9e63cfa64: 4c8b 5424 | 304c 8954 | 2428 4c89 | 4424 4844 | 895c 2444 

  0x00007fd9e63cfa78: ;   {runtime_call UncommonTrapBlob}
  0x00007fd9e63cfa78: c5f8 77e8 

  0x00007fd9e63cfa7c: ; ImmutableOopMap {rbp=NarrowOop [0]=Oop [8]=Oop [16]=Oop [40]=Oop [72]=Oop [80]=Oop }
                      ;*aaload {reexecute=0 rethrow=0 return_oop=0}
                      ; - org.springframework.core.annotation.AttributeMethods::get@5 (line 172)
                      ; - org.springframework.core.annotation.AnnotationTypeMapping::processAliases@33 (line 230)
                      ; - org.springframework.core.annotation.AnnotationTypeMapping::<init>@169 (line 126)
                      ; - org.springframework.core.annotation.AnnotationTypeMappings::addIfPossible@11 (line 118)
  0x00007fd9e63cfa7c: 80b8 fbfe 

  0x00007fd9e63cfa80: ;   {other}
  0x00007fd9e63cfa80: 0f1f 8400 | f042 004e | bee4 ffff | ff48 8b6c | 2428 4c8b | 5424 404c | 8914 244c | 8b54 2410 
  0x00007fd9e63cfaa0: 4c89 5424 | 084c 8b54 | 2430 4c89 | 5424 2044 | 895c 2438 | 4c89 4424 | 4048 894c | 2448 897c 
  0x00007fd9e63cfac0: 243c 6690 

  0x00007fd9e63cfac4: ;   {runtime_call UncommonTrapBlob}
  0x00007fd9e63cfac4: c5f8 77e8 

  0x00007fd9e63cfac8: ; ImmutableOopMap {rbp=Oop [0]=Oop [8]=Oop [32]=Oop [60]=NarrowOop [64]=Oop [72]=Oop [80]=Oop }
                      ;*aastore {reexecute=1 rethrow=0 return_oop=0}
                      ; - (reexecute) java.util.ArrayList::add@14
                      ; - java.util.ArrayList::add@20
                      ; - org.springframework.core.annotation.AnnotationTypeMapping::processAliases@36 (line 230)
                      ; - org.springframework.core.annotation.AnnotationTypeMapping::<init>@169 (line 126)
                      ; - org.springframework.core.annotation.AnnotationTypeMappings::addIfPossible@11 (line 118)
  0x00007fd9e63cfac8: 34b8 fbfe 

  0x00007fd9e63cfacc: ;   {other}
  0x00007fd9e63cfacc: 0f1f 8400 | 3c43 004f | bed6 ffff | ff48 8b6c | 2428 4c8b | 5424 404c | 8914 244c | 8b54 2410 
  0x00007fd9e63cfaec: 4c89 5424 | 084c 8b54 | 2430 4c89 | 5424 2044 | 895c 2438 | 4c89 4424 | 4048 894c | 2448 897c 
  0x00007fd9e63cfb0c: 243c 6690 

  0x00007fd9e63cfb10: ;   {runtime_call UncommonTrapBlob}
  0x00007fd9e63cfb10: c5f8 77e8 

  0x00007fd9e63cfb14: ; ImmutableOopMap {rbp=Oop [0]=Oop [8]=Oop [32]=Oop [60]=NarrowOop [64]=Oop [72]=Oop [80]=Oop }
                      ;*aastore {reexecute=1 rethrow=0 return_oop=0}
                      ; - (reexecute) java.util.ArrayList::add@14
                      ; - java.util.ArrayList::add@20
                      ; - org.springframework.core.annotation.AnnotationTypeMapping::processAliases@36 (line 230)
                      ; - org.springframework.core.annotation.AnnotationTypeMapping::<init>@169 (line 126)
                      ; - org.springframework.core.annotation.AnnotationTypeMappings::addIfPossible@11 (line 118)
  0x00007fd9e63cfb14: e8b7 fbfe 

  0x00007fd9e63cfb18: ;   {other}
  0x00007fd9e63cfb18: 0f1f 8400 | 8843 0050 | bef6 ffff | ff4c 8b54 | 2410 4c89 | 5424 0890 

  0x00007fd9e63cfb30: ;   {runtime_call UncommonTrapBlob}
  0x00007fd9e63cfb30: c5f8 77e8 

  0x00007fd9e63cfb34: ; ImmutableOopMap {[8]=Oop [40]=Oop [64]=Oop [80]=Oop }
                      ;*invokevirtual size {reexecute=0 rethrow=0 return_oop=0}
                      ; - org.springframework.core.annotation.AnnotationTypeMapping::addConventionAnnotationValues@7 (line 353)
                      ; - org.springframework.core.annotation.AnnotationTypeMapping::<init>@177 (line 128)
                      ; - org.springframework.core.annotation.AnnotationTypeMappings::addIfPossible@11 (line 118)
  0x00007fd9e63cfb34: c8b7 fbfe 

  0x00007fd9e63cfb38: ;   {other}
  0x00007fd9e63cfb38: 0f1f 8400 | a843 0051 | be76 ffff | ff48 8b6c | 2428 4c8b | 4424 404c | 8904 244c | 8b44 2410 
  0x00007fd9e63cfb58: 4c89 4424 | 084c 8b44 | 2430 4c89 | 4424 204c | 895c 2438 | 4489 5424 | 4466 6690 

  0x00007fd9e63cfb74: ;   {runtime_call UncommonTrapBlob}
  0x00007fd9e63cfb74: c5f8 77e8 

  0x00007fd9e63cfb78: ; ImmutableOopMap {rbp=Oop [0]=Oop [8]=Oop [32]=Oop [56]=Oop [80]=Oop }
                      ;*if_icmpge {reexecute=1 rethrow=0 return_oop=0}
                      ; - (reexecute) java.util.Arrays::fill@7
                      ; - org.springframework.core.annotation.AnnotationTypeMapping::filledIntArray@14 (line 615)
                      ; - org.springframework.core.annotation.AnnotationTypeMapping::<init>@112 (line 121)
                      ; - org.springframework.core.annotation.AnnotationTypeMappings::addIfPossible@11 (line 118)
  0x00007fd9e63cfb78: 84b7 fbfe 

  0x00007fd9e63cfb7c: ;   {other}
  0x00007fd9e63cfb7c: 0f1f 8400 | ec43 0052 | 448b cae9 | 98d1 ffff | be76 ffff | ff48 8b6c | 2428 4c8b | 4424 404c 
  0x00007fd9e63cfb9c: 8904 244c | 8b44 2410 | 4c89 4424 | 084c 8b44 | 2430 4c89 | 4424 204c | 8954 2438 | 4489 5c24 
  0x00007fd9e63cfbbc: 4466 6690 

  0x00007fd9e63cfbc0: ;   {runtime_call UncommonTrapBlob}
  0x00007fd9e63cfbc0: c5f8 77e8 

  0x00007fd9e63cfbc4: ; ImmutableOopMap {rbp=Oop [0]=Oop [8]=Oop [32]=Oop [56]=Oop [80]=Oop }
                      ;*if_icmpge {reexecute=1 rethrow=0 return_oop=0}
                      ; - (reexecute) java.util.Arrays::fill@7
                      ; - org.springframework.core.annotation.AnnotationTypeMapping::filledIntArray@14 (line 615)
                      ; - org.springframework.core.annotation.AnnotationTypeMapping::<init>@126 (line 122)
                      ; - org.springframework.core.annotation.AnnotationTypeMappings::addIfPossible@11 (line 118)
  0x00007fd9e63cfbc4: 38b7 fbfe 

  0x00007fd9e63cfbc8: ;   {other}
  0x00007fd9e63cfbc8: 0f1f 8400 | 3844 0053 | 418b d04c | 8bd6 e929 | d3ff ffbe | 76ff ffff | 488b 6c24 | 284c 8b54 
  0x00007fd9e63cfbe8: 2440 4c89 | 1424 4c8b | 5424 104c | 8954 2408 | 4c8b 5424 | 304c 8954 | 2420 4c89 | 6c24 3844 
  0x00007fd9e63cfc08: 895c 2444 

  0x00007fd9e63cfc0c: ;   {runtime_call UncommonTrapBlob}
  0x00007fd9e63cfc0c: c5f8 77e8 

  0x00007fd9e63cfc10: ; ImmutableOopMap {rbp=Oop [0]=Oop [8]=Oop [32]=Oop [56]=Oop [80]=Oop }
                      ;*if_icmpge {reexecute=1 rethrow=0 return_oop=0}
                      ; - (reexecute) java.util.Arrays::fill@7
                      ; - org.springframework.core.annotation.AnnotationTypeMapping::filledIntArray@14 (line 615)
                      ; - org.springframework.core.annotation.AnnotationTypeMapping::<init>@140 (line 123)
                      ; - org.springframework.core.annotation.AnnotationTypeMappings::addIfPossible@11 (line 118)
  0x00007fd9e63cfc10: ecb6 fbfe 

  0x00007fd9e63cfc14: ;   {other}
  0x00007fd9e63cfc14: 0f1f 8400 | 8444 0054 | 458b d1e9 | 80d4 ffff | be76 ffff | ff48 8b6c | 2428 4c8b | 5424 104c 
  0x00007fd9e63cfc34: 8954 2408 | 4c8b 5424 | 304c 8954 | 2420 4489 | 5c24 3090 

  0x00007fd9e63cfc48: ;   {runtime_call UncommonTrapBlob}
  0x00007fd9e63cfc48: c5f8 77e8 

  0x00007fd9e63cfc4c: ; ImmutableOopMap {rbp=Oop [8]=Oop [32]=Oop [64]=Oop [80]=Oop }
                      ;*if_icmpge {reexecute=1 rethrow=0 return_oop=0}
                      ; - (reexecute) org.springframework.core.annotation.AnnotationTypeMapping::addConventionAnnotationValues@10 (line 353)
                      ; - org.springframework.core.annotation.AnnotationTypeMapping::<init>@177 (line 128)
                      ; - org.springframework.core.annotation.AnnotationTypeMappings::addIfPossible@11 (line 118)
  0x00007fd9e63cfc4c: b0b6 fbfe 

  0x00007fd9e63cfc50: ;   {other}
  0x00007fd9e63cfc50: 0f1f 8400 | c044 0055 | be76 ffff | ff48 8b6c | 2428 4c8b | 4424 104c | 8944 2408 | 4c8b 5424 
  0x00007fd9e63cfc70: 304c 8954 | 2428 4489 | 4c24 3044 | 895c 2438 

  0x00007fd9e63cfc80: ;   {runtime_call UncommonTrapBlob}
  0x00007fd9e63cfc80: c5f8 77e8 

  0x00007fd9e63cfc84: ; ImmutableOopMap {rbp=Oop [8]=Oop [40]=Oop [48]=NarrowOop [64]=Oop [80]=Oop }
                      ;*if_icmpge {reexecute=1 rethrow=0 return_oop=0}
                      ; - (reexecute) org.springframework.core.annotation.AnnotationTypeMapping::computeSynthesizableFlag@25 (line 384)
                      ; - org.springframework.core.annotation.AnnotationTypeMapping::<init>@184 (line 129)
                      ; - org.springframework.core.annotation.AnnotationTypeMappings::addIfPossible@11 (line 118)
  0x00007fd9e63cfc84: 78b6 fbfe 

  0x00007fd9e63cfc88: ;   {other}
  0x00007fd9e63cfc88: 0f1f 8400 | f844 0056 | be76 ffff | ff4c 8b54 | 2428 4c89 | 1424 4c8b | 5424 404c | 8954 2408 
  0x00007fd9e63cfca8: 4c8b 5424 | 304c 8954 | 2428 4c89 | 4424 3844 | 895c 2440 | 4889 4c24 | 4866 6690 

  0x00007fd9e63cfcc4: ;   {runtime_call UncommonTrapBlob}
  0x00007fd9e63cfcc4: c5f8 77e8 

  0x00007fd9e63cfcc8: ; ImmutableOopMap {[0]=Oop [8]=Oop [16]=Oop [40]=Oop [56]=Oop [72]=Oop [80]=Oop }
                      ;*if_icmpge {reexecute=1 rethrow=0 return_oop=0}
                      ; - (reexecute) java.util.ArrayList::clear@29
                      ; - org.springframework.core.annotation.AnnotationTypeMapping::processAliases@22 (line 229)
                      ; - org.springframework.core.annotation.AnnotationTypeMapping::<init>@169 (line 126)
                      ; - org.springframework.core.annotation.AnnotationTypeMappings::addIfPossible@11 (line 118)
  0x00007fd9e63cfcc8: 34b6 fbfe 

  0x00007fd9e63cfccc: ;   {other}
  0x00007fd9e63cfccc: 0f1f 8400 | 3c45 0057 | bef4 ffff | ff48 8b6c | 2428 4c8b | 5424 104c | 8954 2408 

  0x00007fd9e63cfce8: ;   {runtime_call UncommonTrapBlob}
  0x00007fd9e63cfce8: c5f8 77e8 

  0x00007fd9e63cfcec: ; ImmutableOopMap {rbp=Oop [8]=Oop [48]=Oop [64]=Oop [80]=Oop }
                      ;*checkcast {reexecute=0 rethrow=0 return_oop=0}
                      ; - org.springframework.core.annotation.AttributeMethods::forAnnotationType@22 (line 251)
                      ; - org.springframework.core.annotation.AnnotationTypeMapping::<init>@86 (line 119)
                      ; - org.springframework.core.annotation.AnnotationTypeMappings::addIfPossible@11 (line 118)
  0x00007fd9e63cfcec: 10b6 fbfe 

  0x00007fd9e63cfcf0: ;   {other}
  0x00007fd9e63cfcf0: 0f1f 8400 | 6045 0058 | be45 ffff | ff4c 8954 | 2420 6690 

  0x00007fd9e63cfd04: ;   {runtime_call UncommonTrapBlob}
  0x00007fd9e63cfd04: c5f8 77e8 

  0x00007fd9e63cfd08: ; ImmutableOopMap {[16]=Oop [32]=Oop [40]=Oop [64]=Oop }
                      ;*if_icmpeq {reexecute=1 rethrow=0 return_oop=0}
                      ; - (reexecute) org.springframework.core.annotation.AnnotationTypeMapping::computeSynthesizableFlag@37 (line 385)
                      ; - org.springframework.core.annotation.AnnotationTypeMapping::<init>@184 (line 129)
                      ; - org.springframework.core.annotation.AnnotationTypeMappings::addIfPossible@11 (line 118)
  0x00007fd9e63cfd08: f4b5 fbfe 

  0x00007fd9e63cfd0c: ;   {other}
  0x00007fd9e63cfd0c: 0f1f 8400 | 7c45 0059 | be45 ffff | ff4c 8b5c | 2428 4c89 | 1c24 4c89 | 5424 204c | 8954 2428 
  0x00007fd9e63cfd2c: ;   {runtime_call UncommonTrapBlob}
  0x00007fd9e63cfd2c: c5f8 77e8 

  0x00007fd9e63cfd30: ; ImmutableOopMap {[0]=Oop [16]=Oop [32]=Oop [40]=Oop [48]=Oop [64]=Oop }
                      ;*ifeq {reexecute=1 rethrow=0 return_oop=0}
                      ; - (reexecute) org.springframework.core.annotation.AnnotationTypeMapping::computeSynthesizableFlag@106 (line 403)
                      ; - org.springframework.core.annotation.AnnotationTypeMapping::<init>@184 (line 129)
                      ; - org.springframework.core.annotation.AnnotationTypeMappings::addIfPossible@11 (line 118)
  0x00007fd9e63cfd30: ccb5 fbfe 

  0x00007fd9e63cfd34: ;   {other}
  0x00007fd9e63cfd34: 0f1f 8400 | a445 005a | be76 ffff | ff48 8b6c | 2428 4c8b | 5424 404c | 8914 244c | 8b54 2410 
  0x00007fd9e63cfd54: 4c89 5424 | 084c 8b54 | 2430 4c89 | 5424 204c | 896c 2430 | c5fa 114c | 243c c5fa | 1154 2440 
  0x00007fd9e63cfd74: 897c 2444 | 4489 5c24 | 48c5 fa11 | 4424 4c90 

  0x00007fd9e63cfd84: ;   {runtime_call UncommonTrapBlob}
  0x00007fd9e63cfd84: c5f8 77e8 

  0x00007fd9e63cfd88: ; ImmutableOopMap {rbp=Oop [0]=Oop [8]=Oop [32]=Oop [48]=Oop [64]=NarrowOop [72]=NarrowOop [76]=NarrowOop [80]=Oop }
                      ;*if_icmpge {reexecute=1 rethrow=0 return_oop=0}
                      ; - (reexecute) org.springframework.core.annotation.AttributeMethods::indexOf@8 (line 193)
                      ; - org.springframework.core.annotation.AnnotationTypeMapping::addConventionAnnotationValues@58 (line 358)
                      ; - org.springframework.core.annotation.AnnotationTypeMapping::<init>@177 (line 128)
                      ; - org.springframework.core.annotation.AnnotationTypeMappings::addIfPossible@11 (line 118)
  0x00007fd9e63cfd88: 74b5 fbfe 

  0x00007fd9e63cfd8c: ;   {other}
  0x00007fd9e63cfd8c: 0f1f 8400 | fc45 005b | bee4 ffff | ff48 8b6c | 2428 4c8b | 5424 404c | 8914 244c | 8b54 2410 
  0x00007fd9e63cfdac: 4c89 5424 | 084c 8b54 | 2450 4c89 | 5424 184c | 8b54 2430 | 4c89 5424 | 204c 8b54 | 2450 4c89 
  0x00007fd9e63cfdcc: 5424 284c | 896c 2440 | c5fa 1154 | 244c 4489 | 4424 5489 | 7c24 58c5 | fa11 6424 | 5c44 895c 
  0x00007fd9e63cfdec: 2460 897c | 2464 6690 

  0x00007fd9e63cfdf4: ;   {runtime_call UncommonTrapBlob}
  0x00007fd9e63cfdf4: c5f8 77e8 

  0x00007fd9e63cfdf8: ; ImmutableOopMap {rbp=Oop [0]=Oop [8]=Oop [24]=Oop [32]=Oop [40]=Oop [64]=Oop [76]=NarrowOop [96]=NarrowOop }
                      ;*iaload {reexecute=0 rethrow=0 return_oop=0}
                      ; - org.springframework.core.annotation.AnnotationTypeMapping::isBetterConventionAnnotationValue@5 (line 371)
                      ; - org.springframework.core.annotation.AnnotationTypeMapping::addConventionAnnotationValues@74 (line 359)
                      ; - org.springframework.core.annotation.AnnotationTypeMapping::<init>@177 (line 128)
                      ; - org.springframework.core.annotation.AnnotationTypeMappings::addIfPossible@11 (line 118)
  0x00007fd9e63cfdf8: 04b5 fbfe 

  0x00007fd9e63cfdfc: ;   {other}
  0x00007fd9e63cfdfc: 0f1f 8400 | 6c46 005c | bee4 ffff | ff4c 8b54 | 2428 4c89 | 1424 4c8b | 5424 404c | 8954 2408 
  0x00007fd9e63cfe1c: 4c8b 5424 | 504c 8954 | 2420 4c8b | 5424 304c | 8954 2428 | 4c8b 5424 | 504c 8954 | 2430 4c89 
  0x00007fd9e63cfe3c: 6c24 40c5 | fa11 5424 | 4cc5 fa11 | 6424 5089 | 7c24 5490 

  0x00007fd9e63cfe50: ;   {runtime_call UncommonTrapBlob}
  0x00007fd9e63cfe50: c5f8 77e8 

  0x00007fd9e63cfe54: ; ImmutableOopMap {rbp=NarrowOop [0]=Oop [8]=Oop [16]=Oop [32]=Oop [40]=Oop [48]=Oop [64]=Oop [76]=NarrowOop }
                      ;*aastore {reexecute=1 rethrow=0 return_oop=0}
                      ; - (reexecute) org.springframework.core.annotation.AnnotationTypeMapping::addConventionAnnotationValues@95 (line 361)
                      ; - org.springframework.core.annotation.AnnotationTypeMapping::<init>@177 (line 128)
                      ; - org.springframework.core.annotation.AnnotationTypeMappings::addIfPossible@11 (line 118)
  0x00007fd9e63cfe54: a8b4 fbfe 

  0x00007fd9e63cfe58: ;   {other}
  0x00007fd9e63cfe58: 0f1f 8400 | c846 005d | be76 ffff | ff48 8b6c | 2428 4c8b | 4c24 104c | 894c 2408 | 4c89 5424 
  0x00007fd9e63cfe78: 184c 8954 | 2420 4c8b | 5424 304c | 8954 2428 | 4489 5c24 | 3044 8944 | 2438 6690 

  0x00007fd9e63cfe94: ;   {runtime_call UncommonTrapBlob}
  0x00007fd9e63cfe94: c5f8 77e8 

  0x00007fd9e63cfe98: ; ImmutableOopMap {rbp=Oop [8]=Oop [24]=Oop [32]=Oop [40]=Oop [48]=NarrowOop [64]=Oop }
                      ;*if_icmpge {reexecute=1 rethrow=0 return_oop=0}
                      ; - (reexecute) org.springframework.core.annotation.AnnotationTypeMapping::computeSynthesizableFlag@76 (line 396)
                      ; - org.springframework.core.annotation.AnnotationTypeMapping::<init>@184 (line 129)
                      ; - org.springframework.core.annotation.AnnotationTypeMappings::addIfPossible@11 (line 118)
  0x00007fd9e63cfe98: 64b4 fbfe 

  0x00007fd9e63cfe9c: ;   {other}
  0x00007fd9e63cfe9c: 0f1f 8400 | 0c47 005e | be45 ffff | ff48 8b6c | 2428 4c8b | 5424 104c | 8954 2408 | 4c8b 5424 
  0x00007fd9e63cfebc: 304c 8954 | 2420 c5fa | 114c 2430 | c5fa 1144 | 2434 c5fa | 116c 2438 

  0x00007fd9e63cfed4: ;   {runtime_call UncommonTrapBlob}
  0x00007fd9e63cfed4: c5f8 77e8 

  0x00007fd9e63cfed8: ; ImmutableOopMap {rbp=Oop [8]=Oop [32]=Oop [48]=NarrowOop [52]=NarrowOop [64]=Oop [80]=Oop }
                      ;*ifne {reexecute=1 rethrow=0 return_oop=0}
                      ; - (reexecute) org.springframework.core.annotation.AnnotationTypeMapping::addConventionMappings@69 (line 299)
                      ; - org.springframework.core.annotation.AnnotationTypeMapping::<init>@173 (line 127)
                      ; - org.springframework.core.annotation.AnnotationTypeMappings::addIfPossible@11 (line 118)
  0x00007fd9e63cfed8: 24b4 fbfe 

  0x00007fd9e63cfedc: ;   {other}
  0x00007fd9e63cfedc: 0f1f 8400 | 4c47 005f | 4c63 dde9 | cbd9 ffff | bef6 ffff | ff48 8954 | 2420 6690 

  0x00007fd9e63cfef8: ;   {runtime_call UncommonTrapBlob}
  0x00007fd9e63cfef8: c5f8 77e8 

  0x00007fd9e63cfefc: ; ImmutableOopMap {rbp=NarrowOop [16]=Oop [32]=Oop [40]=Oop [64]=Oop [80]=Oop }
                      ;*invokevirtual putVal {reexecute=0 rethrow=0 return_oop=0}
                      ; - java.util.concurrent.ConcurrentHashMap$KeySetView::add@24
                      ; - org.springframework.core.annotation.AnnotationTypeMapping::addConventionMappings@187 (line 320)
                      ; - org.springframework.core.annotation.AnnotationTypeMapping::<init>@173 (line 127)
                      ; - org.springframework.core.annotation.AnnotationTypeMappings::addIfPossible@11 (line 118)
  0x00007fd9e63cfefc: 00b4 fbfe 

  0x00007fd9e63cff00: ;   {other}
  0x00007fd9e63cff00: 0f1f 8400 | 7047 0060 | becc ffff | ff48 8b6c | 2428 4c8b | 4c24 404c | 890c 244c | 8b4c 2410 
  0x00007fd9e63cff20: 4c89 4c24 | 084c 8b4c | 2450 4c89 | 4c24 184c | 8b4c 2430 | 4c89 4c24 | 204c 8b4c | 2450 4c89 
  0x00007fd9e63cff40: 4c24 284c | 8944 2440 | 4c89 6c24 | 484c 8944 | 2450 4489 | 5424 584c | 895c 2460 

  0x00007fd9e63cff5c: ;   {runtime_call UncommonTrapBlob}
  0x00007fd9e63cff5c: c5f8 77e8 

  0x00007fd9e63cff60: ; ImmutableOopMap {rbp=Oop [0]=Oop [8]=Oop [24]=Oop [32]=Oop [40]=Oop [64]=Oop [72]=Oop [80]=Oop }
                      ;*invokestatic arraycopy {reexecute=0 rethrow=0 return_oop=0}
                      ; - java.lang.String::getBytes@22
                      ; - java.lang.StringConcatHelper::prepend@21
                      ; - java.lang.StringConcatHelper::prepend@16
                      ; - java.lang.invoke.DirectMethodHandle$Holder::invokeStatic@17
                      ; - java.lang.invoke.LambdaForm$MH/0x00007fd99d0a5000::invoke@28
                      ; - java.lang.invoke.LambdaForm$MH/0x00007fd99d0c2800::invoke@20
                      ; - java.lang.invoke.LambdaForm$MH/0x00007fd99d0c4400::invoke@86
                      ; - java.lang.invoke.Invokers$Holder::linkToTargetMethod@6
                      ; - org.springframework.core.annotation.AnnotationTypeMapping::addConventionMappings@175 (line 311)
                      ; - org.springframework.core.annotation.AnnotationTypeMapping::<init>@173 (line 127)
                      ; - org.springframework.core.annotation.AnnotationTypeMappings::addIfPossible@11 (line 118)
  0x00007fd9e63cff60: 9cb3 fbfe 

  0x00007fd9e63cff64: ;   {other}
  0x00007fd9e63cff64: 0f1f 8400 | d447 0061 | becc ffff | ff48 8b6c | 2428 4c8b | 5424 404c | 8914 244c | 8b54 2410 
  0x00007fd9e63cff84: 4c89 5424 | 084c 8b54 | 2450 4c89 | 5424 184c | 8b54 2430 | 4c89 5424 | 204c 8b54 | 2450 4c89 
  0x00007fd9e63cffa4: 5424 284c | 8944 2440 | 4c89 6c24 | 484c 8944 | 2450 4889 | 5c24 5889 | 4c24 6089 | 7c24 6444 
  0x00007fd9e63cffc4: 894c 2470 

  0x00007fd9e63cffc8: ;   {runtime_call UncommonTrapBlob}
  0x00007fd9e63cffc8: c5f8 77e8 

  0x00007fd9e63cffcc: ; ImmutableOopMap {rbp=Oop [0]=Oop [8]=Oop [24]=Oop [32]=Oop [40]=Oop [64]=Oop [72]=Oop [80]=Oop [96]=NarrowOop }
                      ;*invokestatic arraycopy {reexecute=0 rethrow=0 return_oop=0}
                      ; - java.lang.String::getBytes@22
                      ; - java.lang.StringConcatHelper::prepend@21
                      ; - java.lang.StringConcatHelper::prepend@3
                      ; - java.lang.invoke.DirectMethodHandle$Holder::invokeStatic@17
                      ; - java.lang.invoke.LambdaForm$MH/0x00007fd99d0a5000::invoke@28
                      ; - java.lang.invoke.LambdaForm$MH/0x00007fd99d0c2800::invoke@20
                      ; - java.lang.invoke.LambdaForm$MH/0x00007fd99d0c4400::invoke@86
                      ; - java.lang.invoke.Invokers$Holder::linkToTargetMethod@6
                      ; - org.springframework.core.annotation.AnnotationTypeMapping::addConventionMappings@175 (line 311)
                      ; - org.springframework.core.annotation.AnnotationTypeMapping::<init>@173 (line 127)
                      ; - org.springframework.core.annotation.AnnotationTypeMappings::addIfPossible@11 (line 118)
  0x00007fd9e63cffcc: 30b3 fbfe 

  0x00007fd9e63cffd0: ;   {other}
  0x00007fd9e63cffd0: 0f1f 8400 | 4048 0062 | becc ffff | ff48 8b6c | 2428 4c8b | 5c24 404c | 891c 244c | 8b5c 2410 
  0x00007fd9e63cfff0: 4c89 5c24 | 084c 8b5c | 2450 4c89 | 5c24 184c | 8b5c 2430 | 4c89 5c24 | 204c 8b5c | 2450 4c89 
  0x00007fd9e63d0010: 5c24 284c | 896c 2430 | 4c89 4424 | 4048 895c | 2448 4489 | 5424 504c | 8944 2458 | 894c 2454 
  0x00007fd9e63d0030: 4489 4c24 | 6066 6690 

  0x00007fd9e63d0038: ;   {runtime_call UncommonTrapBlob}
  0x00007fd9e63d0038: c5f8 77e8 

  0x00007fd9e63d003c: ; ImmutableOopMap {rbp=Oop [0]=Oop [8]=Oop [24]=Oop [32]=Oop [40]=Oop [48]=Oop [64]=Oop [80]=NarrowOop [88]=Oop }
                      ;*invokestatic arraycopy {reexecute=0 rethrow=0 return_oop=0}
                      ; - java.lang.String::getBytes@22
                      ; - java.lang.StringConcatHelper::prepend@21
                      ; - java.lang.StringConcatHelper::prepend@3
                      ; - java.lang.invoke.DirectMethodHandle$Holder::invokeStatic@17
                      ; - java.lang.invoke.LambdaForm$MH/0x00007fd99d0a5000::invoke@28
                      ; - java.lang.invoke.LambdaForm$MH/0x00007fd99d0c2800::invoke@41
                      ; - java.lang.invoke.LambdaForm$MH/0x00007fd99d0c4400::invoke@86
                      ; - java.lang.invoke.Invokers$Holder::linkToTargetMethod@6
                      ; - org.springframework.core.annotation.AnnotationTypeMapping::addConventionMappings@175 (line 311)
                      ; - org.springframework.core.annotation.AnnotationTypeMapping::<init>@173 (line 127)
                      ; - org.springframework.core.annotation.AnnotationTypeMappings::addIfPossible@11 (line 118)
  0x00007fd9e63d003c: c0b2 fbfe 

  0x00007fd9e63d0040: ;   {other}
  0x00007fd9e63d0040: 0f1f 8400 | b048 0063 | be45 ffff | ff4c 8b54 | 2428 4c89 | 1424 4c8b | 5424 304c | 8954 2428 
  0x00007fd9e63d0060: 8954 2438 | 4489 4424 | 3c66 6690 

  0x00007fd9e63d006c: ;   {runtime_call UncommonTrapBlob}
  0x00007fd9e63d006c: c5f8 77e8 

  0x00007fd9e63d0070: ; ImmutableOopMap {[0]=Oop [16]=Oop [40]=Oop [60]=NarrowOop [64]=Oop [80]=Oop }
                      ;*if_icmpne {reexecute=1 rethrow=0 return_oop=0}
                      ; - (reexecute) java.lang.String::equals@33
                      ; - org.springframework.core.annotation.AnnotationTypeMapping::addConventionAnnotationValues@29 (line 355)
                      ; - org.springframework.core.annotation.AnnotationTypeMapping::<init>@177 (line 128)
                      ; - org.springframework.core.annotation.AnnotationTypeMappings::addIfPossible@11 (line 118)
  0x00007fd9e63d0070: 8cb2 fbfe 

  0x00007fd9e63d0074: ;   {other}
  0x00007fd9e63d0074: 0f1f 8400 | e448 0064 | be45 ffff | ff4c 8b54 | 2428 4c89 | 1424 4c8b | 5424 304c | 8954 2428 
  0x00007fd9e63d0094: c5fa 114c | 2438 6690 

  0x00007fd9e63d009c: ;   {runtime_call UncommonTrapBlob}
  0x00007fd9e63d009c: c5f8 77e8 

  0x00007fd9e63d00a0: ; ImmutableOopMap {rbp=NarrowOop [0]=Oop [16]=Oop [40]=Oop [64]=Oop [80]=Oop }
                      ;*ifnull {reexecute=1 rethrow=0 return_oop=0}
                      ; - (reexecute) org.springframework.core.annotation.AnnotationTypeMapping::addConventionAnnotationValues@38 (line 357)
                      ; - org.springframework.core.annotation.AnnotationTypeMapping::<init>@177 (line 128)
                      ; - org.springframework.core.annotation.AnnotationTypeMappings::addIfPossible@11 (line 118)
  0x00007fd9e63d00a0: 5cb2 fbfe 

  0x00007fd9e63d00a4: ;   {other}
  0x00007fd9e63d00a4: 0f1f 8400 | 1449 0065 | be76 ffff | ff48 8b6c | 2428 4c8b | 5424 404c | 8914 244c | 8b54 2410 
  0x00007fd9e63d00c4: 4c89 5424 | 084c 8b54 | 2430 4c89 | 5424 20c5 | fa11 4424 | 3444 8944 | 243c c5fa | 114c 2444 
  0x00007fd9e63d00e4: c5fa 1154 | 2448 6690 

  0x00007fd9e63d00ec: ;   {runtime_call UncommonTrapBlob}
  0x00007fd9e63d00ec: c5f8 77e8 

  0x00007fd9e63d00f0: ; ImmutableOopMap {rbp=Oop [0]=Oop [8]=Oop [32]=Oop [52]=NarrowOop [68]=NarrowOop [72]=NarrowOop [80]=Oop }
                      ;*if_icmpge {reexecute=1 rethrow=0 return_oop=0}
                      ; - (reexecute) org.springframework.core.annotation.AttributeMethods::indexOf@8 (line 193)
                      ; - org.springframework.core.annotation.AnnotationTypeMapping::addConventionMappings@56 (line 298)
                      ; - org.springframework.core.annotation.AnnotationTypeMapping::<init>@173 (line 127)
                      ; - org.springframework.core.annotation.AnnotationTypeMappings::addIfPossible@11 (line 118)
  0x00007fd9e63d00f0: 0cb2 fbfe 

  0x00007fd9e63d00f4: ;   {other}
  0x00007fd9e63d00f4: 0f1f 8400 | 6449 0066 | be45 ffff | ff4c 8954 | 2420 6690 

  0x00007fd9e63d0108: ;   {runtime_call UncommonTrapBlob}
  0x00007fd9e63d0108: c5f8 77e8 

  0x00007fd9e63d010c: ; ImmutableOopMap {[16]=Oop [32]=Oop [40]=Oop [64]=Oop }
                      ;*if_icmpeq {reexecute=1 rethrow=0 return_oop=0}
                      ; - (reexecute) org.springframework.core.annotation.AnnotationTypeMapping::computeSynthesizableFlag@88 (line 397)
                      ; - org.springframework.core.annotation.AnnotationTypeMapping::<init>@184 (line 129)
                      ; - org.springframework.core.annotation.AnnotationTypeMappings::addIfPossible@11 (line 118)
  0x00007fd9e63d010c: f0b1 fbfe 

  0x00007fd9e63d0110: ;   {other}
  0x00007fd9e63d0110: 0f1f 8400 | 8049 0067 | be45 ffff | ff48 8b6c | 2428 4c8b | 5424 104c | 8954 2408 | 4c8b 5424 
  0x00007fd9e63d0130: 304c 8954 | 2420 4889 | 4424 3890 

  0x00007fd9e63d013c: ;   {runtime_call UncommonTrapBlob}
  0x00007fd9e63d013c: c5f8 77e8 

  0x00007fd9e63d0140: ; ImmutableOopMap {rbp=Oop [8]=Oop [32]=Oop [56]=Oop [64]=Oop [80]=Oop }
                      ;*ifnonnull {reexecute=1 rethrow=0 return_oop=0}
                      ; - (reexecute) java.util.concurrent.ConcurrentMap::computeIfAbsent@41
                      ; - org.springframework.core.annotation.AttributeMethods::forAnnotationType@17 (line 251)
                      ; - org.springframework.core.annotation.AnnotationTypeMapping::<init>@86 (line 119)
                      ; - org.springframework.core.annotation.AnnotationTypeMappings::addIfPossible@11 (line 118)
  0x00007fd9e63d0140: bcb1 fbfe 

  0x00007fd9e63d0144: ;   {other}
  0x00007fd9e63d0144: 0f1f 8400 | b449 0068 | be45 ffff | ff48 8b6c | 2428 4c8b | 5424 404c | 8914 244c | 8b54 2410 
  0x00007fd9e63d0164: 4c89 5424 | 084c 8b54 | 2450 4c89 | 5424 184c | 8b54 2430 | 4c89 5424 | 204c 8b54 | 2450 4c89 
  0x00007fd9e63d0184: 5424 284c | 8b54 2448 | 448b 5c24 | 5844 895c | 2438 4c89 | 5424 4048 | 895c 2448 | 4489 4c24 
  0x00007fd9e63d01a4: 3c89 5424 | 6066 6690 

  0x00007fd9e63d01ac: ;   {runtime_call UncommonTrapBlob}
  0x00007fd9e63d01ac: c5f8 77e8 

  0x00007fd9e63d01b0: ; ImmutableOopMap {rbp=Oop [0]=Oop [8]=Oop [24]=Oop [32]=Oop [40]=Oop [64]=Oop [72]=Oop [96]=NarrowOop [108]=NarrowOop [116]=NarrowOop }
                      ;*ifnull {reexecute=1 rethrow=0 return_oop=0}
                      ; - (reexecute) java.util.HashMap::getNode@57
                      ; - java.util.HashMap::get@2
                      ; - java.util.Collections$UnmodifiableMap::get@5
                      ; - org.springframework.core.annotation.AnnotationTypeMapping::collectAliases@34 (line 243)
                      ; - org.springframework.core.annotation.AnnotationTypeMapping::processAliases@44 (line 231)
                      ; - org.springframework.core.annotation.AnnotationTypeMapping::<init>@169 (line 126)
                      ; - org.springframework.core.annotation.AnnotationTypeMappings::addIfPossible@11 (line 118)
  0x00007fd9e63d01b0: 4cb1 fbfe 

  0x00007fd9e63d01b4: ;   {other}
  0x00007fd9e63d01b4: 0f1f 8400 | 244a 0069 | be45 ffff | ff4c 8b54 | 2428 4c89 | 1424 4c8b | 5424 404c | 8954 2408 
  0x00007fd9e63d01d4: 4c8b 5424 | 504c 8954 | 2420 4c8b | 5424 304c | 8954 2428 | 4c8b 5424 | 504c 8954 | 2430 4c89 
  0x00007fd9e63d01f4: 6c24 48c5 | fa11 5424 | 5444 8944 | 245c 897c | 2460 c5fa | 1164 2464 

  0x00007fd9e63d020c: ;   {runtime_call UncommonTrapBlob}
  0x00007fd9e63d020c: c5f8 77e8 

  0x00007fd9e63d0210: ; ImmutableOopMap {[0]=Oop [8]=Oop [16]=Oop [32]=Oop [40]=Oop [48]=Oop [72]=Oop [84]=NarrowOop }
                      ;*if_icmpne {reexecute=1 rethrow=0 return_oop=0}
                      ; - (reexecute) org.springframework.core.annotation.AnnotationTypeMapping::isBetterConventionAnnotationValue@7 (line 371)
                      ; - org.springframework.core.annotation.AnnotationTypeMapping::addConventionAnnotationValues@74 (line 359)
                      ; - org.springframework.core.annotation.AnnotationTypeMapping::<init>@177 (line 128)
                      ; - org.springframework.core.annotation.AnnotationTypeMappings::addIfPossible@11 (line 118)
  0x00007fd9e63d0210: ecb0 fbfe 

  0x00007fd9e63d0214: ;   {other}
  0x00007fd9e63d0214: 0f1f 8400 | 844a 006a | be76 ffff | ff48 8b6c | 2428 4c8b | 5424 104c | 8954 2408 | 4c8b 5424 
  0x00007fd9e63d0234: 304c 8954 | 2420 4489 | 5c24 3044 | 8944 2434 | 4489 6c24 | 3866 6690 

  0x00007fd9e63d024c: ;   {runtime_call UncommonTrapBlob}
  0x00007fd9e63d024c: c5f8 77e8 

  0x00007fd9e63d0250: ; ImmutableOopMap {rbp=Oop [8]=Oop [32]=Oop [48]=NarrowOop [52]=NarrowOop [64]=Oop [80]=Oop }
                      ;*if_icmpge {reexecute=1 rethrow=0 return_oop=0}
                      ; - (reexecute) org.springframework.core.annotation.AnnotationTypeMapping::addConventionMappings@36 (line 296)
                      ; - org.springframework.core.annotation.AnnotationTypeMapping::<init>@173 (line 127)
                      ; - org.springframework.core.annotation.AnnotationTypeMappings::addIfPossible@11 (line 118)
  0x00007fd9e63d0250: acb0 fbfe 

  0x00007fd9e63d0254: ;   {other}
  0x00007fd9e63d0254: 0f1f 8400 | c44a 006b | be45 ffff | ff4c 8b5c | 2428 4c89 | 1c24 4c8b | 5c24 404c | 895c 2408 
  0x00007fd9e63d0274: 4c8b 5c24 | 504c 895c | 2420 4c8b | 5c24 304c | 895c 2428 | 4c8b 5c24 | 504c 895c | 2430 4c89 
  0x00007fd9e63d0294: 5424 4890 

  0x00007fd9e63d0298: ;   {runtime_call UncommonTrapBlob}
  0x00007fd9e63d0298: c5f8 77e8 

  0x00007fd9e63d029c: ; ImmutableOopMap {[0]=Oop [8]=Oop [16]=Oop [32]=Oop [40]=Oop [48]=Oop [72]=Oop [88]=Oop }
                      ;*iflt {reexecute=1 rethrow=0 return_oop=0}
                      ; - (reexecute) java.lang.StringConcatHelper::checkOverflow@2
                      ; - java.lang.StringConcatHelper::mix@23
                      ; - java.lang.invoke.DirectMethodHandle$Holder::invokeStatic@13
                      ; - java.lang.invoke.DelegatingMethodHandle$Holder::reinvoke_L@16
                      ; - java.lang.invoke.LambdaForm$MH/0x00007fd99d0c3c00::invoke@23
                      ; - java.lang.invoke.LambdaForm$MH/0x00007fd99d0c4400::invoke@44
                      ; - java.lang.invoke.Invokers$Holder::linkToTargetMethod@6
                      ; - org.springframework.core.annotation.AnnotationTypeMapping::addConventionMappings@175 (line 311)
                      ; - org.springframework.core.annotation.AnnotationTypeMapping::<init>@173 (line 127)
                      ; - org.springframework.core.annotation.AnnotationTypeMappings::addIfPossible@11 (line 118)
  0x00007fd9e63d029c: 60b0 fbfe 

  0x00007fd9e63d02a0: ;   {other}
  0x00007fd9e63d02a0: 0f1f 8400 | 104b 006c | be45 ffff | ff4c 8b5c | 2428 4c89 | 1c24 4c8b | 5c24 404c | 895c 2408 
  0x00007fd9e63d02c0: 4c8b 5c24 | 304c 895c | 2428 4c89 | 5424 4890 

  0x00007fd9e63d02d0: ;   {runtime_call UncommonTrapBlob}
  0x00007fd9e63d02d0: c5f8 77e8 

  0x00007fd9e63d02d4: ; ImmutableOopMap {[0]=Oop [8]=Oop [16]=Oop [40]=Oop [72]=Oop [80]=Oop [88]=Oop }
                      ;*iflt {reexecute=1 rethrow=0 return_oop=0}
                      ; - (reexecute) java.lang.StringConcatHelper::checkOverflow@2
                      ; - java.lang.StringConcatHelper::mix@23
                      ; - java.lang.invoke.DirectMethodHandle$Holder::invokeStatic@13
                      ; - java.lang.invoke.LambdaForm$MH/0x00007fd99d0c3c00::invoke@42
                      ; - java.lang.invoke.LambdaForm$MH/0x00007fd99d0c4400::invoke@44
                      ; - java.lang.invoke.Invokers$Holder::linkToTargetMethod@6
                      ; - org.springframework.core.annotation.AnnotationTypeMapping::addConventionMappings@175 (line 311)
                      ; - org.springframework.core.annotation.AnnotationTypeMapping::<init>@173 (line 127)
                      ; - org.springframework.core.annotation.AnnotationTypeMappings::addIfPossible@11 (line 118)
  0x00007fd9e63d02d4: 28b0 fbfe 

  0x00007fd9e63d02d8: ;   {other}
  0x00007fd9e63d02d8: 0f1f 8400 | 484b 006d | be45 ffff | ff4c 8b54 | 2428 4c89 | 1424 4c8b | 5424 404c | 8954 2408 
  0x00007fd9e63d02f8: 4c8b 5424 | 304c 8954 | 2428 c5fa | 114c 2438 | c5fa 1144 | 243c c5fa | 116c 2440 | 4489 5c24 
  0x00007fd9e63d0318: 44c5 fa11 | 6424 4890 

  0x00007fd9e63d0320: ;   {runtime_call UncommonTrapBlob}
  0x00007fd9e63d0320: c5f8 77e8 

  0x00007fd9e63d0324: ; ImmutableOopMap {[0]=Oop [8]=Oop [16]=Oop [40]=Oop [56]=NarrowOop [60]=NarrowOop [68]=NarrowOop [80]=Oop }
                      ;*if_icmpne {reexecute=1 rethrow=0 return_oop=0}
                      ; - (reexecute) java.lang.String::equals@33
                      ; - org.springframework.core.annotation.AnnotationTypeMapping::addConventionMappings@66 (line 299)
                      ; - org.springframework.core.annotation.AnnotationTypeMapping::<init>@173 (line 127)
                      ; - org.springframework.core.annotation.AnnotationTypeMappings::addIfPossible@11 (line 118)
  0x00007fd9e63d0324: d8af fbfe 

  0x00007fd9e63d0328: ;   {other}
  0x00007fd9e63d0328: 0f1f 8400 | 984b 006e | be45 ffff | ff4c 8b5c | 2428 4c89 | 1c24 4c8b | 5c24 404c | 895c 2408 
  0x00007fd9e63d0348: 4c8b 5c24 | 504c 895c | 2420 4c8b | 5c24 304c | 895c 2428 | 4c8b 5c24 | 504c 895c | 2430 4c89 
  0x00007fd9e63d0368: 5424 4848 | 895c 2450 

  0x00007fd9e63d0370: ;   {runtime_call UncommonTrapBlob}
  0x00007fd9e63d0370: c5f8 77e8 

  0x00007fd9e63d0374: ; ImmutableOopMap {[0]=Oop [8]=Oop [16]=Oop [32]=Oop [40]=Oop [48]=Oop [72]=Oop [88]=Oop }
                      ;*ifge {reexecute=1 rethrow=0 return_oop=0}
                      ; - (reexecute) java.lang.StringConcatHelper::newArray@13
                      ; - java.lang.invoke.DirectMethodHandle$Holder::invokeStatic@10
                      ; - java.lang.invoke.LambdaForm$MH/0x00007fd99d0c4400::invoke@62
                      ; - java.lang.invoke.Invokers$Holder::linkToTargetMethod@6
                      ; - org.springframework.core.annotation.AnnotationTypeMapping::addConventionMappings@175 (line 311)
                      ; - org.springframework.core.annotation.AnnotationTypeMapping::<init>@173 (line 127)
                      ; - org.springframework.core.annotation.AnnotationTypeMappings::addIfPossible@11 (line 118)
  0x00007fd9e63d0374: 88af fbfe 

  0x00007fd9e63d0378: ;   {other}
  0x00007fd9e63d0378: 0f1f 8400 | e84b 006f | be45 ffff | ff48 8b6c | 2428 4c8b | 5424 404c | 8914 244c | 8b54 2410 
  0x00007fd9e63d0398: 4c89 5424 | 084c 8b54 | 2430 4c89 | 5424 20c5 | fa11 4c24 | 30c5 fa11 | 4424 34c5 | fa11 6c24 
  0x00007fd9e63d03b8: 38c5 fa11 | 5424 3cc5 | fa11 6424 | 4466 6690 

  0x00007fd9e63d03c8: ;   {runtime_call UncommonTrapBlob}
  0x00007fd9e63d03c8: c5f8 77e8 

  0x00007fd9e63d03cc: ; ImmutableOopMap {rbp=Oop [0]=Oop [8]=Oop [32]=Oop [48]=NarrowOop [52]=NarrowOop [60]=NarrowOop [80]=Oop }
                      ;*if_icmpeq {reexecute=1 rethrow=0 return_oop=0}
                      ; - (reexecute) org.springframework.core.annotation.AnnotationTypeMapping::addConventionMappings@75 (line 299)
                      ; - org.springframework.core.annotation.AnnotationTypeMapping::<init>@173 (line 127)
                      ; - org.springframework.core.annotation.AnnotationTypeMappings::addIfPossible@11 (line 118)
  0x00007fd9e63d03cc: 30af fbfe 

  0x00007fd9e63d03d0: ;   {other}
  0x00007fd9e63d03d0: 0f1f 8400 | 404c 0070 | be45 ffff | ff4c 8b54 | 2428 4c89 | 1424 4c8b | 5424 304c | 8954 2428 
  0x00007fd9e63d03f0: 4c89 6c24 | 3866 6690 

  0x00007fd9e63d03f8: ;   {runtime_call UncommonTrapBlob}
  0x00007fd9e63d03f8: c5f8 77e8 

  0x00007fd9e63d03fc: ; ImmutableOopMap {rbp=NarrowOop [0]=Oop [16]=Oop [40]=Oop [56]=Oop [64]=Oop [80]=Oop }
                      ;*ifnonnull {reexecute=1 rethrow=0 return_oop=0}
                      ; - (reexecute) java.util.concurrent.ConcurrentHashMap$KeySetView::add@6
                      ; - org.springframework.core.annotation.AnnotationTypeMapping::addConventionMappings@187 (line 320)
                      ; - org.springframework.core.annotation.AnnotationTypeMapping::<init>@173 (line 127)
                      ; - org.springframework.core.annotation.AnnotationTypeMappings::addIfPossible@11 (line 118)
  0x00007fd9e63d03fc: 00af fbfe 

  0x00007fd9e63d0400: ;   {other}
  0x00007fd9e63d0400: 0f1f 8400 | 704c 0071 | 33ed 4885 | c040 0f94 | c5be 45ff | ffff 4c8b | 5424 284c | 8914 244c 
  0x00007fd9e63d0420: 8b54 2430 | 4c89 5424 | 2866 6690 

  0x00007fd9e63d042c: ;   {runtime_call UncommonTrapBlob}
  0x00007fd9e63d042c: c5f8 77e8 

  0x00007fd9e63d0430: ; ImmutableOopMap {[0]=Oop [16]=Oop [40]=Oop [56]=Oop [64]=Oop [80]=Oop }
                      ;*ifeq {reexecute=1 rethrow=0 return_oop=0}
                      ; - (reexecute) org.springframework.core.annotation.AnnotationTypeMapping::addConventionMappings@192 (line 320)
                      ; - org.springframework.core.annotation.AnnotationTypeMapping::<init>@173 (line 127)
                      ; - org.springframework.core.annotation.AnnotationTypeMappings::addIfPossible@11 (line 118)
  0x00007fd9e63d0430: ccae fbfe 

  0x00007fd9e63d0434: ;   {other}
  0x00007fd9e63d0434: 0f1f 8400 | a44c 0072 | be45 ffff | ff48 8b6c | 2428 4c8b | 5424 404c | 8914 244c | 8b54 2410 
  0x00007fd9e63d0454: 4c89 5424 | 084c 8b54 | 2450 4c89 | 5424 184c | 8b54 2430 | 4c89 5424 | 204c 8b54 | 2450 4c89 
  0x00007fd9e63d0474: 5424 284c | 8b54 2448 | 4c89 5424 | 3044 895c | 2438 4489 | 4c24 3c89 | 5424 5489 | 7c24 5890 
  0x00007fd9e63d0494: ;   {runtime_call UncommonTrapBlob}
  0x00007fd9e63d0494: c5f8 77e8 

  0x00007fd9e63d0498: ; ImmutableOopMap {rbp=Oop [0]=Oop [8]=Oop [24]=Oop [32]=Oop [40]=Oop [48]=Oop [84]=NarrowOop [88]=NarrowOop [96]=Oop }
                      ;*ifeq {reexecute=1 rethrow=0 return_oop=0}
                      ; - (reexecute) java.util.HashMap::getNode@85
                      ; - java.util.HashMap::get@2
                      ; - java.util.Collections$UnmodifiableMap::get@5
                      ; - org.springframework.core.annotation.AnnotationTypeMapping::collectAliases@34 (line 243)
                      ; - org.springframework.core.annotation.AnnotationTypeMapping::processAliases@44 (line 231)
                      ; - org.springframework.core.annotation.AnnotationTypeMapping::<init>@169 (line 126)
                      ; - org.springframework.core.annotation.AnnotationTypeMappings::addIfPossible@11 (line 118)
  0x00007fd9e63d0498: 64ae fbfe 

  0x00007fd9e63d049c: ;   {other}
  0x00007fd9e63d049c: 0f1f 8400 | 0c4d 0073 | 4c8b 5424 | 384c 8954 | 2450 448b | 5424 4844 | 8b4c 244c | e998 c3ff 
  0x00007fd9e63d04bc: ff45 33db | be45 ffff | ff48 8b6c | 2428 4c8b | 5424 404c | 8914 244c | 8b54 2410 | 4c89 5424 
  0x00007fd9e63d04dc: 084c 8b54 | 2450 4c89 | 5424 184c | 8b54 2430 | 4c89 5424 | 204c 8b54 | 2450 4c89 | 5424 284c 
  0x00007fd9e63d04fc: 896c 2430 | c5fa 114c | 2438 c5fa | 1154 2440 | c5fa 1164 | 2444 c5fa | 115c 2448 | c5fa 1144 
  0x00007fd9e63d051c: 244c 4489 | 5c24 5089 | 4424 5490 

  0x00007fd9e63d0528: ;   {runtime_call UncommonTrapBlob}
  0x00007fd9e63d0528: c5f8 77e8 

  0x00007fd9e63d052c: ; ImmutableOopMap {rbp=Oop [0]=Oop [8]=Oop [24]=Oop [32]=Oop [40]=Oop [48]=Oop [64]=NarrowOop [72]=NarrowOop [76]=NarrowOop }
                      ;*if_icmpne {reexecute=1 rethrow=0 return_oop=0}
                      ; - (reexecute) java.lang.String::equals@33
                      ; - org.springframework.core.annotation.AttributeMethods::indexOf@21 (line 194)
                      ; - org.springframework.core.annotation.AnnotationTypeMapping::addConventionAnnotationValues@58 (line 358)
                      ; - org.springframework.core.annotation.AnnotationTypeMapping::<init>@177 (line 128)
                      ; - org.springframework.core.annotation.AnnotationTypeMappings::addIfPossible@11 (line 118)
  0x00007fd9e63d052c: d0ad fbfe 

  0x00007fd9e63d0530: ;   {other}
  0x00007fd9e63d0530: 0f1f 8400 | a04d 0074 | bede ffff | ff4c 8b5c | 2428 4c89 | 1c24 4c8b | 5c24 404c | 895c 2408 
  0x00007fd9e63d0550: 4c8b 5c24 | 504c 895c | 2420 4c8b | 5c24 304c | 895c 2428 | 4c8b 5c24 | 504c 895c | 2430 4c8b 
  0x00007fd9e63d0570: 5c24 484c | 895c 2440 | 448b 4424 | 5844 8944 | 2448 4889 | 4424 5044 | 8954 2458 

  0x00007fd9e63d058c: ;   {runtime_call UncommonTrapBlob}
  0x00007fd9e63d058c: c5f8 77e8 

  0x00007fd9e63d0590: ; ImmutableOopMap {rbp=NarrowOop [0]=Oop [8]=Oop [16]=Oop [32]=Oop [40]=Oop [48]=Oop [64]=Oop [80]=Oop [92]=NarrowOop }
                      ;*invokeinterface annotationType {reexecute=0 rethrow=0 return_oop=0}
                      ; - org.springframework.core.annotation.AnnotationsScanner::getDeclaredAnnotation@36 (line 432)
                      ; - org.springframework.core.annotation.AnnotationTypeMapping::resolveAliasedForTargets@33 (line 147)
                      ; - org.springframework.core.annotation.AnnotationTypeMapping::<init>@162 (line 125)
                      ; - org.springframework.core.annotation.AnnotationTypeMappings::addIfPossible@11 (line 118)
  0x00007fd9e63d0590: 6cad fbfe 

  0x00007fd9e63d0594: ;   {other}
  0x00007fd9e63d0594: 0f1f 8400 | 044e 0075 | bede ffff | ff4c 8b5c | 2428 4c89 | 1c24 4c8b | 5c24 404c | 895c 2408 
  0x00007fd9e63d05b4: 4c8b 5c24 | 504c 895c | 2420 4c8b | 5c24 304c | 895c 2428 | 4c8b 5c24 | 504c 895c | 2430 4c8b 
  0x00007fd9e63d05d4: 5c24 484c | 895c 2440 | 448b 5c24 | 5844 895c | 2448 4889 | 4424 5044 | 8954 2458 | 4889 4c24 
  0x00007fd9e63d05f4: 6866 6690 

  0x00007fd9e63d05f8: ;   {runtime_call UncommonTrapBlob}
  0x00007fd9e63d05f8: c5f8 77e8 

  0x00007fd9e63d05fc: ; ImmutableOopMap {rbp=NarrowOop [0]=Oop [8]=Oop [16]=Oop [32]=Oop [40]=Oop [48]=Oop [64]=Oop [80]=Oop [92]=NarrowOop [104]=Oop }
                      ;*invokeinterface invoke {reexecute=0 rethrow=0 return_oop=0}
                      ; - jdk.proxy2.$Proxy46::annotationType@9
                      ; - org.springframework.core.annotation.AnnotationsScanner::getDeclaredAnnotation@36 (line 432)
                      ; - org.springframework.core.annotation.AnnotationTypeMapping::resolveAliasedForTargets@33 (line 147)
                      ; - org.springframework.core.annotation.AnnotationTypeMapping::<init>@162 (line 125)
                      ; - org.springframework.core.annotation.AnnotationTypeMappings::addIfPossible@11 (line 118)
  0x00007fd9e63d05fc: 00ad fbfe 

  0x00007fd9e63d0600: ;   {other}
  0x00007fd9e63d0600: 0f1f 8400 | 704e 0076 | bee4 ffff | ff48 8b6c | 2428 4c8b | 4c24 404c | 890c 244c | 8b4c 2410 
  0x00007fd9e63d0620: 4c89 4c24 | 084c 8b4c | 2450 4c89 | 4c24 104c | 8b4c 2430 | 4c89 4c24 | 284c 8b4c | 2448 4c89 
  0x00007fd9e63d0640: 4c24 404c | 895c 2450 | 4c89 5424 | 6044 8944 | 245c 6690 

  0x00007fd9e63d0654: ;   {runtime_call UncommonTrapBlob}
  0x00007fd9e63d0654: c5f8 77e8 

  0x00007fd9e63d0658: ; ImmutableOopMap {rbp=Oop [0]=Oop [8]=Oop [16]=Oop [40]=Oop [64]=Oop [80]=Oop [96]=Oop }
                      ;*aastore {reexecute=1 rethrow=0 return_oop=0}
                      ; - (reexecute) java.util.ArrayList::add@14
                      ; - java.util.ArrayList::add@20
                      ; - org.springframework.core.annotation.AnnotationTypeMapping::merge@35 (line 139)
                      ; - org.springframework.core.annotation.AnnotationTypeMapping::<init>@73 (line 115)
                      ; - org.springframework.core.annotation.AnnotationTypeMappings::addIfPossible@11 (line 118)
  0x00007fd9e63d0658: a4ac fbfe 

  0x00007fd9e63d065c: ;   {other}
  0x00007fd9e63d065c: 0f1f 8400 | cc4e 0077 | 4963 cae9 | 3bbb ffff | bed6 ffff | ff48 8b6c | 2428 4c8b | 4c24 404c 
  0x00007fd9e63d067c: 890c 244c | 8b4c 2410 | 4c89 4c24 | 084c 8b4c | 2450 4c89 | 4c24 104c | 8b4c 2430 | 4c89 4c24 
  0x00007fd9e63d069c: 284c 8b4c | 2448 4c89 | 4c24 404c | 895c 2450 | 4c89 5424 | 6044 8944 | 245c 6690 

  0x00007fd9e63d06b8: ;   {runtime_call UncommonTrapBlob}
  0x00007fd9e63d06b8: c5f8 77e8 

  0x00007fd9e63d06bc: ; ImmutableOopMap {rbp=Oop [0]=Oop [8]=Oop [16]=Oop [40]=Oop [64]=Oop [80]=Oop [96]=Oop }
                      ;*aastore {reexecute=1 rethrow=0 return_oop=0}
                      ; - (reexecute) java.util.ArrayList::add@14
                      ; - java.util.ArrayList::add@20
                      ; - org.springframework.core.annotation.AnnotationTypeMapping::merge@35 (line 139)
                      ; - org.springframework.core.annotation.AnnotationTypeMapping::<init>@73 (line 115)
                      ; - org.springframework.core.annotation.AnnotationTypeMappings::addIfPossible@11 (line 118)
  0x00007fd9e63d06bc: 40ac fbfe 

  0x00007fd9e63d06c0: ;   {other}
  0x00007fd9e63d06c0: 0f1f 8400 | 304f 0078 | 4c89 6c24 | 204c 8974 

  0x00007fd9e63d06d0: ;   {metadata('java/lang/String')}
  0x00007fd9e63d06d0: 2418 48be | 78e8 009c | d97f 0000 | 4c89 4424 

  0x00007fd9e63d06e0: ;   {oop([B{0x00000000cdeb8078})}
  0x00007fd9e63d06e0: 5848 bd78 | 80eb cd00 | 0000 0090 

  0x00007fd9e63d06ec: ;   {runtime_call _new_instance_Java}
  0x00007fd9e63d06ec: c5f8 77e8 

  0x00007fd9e63d06f0: ; ImmutableOopMap {rbp=Oop [24]=Derived_oop_rbp [12]=NarrowOop [16]=Oop [32]=Oop [40]=Oop [48]=Oop [64]=Oop [80]=Oop [88]=Oop [136]=NarrowOop }
                      ;*new {reexecute=0 rethrow=0 return_oop=1}
                      ; - java.lang.StringConcatHelper::newString@24
                      ; - java.lang.invoke.DirectMethodHandle$Holder::invokeStatic@13
                      ; - java.lang.invoke.LambdaForm$MH/0x00007fd99d0c4400::invoke@106
                      ; - java.lang.invoke.Invokers$Holder::linkToTargetMethod@6
                      ; - org.springframework.core.annotation.AnnotationTypeMapping::addConventionMappings@175 (line 311)
                      ; - org.springframework.core.annotation.AnnotationTypeMapping::<init>@173 (line 127)
                      ; - org.springframework.core.annotation.AnnotationTypeMappings::addIfPossible@11 (line 118)
  0x00007fd9e63d06f0: 8c44 fdfe 

  0x00007fd9e63d06f4: ;   {other}
  0x00007fd9e63d06f4: 0f1f 8400 | 644f 0079 | 4c8b 7424 | 184c 8b6c | 2420 e919 | e4ff ff45 | 33db eb05 | c4c1 797e 
  0x00007fd9e63d0714: e8be 45ff | ffff 488b | 6c24 284c | 8b54 2440 | 4c89 1424 | 4c8b 5424 | 104c 8954 | 2408 4c8b 
  0x00007fd9e63d0734: 5424 504c | 8954 2418 | 4c8b 5424 | 304c 8954 | 2420 4c8b | 5424 504c | 8954 2428 | c5fa 1144 
  0x00007fd9e63d0754: 2434 4489 | 4424 38c5 | fa11 4c24 | 44c5 fa11 | 5424 4844 | 895c 244c | 897c 2450 

  0x00007fd9e63d0770: ;   {runtime_call UncommonTrapBlob}
  0x00007fd9e63d0770: c5f8 77e8 

  0x00007fd9e63d0774: ; ImmutableOopMap {rbp=Oop [0]=Oop [8]=Oop [24]=Oop [32]=Oop [40]=Oop [52]=NarrowOop [68]=NarrowOop [72]=NarrowOop }
                      ;*if_icmpne {reexecute=1 rethrow=0 return_oop=0}
                      ; - (reexecute) java.lang.String::equals@33
                      ; - org.springframework.core.annotation.AttributeMethods::indexOf@21 (line 194)
                      ; - org.springframework.core.annotation.AnnotationTypeMapping::addConventionMappings@56 (line 298)
                      ; - org.springframework.core.annotation.AnnotationTypeMapping::<init>@173 (line 127)
                      ; - org.springframework.core.annotation.AnnotationTypeMappings::addIfPossible@11 (line 118)
  0x00007fd9e63d0774: 88ab fbfe 

  0x00007fd9e63d0778: ;   {other}
  0x00007fd9e63d0778: 0f1f 8400 | e84f 007a | bef6 ffff | ff48 8b6c | 2428 4c8b | 5424 104c | 8954 2408 

  0x00007fd9e63d0794: ;   {runtime_call UncommonTrapBlob}
  0x00007fd9e63d0794: c5f8 77e8 

  0x00007fd9e63d0798: ; ImmutableOopMap {rbp=Oop [8]=Oop [64]=Oop [80]=Oop }
                      ;*arraylength {reexecute=0 rethrow=0 return_oop=0}
                      ; - java.util.ArrayList::add@2
                      ; - java.util.ArrayList::add@20
                      ; - org.springframework.core.annotation.AnnotationTypeMapping::merge@35 (line 139)
                      ; - org.springframework.core.annotation.AnnotationTypeMapping::<init>@73 (line 115)
                      ; - org.springframework.core.annotation.AnnotationTypeMappings::addIfPossible@11 (line 118)
  0x00007fd9e63d0798: 64ab fbfe 

  0x00007fd9e63d079c: ;   {other}
  0x00007fd9e63d079c: 0f1f 8400 | 0c50 007b | be45 ffff | ff4c 8b5c | 2428 4c89 | 1c24 4c8b | 5c24 404c | 895c 2408 
  0x00007fd9e63d07bc: 4c8b 5c24 | 504c 895c | 2420 4c8b | 5c24 304c | 895c 2428 | 4c8b 5c24 | 504c 895c | 2430 4c8b 
  0x00007fd9e63d07dc: 5c24 484c | 895c 2440 | 448b 4424 | 5844 8944 | 2448 4889 | 4424 5044 | 8954 2458 

  0x00007fd9e63d07f8: ;   {runtime_call UncommonTrapBlob}
  0x00007fd9e63d07f8: c5f8 77e8 

  0x00007fd9e63d07fc: ; ImmutableOopMap {rbp=NarrowOop [0]=Oop [8]=Oop [16]=Oop [32]=Oop [40]=Oop [48]=Oop [64]=Oop [80]=Oop [92]=NarrowOop }
                      ;*if_acmpne {reexecute=1 rethrow=0 return_oop=0}
                      ; - (reexecute) org.springframework.core.annotation.AnnotationsScanner::getDeclaredAnnotation@41 (line 432)
                      ; - org.springframework.core.annotation.AnnotationTypeMapping::resolveAliasedForTargets@33 (line 147)
                      ; - org.springframework.core.annotation.AnnotationTypeMapping::<init>@162 (line 125)
                      ; - org.springframework.core.annotation.AnnotationTypeMappings::addIfPossible@11 (line 118)
  0x00007fd9e63d07fc: 00ab fbfe 

  0x00007fd9e63d0800: ;   {other}
  0x00007fd9e63d0800: 0f1f 8400 | 7050 007c | bec6 ffff | ff48 8b6c | 2428 4c8b | 5424 404c | 8914 244c | 8b54 2410 
  0x00007fd9e63d0820: 4c89 5424 | 084c 8b54 | 2450 4c89 | 5424 104c | 8b54 2430 | 4c89 5424 | 284c 8b54 | 2448 4c89 
  0x00007fd9e63d0840: 5424 404c | 894c 2458 | 4489 4424 | 4c66 6690 

  0x00007fd9e63d0850: ;   {runtime_call UncommonTrapBlob}
  0x00007fd9e63d0850: c5f8 77e8 

  0x00007fd9e63d0854: ; ImmutableOopMap {rbp=Oop [0]=Oop [8]=Oop [16]=Oop [40]=Oop [64]=Oop [76]=NarrowOop [88]=Oop }
                      ;*invokeinterface size {reexecute=0 rethrow=0 return_oop=0}
                      ; - org.springframework.core.annotation.AnnotationTypeMapping::merge@14 (line 137)
                      ; - org.springframework.core.annotation.AnnotationTypeMapping::<init>@73 (line 115)
                      ; - org.springframework.core.annotation.AnnotationTypeMappings::addIfPossible@11 (line 118)
  0x00007fd9e63d0854: a8aa fbfe 

  0x00007fd9e63d0858: ;   {other}
  0x00007fd9e63d0858: 0f1f 8400 | c850 007d | becc ffff | ff48 8b6c | 2428 4c8b | 4c24 404c | 890c 244c | 8b4c 2410 
  0x00007fd9e63d0878: 4c89 4c24 | 084c 8b4c | 2450 4c89 | 4c24 104c | 8b4c 2430 | 4c89 4c24 | 284c 8b4c | 2448 4c89 
  0x00007fd9e63d0898: 4c24 404c | 895c 2450 | 4889 5c24 | 604c 896c | 2468 4489 | 4424 7044 | 8954 2474 

  0x00007fd9e63d08b4: ;   {runtime_call UncommonTrapBlob}
  0x00007fd9e63d08b4: c5f8 77e8 

  0x00007fd9e63d08b8: ; ImmutableOopMap {rbp=Oop [0]=Oop [8]=Oop [16]=Oop [40]=Oop [64]=Oop [80]=Oop [96]=Oop [104]=Oop }
                      ;*invokestatic arraycopy {reexecute=0 rethrow=0 return_oop=0}
                      ; - java.util.ArrayList::addAll@63
                      ; - org.springframework.core.annotation.AnnotationTypeMapping::merge@27 (line 138)
                      ; - org.springframework.core.annotation.AnnotationTypeMapping::<init>@73 (line 115)
                      ; - org.springframework.core.annotation.AnnotationTypeMappings::addIfPossible@11 (line 118)
  0x00007fd9e63d08b8: 44aa fbfe 

  0x00007fd9e63d08bc: ;   {other}
  0x00007fd9e63d08bc: 0f1f 8400 | 2c51 007e | 4863 cae9 | 86ba ffff | 4c63 cae9 | 66bc ffff | be45 ffff | ff4c 8b54 
  0x00007fd9e63d08dc: 2428 4c89 | 1424 4c8b | 5424 404c | 8954 2408 | 4c8b 5424 | 504c 8954 | 2420 4c8b | 5424 304c 
  0x00007fd9e63d08fc: 8954 2428 | 4c8b 5424 | 504c 8954 | 2430 448b | 5424 5844 | 8954 2440 | 4c8b 5424 | 604c 8954 
  0x00007fd9e63d091c: 2450 448b | 4424 5c44 | 8944 2444 | 8954 2464 

  0x00007fd9e63d092c: ;   {runtime_call UncommonTrapBlob}
  0x00007fd9e63d092c: c5f8 77e8 

  0x00007fd9e63d0930: ; ImmutableOopMap {rbp=Oop [0]=Oop [8]=Oop [16]=Oop [32]=Oop [40]=Oop [48]=Oop [72]=Oop [80]=Oop [100]=NarrowOop }
                      ;*ifnull {reexecute=1 rethrow=0 return_oop=0}
                      ; - (reexecute) java.util.HashMap::getNode@122
                      ; - java.util.HashMap::get@2
                      ; - java.util.Collections$UnmodifiableMap::get@5
                      ; - org.springframework.core.annotation.AnnotationTypeMapping::collectAliases@34 (line 243)
                      ; - org.springframework.core.annotation.AnnotationTypeMapping::processAliases@44 (line 231)
                      ; - org.springframework.core.annotation.AnnotationTypeMapping::<init>@169 (line 126)
                      ; - org.springframework.core.annotation.AnnotationTypeMappings::addIfPossible@11 (line 118)
  0x00007fd9e63d0930: cca9 fbfe 

  0x00007fd9e63d0934: ;   {other}
  0x00007fd9e63d0934: 0f1f 8400 | a451 007f | bef6 ffff | ff4c 8b54 | 2410 4c89 | 5424 08c5 | fa11 4424 | 1866 6690 
  0x00007fd9e63d0954: ;   {runtime_call UncommonTrapBlob}
  0x00007fd9e63d0954: c5f8 77e8 

  0x00007fd9e63d0958: ; ImmutableOopMap {[8]=Oop [24]=NarrowOop [40]=Oop [64]=Oop [80]=Oop }
                      ;*invokevirtual equals {reexecute=0 rethrow=0 return_oop=0}
                      ; - org.springframework.core.annotation.AttributeMethods::indexOf@21 (line 194)
                      ; - org.springframework.core.annotation.AnnotationTypeMapping::addConventionAnnotationValues@58 (line 358)
                      ; - org.springframework.core.annotation.AnnotationTypeMapping::<init>@177 (line 128)
                      ; - org.springframework.core.annotation.AnnotationTypeMappings::addIfPossible@11 (line 118)
  0x00007fd9e63d0958: a4a9 fbfe 

  0x00007fd9e63d095c: ;   {other}
  0x00007fd9e63d095c: 0f1f 8400 | cc51 0080 | bef6 ffff | ff4c 8b54 | 2410 4c89 | 5424 08c5 | fa11 5424 | 1866 6690 
  0x00007fd9e63d097c: ;   {runtime_call UncommonTrapBlob}
  0x00007fd9e63d097c: c5f8 77e8 

  0x00007fd9e63d0980: ; ImmutableOopMap {[8]=Oop [24]=NarrowOop [40]=Oop [64]=Oop [80]=Oop }
                      ;*invokevirtual equals {reexecute=0 rethrow=0 return_oop=0}
                      ; - org.springframework.core.annotation.AttributeMethods::indexOf@21 (line 194)
                      ; - org.springframework.core.annotation.AnnotationTypeMapping::addConventionMappings@56 (line 298)
                      ; - org.springframework.core.annotation.AnnotationTypeMapping::<init>@173 (line 127)
                      ; - org.springframework.core.annotation.AnnotationTypeMappings::addIfPossible@11 (line 118)
  0x00007fd9e63d0980: 7ca9 fbfe 

  0x00007fd9e63d0984: ;   {other}
  0x00007fd9e63d0984: 0f1f 8400 | f451 0081 | bef6 ffff | ff48 8b6c | 2428 4c8b | 5424 104c | 8954 2408 

  0x00007fd9e63d09a0: ;   {runtime_call UncommonTrapBlob}
  0x00007fd9e63d09a0: c5f8 77e8 

  0x00007fd9e63d09a4: ; ImmutableOopMap {rbp=Oop [8]=Oop [24]=Oop [56]=Oop [80]=Oop }
                      ;*invokestatic arraycopy {reexecute=0 rethrow=0 return_oop=0}
                      ; - java.util.ArrayList::addAll@63
                      ; - org.springframework.core.annotation.AnnotationTypeMapping::merge@27 (line 138)
                      ; - org.springframework.core.annotation.AnnotationTypeMapping::<init>@73 (line 115)
                      ; - org.springframework.core.annotation.AnnotationTypeMappings::addIfPossible@11 (line 118)
  0x00007fd9e63d09a4: 58a9 fbfe 

  0x00007fd9e63d09a8: ;   {other}
  0x00007fd9e63d09a8: 0f1f 8400 | 1852 0082 | bef6 ffff | ff48 8b6c | 2428 4c8b | 5424 104c | 8954 2408 

  0x00007fd9e63d09c4: ;   {runtime_call UncommonTrapBlob}
  0x00007fd9e63d09c4: c5f8 77e8 

  0x00007fd9e63d09c8: ; ImmutableOopMap {rbp=Oop [8]=Oop [24]=Oop [80]=Oop }
                      ;*aastore {reexecute=1 rethrow=0 return_oop=0}
                      ; - (reexecute) java.util.ArrayList::add@14
                      ; - java.util.ArrayList::add@20
                      ; - org.springframework.core.annotation.AnnotationTypeMapping::merge@35 (line 139)
                      ; - org.springframework.core.annotation.AnnotationTypeMapping::<init>@73 (line 115)
                      ; - org.springframework.core.annotation.AnnotationTypeMappings::addIfPossible@11 (line 118)
  0x00007fd9e63d09c8: 34a9 fbfe 

  0x00007fd9e63d09cc: ;   {other}
  0x00007fd9e63d09cc: 0f1f 8400 | 3c52 0083 | be3d ffff | ff4c 8b4c | 2428 4c89 | 0c24 4c8b | 4c24 184c | 894c 2408 
  0x00007fd9e63d09ec: 4c8b 4c24 | 504c 894c | 2418 4c89 | 5c24 5848 | 895c 2460 | 4489 5424 | 6844 8944 | 246c 4c89 
  0x00007fd9e63d0a0c: 5c24 7089 | 5424 7889 | 8c24 8000 | 0000 6690 

  0x00007fd9e63d0a1c: ;   {runtime_call UncommonTrapBlob}
  0x00007fd9e63d0a1c: c5f8 77e8 

  0x00007fd9e63d0a20: ; ImmutableOopMap {[0]=Oop [8]=Oop [16]=Oop [24]=Oop [48]=Oop [72]=Oop [88]=Oop [96]=Oop [112]=Oop }
                      ;*if_icmpge {reexecute=1 rethrow=0 return_oop=0}
                      ; - (reexecute) jdk.internal.util.ArraysSupport::newLength@10
                      ; - java.util.ArrayList::grow@27
                      ; - java.util.ArrayList::addAll@51
                      ; - org.springframework.core.annotation.AnnotationTypeMapping::merge@27 (line 138)
                      ; - org.springframework.core.annotation.AnnotationTypeMapping::<init>@73 (line 115)
                      ; - org.springframework.core.annotation.AnnotationTypeMappings::addIfPossible@11 (line 118)
  0x00007fd9e63d0a20: dca8 fbfe 

  0x00007fd9e63d0a24: ;   {other}
  0x00007fd9e63d0a24: 0f1f 8400 | 9452 0084 | be3d ffff | ff4c 8b54 | 2428 4c89 | 1424 4c8b | 5424 404c | 8954 2408 
  0x00007fd9e63d0a44: 4c8b 5424 | 504c 8954 | 2418 4c89 | 5c24 5844 | 8944 2460 | 4c89 5c24 | 6889 4c24 | 6489 5424 
  0x00007fd9e63d0a64: 7466 6690 

  0x00007fd9e63d0a68: ;   {runtime_call UncommonTrapBlob}
  0x00007fd9e63d0a68: c5f8 77e8 

  0x00007fd9e63d0a6c: ; ImmutableOopMap {[0]=Oop [8]=Oop [16]=Oop [24]=Oop [48]=Oop [72]=Oop [88]=Oop [104]=Oop }
                      ;*if_icmpge {reexecute=1 rethrow=0 return_oop=0}
                      ; - (reexecute) jdk.internal.util.ArraysSupport::newLength@10
                      ; - java.util.ArrayList::grow@27
                      ; - java.util.ArrayList::grow@7
                      ; - java.util.ArrayList::add@7
                      ; - java.util.ArrayList::add@20
                      ; - org.springframework.core.annotation.AnnotationTypeMapping::merge@35 (line 139)
                      ; - org.springframework.core.annotation.AnnotationTypeMapping::<init>@73 (line 115)
                      ; - org.springframework.core.annotation.AnnotationTypeMappings::addIfPossible@11 (line 118)
  0x00007fd9e63d0a6c: 90a8 fbfe 

  0x00007fd9e63d0a70: ;   {other}
  0x00007fd9e63d0a70: 0f1f 8400 | e052 0085 | 493b dabd | ffff ffff | 7c08 400f | 95c5 400f | b6ed be45 | ffff ff4c 
  0x00007fd9e63d0a90: 8b54 2428 | 4c89 1424 | 4c8b 5424 | 404c 8954 | 2408 4c8b | 5424 304c | 8954 2428 | 4c89 6c24 
  0x00007fd9e63d0ab0: 3848 895c | 2440 6690 

  0x00007fd9e63d0ab8: ;   {runtime_call UncommonTrapBlob}
  0x00007fd9e63d0ab8: c5f8 77e8 

  0x00007fd9e63d0abc: ; ImmutableOopMap {[0]=Oop [8]=Oop [16]=Oop [40]=Oop [56]=Oop [80]=Oop }
                      ;*ifne {reexecute=1 rethrow=0 return_oop=0}
                      ; - (reexecute) java.lang.StringConcatHelper::newString@21
                      ; - java.lang.invoke.DirectMethodHandle$Holder::invokeStatic@13
                      ; - java.lang.invoke.LambdaForm$MH/0x00007fd99d0c4400::invoke@106
                      ; - java.lang.invoke.Invokers$Holder::linkToTargetMethod@6
                      ; - org.springframework.core.annotation.AnnotationTypeMapping::addConventionMappings@175 (line 311)
                      ; - org.springframework.core.annotation.AnnotationTypeMapping::<init>@173 (line 127)
                      ; - org.springframework.core.annotation.AnnotationTypeMappings::addIfPossible@11 (line 118)
  0x00007fd9e63d0abc: 40a8 fbfe 

  0x00007fd9e63d0ac0: ;   {other}
  0x00007fd9e63d0ac0: 0f1f 8400 | 3053 0086 | bef6 ffff | ff4c 8b54 | 2410 4c89 | 5424 0890 

  0x00007fd9e63d0ad8: ;   {runtime_call UncommonTrapBlob}
  0x00007fd9e63d0ad8: c5f8 77e8 

  0x00007fd9e63d0adc: ; ImmutableOopMap {[8]=Oop [32]=NarrowOop [40]=Oop [64]=Oop [80]=Oop }
                      ;*aastore {reexecute=1 rethrow=0 return_oop=0}
                      ; - (reexecute) java.util.ArrayList::add@14
                      ; - java.util.ArrayList::add@20
                      ; - org.springframework.core.annotation.AnnotationTypeMapping::processAliases@36 (line 230)
                      ; - org.springframework.core.annotation.AnnotationTypeMapping::<init>@169 (line 126)
                      ; - org.springframework.core.annotation.AnnotationTypeMappings::addIfPossible@11 (line 118)
  0x00007fd9e63d0adc: 20a8 fbfe 

  0x00007fd9e63d0ae0: ;   {other}
  0x00007fd9e63d0ae0: 0f1f 8400 | 5053 0087 | be45 ffff | ff48 8b6c | 2428 4c8b | 5c24 404c | 891c 244c | 8b5c 2410 
  0x00007fd9e63d0b00: 4c89 5c24 | 084c 8b5c | 2450 4c89 | 5c24 104c | 8b5c 2430 | 4c89 5c24 | 284c 8b5c | 2448 4c89 
  0x00007fd9e63d0b20: 5c24 404c | 8944 2448 | 4c89 4c24 | 5044 8954 | 245c 6690 

  0x00007fd9e63d0b34: ;   {runtime_call UncommonTrapBlob}
  0x00007fd9e63d0b34: c5f8 77e8 

  0x00007fd9e63d0b38: ; ImmutableOopMap {rbp=Oop [0]=Oop [8]=Oop [16]=Oop [40]=Oop [64]=Oop [72]=Oop [80]=Oop }
                      ;*ifne {reexecute=1 rethrow=0 return_oop=0}
                      ; - (reexecute) java.util.ArrayList::<init>@20
                      ; - org.springframework.core.annotation.AnnotationTypeMapping::merge@21 (line 137)
                      ; - org.springframework.core.annotation.AnnotationTypeMapping::<init>@73 (line 115)
                      ; - org.springframework.core.annotation.AnnotationTypeMappings::addIfPossible@11 (line 118)
  0x00007fd9e63d0b38: c4a7 fbfe 

  0x00007fd9e63d0b3c: ;   {other}
  0x00007fd9e63d0b3c: 0f1f 8400 | ac53 0088 | bece ffff | ff48 8b6c | 2428 4c8b | 5424 404c | 8914 244c | 8b54 2410 
  0x00007fd9e63d0b5c: 4c89 5424 | 084c 8b54 | 2450 4c89 | 5424 184c | 8b54 2430 | 4c89 5424 | 204c 8b54 | 2450 4c89 
  0x00007fd9e63d0b7c: 5424 284c | 8944 2440 | 4c89 6c24 | 484c 8944 | 2450 4889 | 5c24 5889 | 4c24 6089 | 7c24 6444 
  0x00007fd9e63d0b9c: 894c 2470 

  0x00007fd9e63d0ba0: ;   {runtime_call UncommonTrapBlob}
  0x00007fd9e63d0ba0: c5f8 77e8 

  0x00007fd9e63d0ba4: ; ImmutableOopMap {rbp=Oop [0]=Oop [8]=Oop [24]=Oop [32]=Oop [40]=Oop [64]=Oop [72]=Oop [80]=Oop [96]=NarrowOop }
                      ;*invokestatic inflate {reexecute=0 rethrow=0 return_oop=0}
                      ; - java.lang.String::getBytes@40
                      ; - java.lang.StringConcatHelper::prepend@21
                      ; - java.lang.StringConcatHelper::prepend@3
                      ; - java.lang.invoke.DirectMethodHandle$Holder::invokeStatic@17
                      ; - java.lang.invoke.LambdaForm$MH/0x00007fd99d0a5000::invoke@28
                      ; - java.lang.invoke.LambdaForm$MH/0x00007fd99d0c2800::invoke@20
                      ; - java.lang.invoke.LambdaForm$MH/0x00007fd99d0c4400::invoke@86
                      ; - java.lang.invoke.Invokers$Holder::linkToTargetMethod@6
                      ; - org.springframework.core.annotation.AnnotationTypeMapping::addConventionMappings@175 (line 311)
                      ; - org.springframework.core.annotation.AnnotationTypeMapping::<init>@173 (line 127)
                      ; - org.springframework.core.annotation.AnnotationTypeMappings::addIfPossible@11 (line 118)
  0x00007fd9e63d0ba4: 58a7 fbfe 

  0x00007fd9e63d0ba8: ;   {other}
  0x00007fd9e63d0ba8: 0f1f 8400 | 1854 0089 | bece ffff | ff48 8b6c | 2428 4c8b | 5c24 404c | 891c 244c | 8b5c 2410 
  0x00007fd9e63d0bc8: 4c89 5c24 | 084c 8b5c | 2450 4c89 | 5c24 184c | 8b5c 2430 | 4c89 5c24 | 204c 8b5c | 2450 4c89 
  0x00007fd9e63d0be8: 5c24 284c | 896c 2430 | 4c89 4424 | 4048 895c | 2448 4489 | 5424 504c | 8944 2458 | 894c 2454 
  0x00007fd9e63d0c08: 4489 4c24 | 6066 6690 

  0x00007fd9e63d0c10: ;   {runtime_call UncommonTrapBlob}
  0x00007fd9e63d0c10: c5f8 77e8 

  0x00007fd9e63d0c14: ; ImmutableOopMap {rbp=Oop [0]=Oop [8]=Oop [24]=Oop [32]=Oop [40]=Oop [48]=Oop [64]=Oop [80]=NarrowOop [88]=Oop }
                      ;*invokestatic inflate {reexecute=0 rethrow=0 return_oop=0}
                      ; - java.lang.String::getBytes@40
                      ; - java.lang.StringConcatHelper::prepend@21
                      ; - java.lang.StringConcatHelper::prepend@3
                      ; - java.lang.invoke.DirectMethodHandle$Holder::invokeStatic@17
                      ; - java.lang.invoke.LambdaForm$MH/0x00007fd99d0a5000::invoke@28
                      ; - java.lang.invoke.LambdaForm$MH/0x00007fd99d0c2800::invoke@41
                      ; - java.lang.invoke.LambdaForm$MH/0x00007fd99d0c4400::invoke@86
                      ; - java.lang.invoke.Invokers$Holder::linkToTargetMethod@6
                      ; - org.springframework.core.annotation.AnnotationTypeMapping::addConventionMappings@175 (line 311)
                      ; - org.springframework.core.annotation.AnnotationTypeMapping::<init>@173 (line 127)
                      ; - org.springframework.core.annotation.AnnotationTypeMappings::addIfPossible@11 (line 118)
  0x00007fd9e63d0c14: e8a6 fbfe 

  0x00007fd9e63d0c18: ;   {other}
  0x00007fd9e63d0c18: 0f1f 8400 | 8854 008a | be3d ffff | ff4c 8b4c | 2428 4c89 | 0c24 4c8b | 4c24 404c | 894c 2408 
  0x00007fd9e63d0c38: 4c8b 4c24 | 504c 894c | 2420 4c8b | 4c24 304c | 894c 2428 | 4c8b 4c24 | 504c 894c | 2430 4489 
  0x00007fd9e63d0c58: 5c24 404c | 8944 2448 | 4c89 4424 | 5089 7c24 | 4489 5424 | 5844 8954 | 2460 6690 

  0x00007fd9e63d0c74: ;   {runtime_call UncommonTrapBlob}
  0x00007fd9e63d0c74: c5f8 77e8 

  0x00007fd9e63d0c78: ; ImmutableOopMap {[0]=Oop [8]=Oop [16]=Oop [32]=Oop [40]=Oop [48]=Oop [68]=NarrowOop [72]=Oop [80]=Oop }
                      ;*if_icmpge {reexecute=1 rethrow=0 return_oop=0}
                      ; - (reexecute) jdk.internal.util.ArraysSupport::newLength@10
                      ; - java.util.ArrayList::grow@27
                      ; - java.util.ArrayList::grow@7
                      ; - java.util.ArrayList::add@7
                      ; - java.util.ArrayList::add@20
                      ; - org.springframework.core.annotation.AnnotationTypeMapping::processAliases@36 (line 230)
                      ; - org.springframework.core.annotation.AnnotationTypeMapping::<init>@169 (line 126)
                      ; - org.springframework.core.annotation.AnnotationTypeMappings::addIfPossible@11 (line 118)
  0x00007fd9e63d0c78: 84a6 fbfe 

  0x00007fd9e63d0c7c: ;   {other}
  0x00007fd9e63d0c7c: 0f1f 8400 | ec54 008b | bef6 ffff | ff48 8b6c | 2428 4c8b | 4424 404c | 8904 244c | 8b44 2410 
  0x00007fd9e63d0c9c: 4c89 4424 | 084c 8b44 | 2450 4c89 | 4424 104c | 8b44 2430 | 4c89 4424 | 2044 8954 | 2444 4489 
  0x00007fd9e63d0cbc: 4c24 484c | 895c 2450 

  0x00007fd9e63d0cc4: ;   {runtime_call UncommonTrapBlob}
  0x00007fd9e63d0cc4: c5f8 77e8 

  0x00007fd9e63d0cc8: ; ImmutableOopMap {rbp=Oop [0]=Oop [8]=Oop [16]=Oop [32]=Oop [72]=NarrowOop [80]=Oop }
                      ;*invokevirtual lock {reexecute=0 rethrow=0 return_oop=0}
                      ; - java.lang.ref.ReferenceQueue::poll@13
                      ; - org.springframework.util.ConcurrentReferenceHashMap$ReferenceManager::pollForPurge@4 (line 1025)
                      ; - org.springframework.util.ConcurrentReferenceHashMap$Segment::restructureIfNecessary@34 (line 575)
                      ; - org.springframework.util.ConcurrentReferenceHashMap$Segment::getReference@9 (line 496)
                      ; - org.springframework.util.ConcurrentReferenceHashMap::getReference@14 (line 266)
                      ; - org.springframework.util.ConcurrentReferenceHashMap::get@5 (line 236)
                      ; - java.util.concurrent.ConcurrentMap::computeIfAbsent@7
                      ; - org.springframework.core.annotation.AttributeMethods::forAnnotationType@17 (line 251)
                      ; - org.springframework.core.annotation.AnnotationTypeMapping::<init>@86 (line 119)
                      ; - org.springframework.core.annotation.AnnotationTypeMappings::addIfPossible@11 (line 118)
  0x00007fd9e63d0cc8: 34a6 fbfe 

  0x00007fd9e63d0ccc: ;   {other}
  0x00007fd9e63d0ccc: 0f1f 8400 | 3c55 008c | bef6 ffff | ff48 8b6c | 2428 4c8b | 5424 204c | 8914 244c | 8b54 2410 
  0x00007fd9e63d0cec: 4c89 5424 | 084c 8b54 | 2438 4c89 | 5424 104c | 8b54 2430 | 4c89 5424 | 2044 8b54 | 244c 448b 
  0x00007fd9e63d0d0c: 5c24 4844 | 895c 2444 | 4489 5424 | 4866 6690 

  0x00007fd9e63d0d1c: ;   {runtime_call UncommonTrapBlob}
  0x00007fd9e63d0d1c: c5f8 77e8 

  0x00007fd9e63d0d20: ; ImmutableOopMap {rbp=Oop [0]=Oop [8]=Oop [16]=Oop [32]=Oop [72]=NarrowOop [76]=NarrowOop [80]=Oop }
                      ;*invokevirtual unlock {reexecute=0 rethrow=0 return_oop=0}
                      ; - java.lang.ref.ReferenceQueue::poll@25
                      ; - org.springframework.util.ConcurrentReferenceHashMap$ReferenceManager::pollForPurge@4 (line 1025)
                      ; - org.springframework.util.ConcurrentReferenceHashMap$Segment::restructureIfNecessary@34 (line 575)
                      ; - org.springframework.util.ConcurrentReferenceHashMap$Segment::getReference@9 (line 496)
                      ; - org.springframework.util.ConcurrentReferenceHashMap::getReference@14 (line 266)
                      ; - org.springframework.util.ConcurrentReferenceHashMap::get@5 (line 236)
                      ; - java.util.concurrent.ConcurrentMap::computeIfAbsent@7
                      ; - org.springframework.core.annotation.AttributeMethods::forAnnotationType@17 (line 251)
                      ; - org.springframework.core.annotation.AnnotationTypeMapping::<init>@86 (line 119)
                      ; - org.springframework.core.annotation.AnnotationTypeMappings::addIfPossible@11 (line 118)
  0x00007fd9e63d0d20: dca5 fbfe 

  0x00007fd9e63d0d24: ;   {other}
  0x00007fd9e63d0d24: 0f1f 8400 | 9455 008d | bede ffff | ff48 8b6c | 2428 4c8b | 5c24 104c | 895c 2408 

  0x00007fd9e63d0d40: ;   {runtime_call UncommonTrapBlob}
  0x00007fd9e63d0d40: c5f8 77e8 

  0x00007fd9e63d0d44: ; ImmutableOopMap {rbp=Oop [8]=Oop [56]=Oop [64]=Oop [80]=Oop }
                      ;*checkcast {reexecute=0 rethrow=0 return_oop=0}
                      ; - org.springframework.util.ConcurrentReferenceHashMap$ReferenceManager::pollForPurge@7 (line 1025)
                      ; - org.springframework.util.ConcurrentReferenceHashMap$Segment::restructureIfNecessary@34 (line 575)
                      ; - org.springframework.util.ConcurrentReferenceHashMap$Segment::getReference@9 (line 496)
                      ; - org.springframework.util.ConcurrentReferenceHashMap::getReference@14 (line 266)
                      ; - org.springframework.util.ConcurrentReferenceHashMap::get@5 (line 236)
                      ; - java.util.concurrent.ConcurrentMap::computeIfAbsent@7
                      ; - org.springframework.core.annotation.AttributeMethods::forAnnotationType@17 (line 251)
                      ; - org.springframework.core.annotation.AnnotationTypeMapping::<init>@86 (line 119)
                      ; - org.springframework.core.annotation.AnnotationTypeMappings::addIfPossible@11 (line 118)
  0x00007fd9e63d0d44: b8a5 fbfe 

  0x00007fd9e63d0d48: ;   {other}
  0x00007fd9e63d0d48: 0f1f 8400 | b855 008e | bede ffff | ff48 8b6c | 2428 4c8b | 5424 104c | 8954 2408 | 4c8b 5424 
  0x00007fd9e63d0d68: 304c 8954 | 2420 4c89 | 4424 3090 

  0x00007fd9e63d0d74: ;   {runtime_call UncommonTrapBlob}
  0x00007fd9e63d0d74: c5f8 77e8 

  0x00007fd9e63d0d78: ; ImmutableOopMap {rbp=Oop [8]=Oop [32]=Oop [48]=Oop [64]=Oop [80]=Oop }
                      ;*checkcast {reexecute=0 rethrow=0 return_oop=0}
                      ; - org.springframework.core.annotation.AttributeMethods::forAnnotationType@22 (line 251)
                      ; - org.springframework.core.annotation.AnnotationTypeMapping::<init>@86 (line 119)
                      ; - org.springframework.core.annotation.AnnotationTypeMappings::addIfPossible@11 (line 118)
  0x00007fd9e63d0d78: 84a5 fbfe 

  0x00007fd9e63d0d7c: ;   {other}
  0x00007fd9e63d0d7c: 0f1f 8400 | ec55 008f | bede ffff | ff48 8b6c | 2428 4c8b | 5424 404c | 8914 244c | 8b54 2410 
  0x00007fd9e63d0d9c: 4c89 5424 | 084c 8b54 | 2430 4c89 | 5424 204c | 8b54 2448 | 4c89 5424 | 3848 8944 | 2448 6690 
  0x00007fd9e63d0dbc: ;   {runtime_call UncommonTrapBlob}
  0x00007fd9e63d0dbc: c5f8 77e8 

  0x00007fd9e63d0dc0: ; ImmutableOopMap {rbp=Oop [0]=Oop [8]=Oop [32]=Oop [56]=Oop [72]=Oop [80]=Oop [92]=NarrowOop }
                      ;*checkcast {reexecute=0 rethrow=0 return_oop=0}
                      ; - org.springframework.core.annotation.AnnotationTypeMapping::resolveAliasedForTargets@68 (line 150)
                      ; - org.springframework.core.annotation.AnnotationTypeMapping::<init>@162 (line 125)
                      ; - org.springframework.core.annotation.AnnotationTypeMappings::addIfPossible@11 (line 118)
  0x00007fd9e63d0dc0: 3ca5 fbfe 

  0x00007fd9e63d0dc4: ;   {other}
  0x00007fd9e63d0dc4: 0f1f 8400 | 3456 0090 | bede ffff | ff4c 8b5c | 2428 4c89 | 1c24 4c8b | 5c24 404c | 895c 2408 
  0x00007fd9e63d0de4: 4c8b 5c24 | 504c 895c | 2420 4c8b | 5c24 304c | 895c 2428 | 4c8b 5c24 | 504c 895c | 2430 4889 
  0x00007fd9e63d0e04: 4c24 4844 | 8954 2450 

  0x00007fd9e63d0e0c: ;   {runtime_call UncommonTrapBlob}
  0x00007fd9e63d0e0c: c5f8 77e8 

  0x00007fd9e63d0e10: ; ImmutableOopMap {rbp=NarrowOop [0]=Oop [8]=Oop [16]=Oop [32]=Oop [40]=Oop [48]=Oop [72]=Oop }
                      ;*checkcast {reexecute=0 rethrow=0 return_oop=0}
                      ; - org.springframework.util.ConcurrentReferenceHashMap$SoftEntryReference::get@4 (line 1033)
                      ; - org.springframework.util.ConcurrentReferenceHashMap$Segment::findInChain@21 (line 664)
                      ; - org.springframework.util.ConcurrentReferenceHashMap$Segment::getReference@51 (line 505)
                      ; - org.springframework.util.ConcurrentReferenceHashMap::getReference@14 (line 266)
                      ; - org.springframework.util.ConcurrentReferenceHashMap::get@5 (line 236)
                      ; - java.util.concurrent.ConcurrentMap::computeIfAbsent@7
                      ; - org.springframework.core.annotation.AttributeMethods::forAnnotationType@17 (line 251)
                      ; - org.springframework.core.annotation.AnnotationTypeMapping::<init>@86 (line 119)
                      ; - org.springframework.core.annotation.AnnotationTypeMappings::addIfPossible@11 (line 118)
  0x00007fd9e63d0e10: eca4 fbfe 

  0x00007fd9e63d0e14: ;   {other}
  0x00007fd9e63d0e14: 0f1f 8400 | 8456 0091 | bede ffff | ff4c 8b54 | 2428 4c89 | 1424 4c8b | 5424 404c | 8954 2408 
  0x00007fd9e63d0e34: 4c8b 5424 | 304c 8954 | 2428 6690 

  0x00007fd9e63d0e40: ;   {runtime_call UncommonTrapBlob}
  0x00007fd9e63d0e40: c5f8 77e8 

  0x00007fd9e63d0e44: ; ImmutableOopMap {rbp=NarrowOop [0]=Oop [8]=Oop [16]=Oop [40]=Oop [80]=Oop }
                      ;*checkcast {reexecute=0 rethrow=0 return_oop=0}
                      ; - org.springframework.util.ConcurrentReferenceHashMap$SoftEntryReference::get@4 (line 1033)
                      ; - org.springframework.util.ConcurrentReferenceHashMap::get@14 (line 237)
                      ; - java.util.concurrent.ConcurrentMap::computeIfAbsent@7
                      ; - org.springframework.core.annotation.AttributeMethods::forAnnotationType@17 (line 251)
                      ; - org.springframework.core.annotation.AnnotationTypeMapping::<init>@86 (line 119)
                      ; - org.springframework.core.annotation.AnnotationTypeMappings::addIfPossible@11 (line 118)
  0x00007fd9e63d0e44: b8a4 fbfe 

  0x00007fd9e63d0e48: ;   {other}
  0x00007fd9e63d0e48: 0f1f 8400 | b856 0092 | bede ffff | ff48 8b6c | 2428 4c8b | 5424 404c | 8914 244c | 8b54 2410 
  0x00007fd9e63d0e68: 4c89 5424 | 084c 8b54 | 2450 4c89 | 5424 184c | 8b54 2430 | 4c89 5424 | 204c 8b54 | 2450 4c89 
  0x00007fd9e63d0e88: 5424 2844 | 895c 2438 | 4c89 4424 | 4048 895c | 2448 4489 | 4c24 3c89 | 4c24 5048 | 8954 2458 
  0x00007fd9e63d0ea8: ;   {runtime_call UncommonTrapBlob}
  0x00007fd9e63d0ea8: c5f8 77e8 

  0x00007fd9e63d0eac: ; ImmutableOopMap {rbp=Oop [0]=Oop [8]=Oop [24]=Oop [32]=Oop [40]=Oop [64]=Oop [72]=Oop [88]=Oop }
                      ;*checkcast {reexecute=0 rethrow=0 return_oop=0}
                      ; - org.springframework.core.annotation.AnnotationTypeMapping::collectAliases@39 (line 243)
                      ; - org.springframework.core.annotation.AnnotationTypeMapping::processAliases@44 (line 231)
                      ; - org.springframework.core.annotation.AnnotationTypeMapping::<init>@169 (line 126)
                      ; - org.springframework.core.annotation.AnnotationTypeMappings::addIfPossible@11 (line 118)
  0x00007fd9e63d0eac: 50a4 fbfe 

  0x00007fd9e63d0eb0: ;   {other}
  0x00007fd9e63d0eb0: 0f1f 8400 | 2057 0093 | bef6 ffff | ff4c 8b54 | 2410 4c89 | 5424 0889 | 4c24 1890 

  0x00007fd9e63d0ecc: ;   {runtime_call UncommonTrapBlob}
  0x00007fd9e63d0ecc: c5f8 77e8 

  0x00007fd9e63d0ed0: ; ImmutableOopMap {[8]=Oop [40]=Oop [64]=Oop [80]=Oop }
                      ;*aaload {reexecute=0 rethrow=0 return_oop=0}
                      ; - java.util.ArrayList::elementData@5
                      ; - java.util.ArrayList::get@11
                      ; - org.springframework.core.annotation.AnnotationTypeMapping::collectAliases@29 (line 243)
                      ; - org.springframework.core.annotation.AnnotationTypeMapping::processAliases@44 (line 231)
                      ; - org.springframework.core.annotation.AnnotationTypeMapping::<init>@169 (line 126)
                      ; - org.springframework.core.annotation.AnnotationTypeMappings::addIfPossible@11 (line 118)
  0x00007fd9e63d0ed0: 2ca4 fbfe 

  0x00007fd9e63d0ed4: ;   {other}
  0x00007fd9e63d0ed4: 0f1f 8400 | 4457 0094 | bef6 ffff | ff4c 8b54 | 2410 4c89 | 5424 0889 | 5424 1890 

  0x00007fd9e63d0ef0: ;   {runtime_call UncommonTrapBlob}
  0x00007fd9e63d0ef0: c5f8 77e8 

  0x00007fd9e63d0ef4: ; ImmutableOopMap {[8]=Oop [24]=NarrowOop [40]=Oop [64]=Oop [80]=Oop }
                      ;*invokeinterface get {reexecute=0 rethrow=0 return_oop=0}
                      ; - org.springframework.core.annotation.AnnotationTypeMapping::collectAliases@34 (line 243)
                      ; - org.springframework.core.annotation.AnnotationTypeMapping::processAliases@44 (line 231)
                      ; - org.springframework.core.annotation.AnnotationTypeMapping::<init>@169 (line 126)
                      ; - org.springframework.core.annotation.AnnotationTypeMappings::addIfPossible@11 (line 118)
  0x00007fd9e63d0ef4: 08a4 fbfe 

  0x00007fd9e63d0ef8: ;   {other}
  0x00007fd9e63d0ef8: 0f1f 8400 | 6857 0095 | bef6 ffff | ff4c 8b54 | 2410 4c89 | 5424 0889 | 5424 1890 

  0x00007fd9e63d0f14: ;   {runtime_call UncommonTrapBlob}
  0x00007fd9e63d0f14: c5f8 77e8 

  0x00007fd9e63d0f18: ; ImmutableOopMap {[8]=Oop [24]=NarrowOop [40]=Oop [64]=Oop [80]=Oop }
                      ;*invokeinterface get {reexecute=0 rethrow=0 return_oop=0}
                      ; - java.util.Collections$UnmodifiableMap::get@5
                      ; - org.springframework.core.annotation.AnnotationTypeMapping::collectAliases@34 (line 243)
                      ; - org.springframework.core.annotation.AnnotationTypeMapping::processAliases@44 (line 231)
                      ; - org.springframework.core.annotation.AnnotationTypeMapping::<init>@169 (line 126)
                      ; - org.springframework.core.annotation.AnnotationTypeMappings::addIfPossible@11 (line 118)
  0x00007fd9e63d0f18: e4a3 fbfe 

  0x00007fd9e63d0f1c: ;   {other}
  0x00007fd9e63d0f1c: 0f1f 8400 | 8c57 0096 | bef6 ffff | ff48 8b6c | 2428 4c8b | 5424 104c | 8954 2408 

  0x00007fd9e63d0f38: ;   {runtime_call UncommonTrapBlob}
  0x00007fd9e63d0f38: c5f8 77e8 

  0x00007fd9e63d0f3c: ; ImmutableOopMap {rbp=Oop [8]=Oop [64]=Oop [80]=Oop }
                      ;*arraylength {reexecute=0 rethrow=0 return_oop=0}
                      ; - org.springframework.util.ConcurrentReferenceHashMap::getSegmentForHash@17 (line 424)
                      ; - org.springframework.util.ConcurrentReferenceHashMap::getReference@8 (line 266)
                      ; - org.springframework.util.ConcurrentReferenceHashMap::get@5 (line 236)
                      ; - java.util.concurrent.ConcurrentMap::computeIfAbsent@7
                      ; - org.springframework.core.annotation.AttributeMethods::forAnnotationType@17 (line 251)
                      ; - org.springframework.core.annotation.AnnotationTypeMapping::<init>@86 (line 119)
                      ; - org.springframework.core.annotation.AnnotationTypeMappings::addIfPossible@11 (line 118)
  0x00007fd9e63d0f3c: c0a3 fbfe 

  0x00007fd9e63d0f40: ;   {other}
  0x00007fd9e63d0f40: 0f1f 8400 | b057 0097 | bef6 ffff | ff48 8b6c | 2428 4c8b | 5424 104c | 8954 2408 

  0x00007fd9e63d0f5c: ;   {runtime_call UncommonTrapBlob}
  0x00007fd9e63d0f5c: c5f8 77e8 

  0x00007fd9e63d0f60: ; ImmutableOopMap {rbp=Oop [8]=Oop [64]=Oop [80]=Oop }
                      ;*invokevirtual pollForPurge {reexecute=0 rethrow=0 return_oop=0}
                      ; - org.springframework.util.ConcurrentReferenceHashMap$Segment::restructureIfNecessary@34 (line 575)
                      ; - org.springframework.util.ConcurrentReferenceHashMap$Segment::getReference@9 (line 496)
                      ; - org.springframework.util.ConcurrentReferenceHashMap::getReference@14 (line 266)
                      ; - org.springframework.util.ConcurrentReferenceHashMap::get@5 (line 236)
                      ; - java.util.concurrent.ConcurrentMap::computeIfAbsent@7
                      ; - org.springframework.core.annotation.AttributeMethods::forAnnotationType@17 (line 251)
                      ; - org.springframework.core.annotation.AnnotationTypeMapping::<init>@86 (line 119)
                      ; - org.springframework.core.annotation.AnnotationTypeMappings::addIfPossible@11 (line 118)
  0x00007fd9e63d0f60: 9ca3 fbfe 

  0x00007fd9e63d0f64: ;   {other}
  0x00007fd9e63d0f64: 0f1f 8400 | d457 0098 | bef6 ffff | ff48 8b6c | 2428 4c8b | 5424 104c | 8954 2408 

  0x00007fd9e63d0f80: ;   {runtime_call UncommonTrapBlob}
  0x00007fd9e63d0f80: c5f8 77e8 

  0x00007fd9e63d0f84: ; ImmutableOopMap {rbp=Oop [8]=Oop [64]=Oop [80]=Oop }
                      ;*invokevirtual poll {reexecute=0 rethrow=0 return_oop=0}
                      ; - org.springframework.util.ConcurrentReferenceHashMap$ReferenceManager::pollForPurge@4 (line 1025)
                      ; - org.springframework.util.ConcurrentReferenceHashMap$Segment::restructureIfNecessary@34 (line 575)
                      ; - org.springframework.util.ConcurrentReferenceHashMap$Segment::getReference@9 (line 496)
                      ; - org.springframework.util.ConcurrentReferenceHashMap::getReference@14 (line 266)
                      ; - org.springframework.util.ConcurrentReferenceHashMap::get@5 (line 236)
                      ; - java.util.concurrent.ConcurrentMap::computeIfAbsent@7
                      ; - org.springframework.core.annotation.AttributeMethods::forAnnotationType@17 (line 251)
                      ; - org.springframework.core.annotation.AnnotationTypeMapping::<init>@86 (line 119)
                      ; - org.springframework.core.annotation.AnnotationTypeMappings::addIfPossible@11 (line 118)
  0x00007fd9e63d0f84: 78a3 fbfe 

  0x00007fd9e63d0f88: ;   {other}
  0x00007fd9e63d0f88: 0f1f 8400 | f857 0099 | bef6 ffff | ff48 8b6c | 2428 4c8b | 5424 104c | 8954 2408 

  0x00007fd9e63d0fa4: ;   {runtime_call UncommonTrapBlob}
  0x00007fd9e63d0fa4: c5f8 77e8 

  0x00007fd9e63d0fa8: ; ImmutableOopMap {rbp=Oop [8]=Oop [64]=Oop [80]=Oop }
                      ;*invokevirtual get {reexecute=0 rethrow=0 return_oop=0}
                      ; - org.springframework.util.ConcurrentReferenceHashMap$Segment::getReference@16 (line 498)
                      ; - org.springframework.util.ConcurrentReferenceHashMap::getReference@14 (line 266)
                      ; - org.springframework.util.ConcurrentReferenceHashMap::get@5 (line 236)
                      ; - java.util.concurrent.ConcurrentMap::computeIfAbsent@7
                      ; - org.springframework.core.annotation.AttributeMethods::forAnnotationType@17 (line 251)
                      ; - org.springframework.core.annotation.AnnotationTypeMapping::<init>@86 (line 119)
                      ; - org.springframework.core.annotation.AnnotationTypeMappings::addIfPossible@11 (line 118)
  0x00007fd9e63d0fa8: 54a3 fbfe 

  0x00007fd9e63d0fac: ;   {other}
  0x00007fd9e63d0fac: 0f1f 8400 | 1c58 009a | bef6 ffff | ff48 8b6c | 2428 4c8b | 5424 104c | 8954 2408 

  0x00007fd9e63d0fc8: ;   {runtime_call UncommonTrapBlob}
  0x00007fd9e63d0fc8: c5f8 77e8 

  0x00007fd9e63d0fcc: ; ImmutableOopMap {rbp=Oop [8]=Oop [64]=Oop [80]=Oop }
                      ;*arraylength {reexecute=0 rethrow=0 return_oop=0}
                      ; - org.springframework.core.annotation.AttributeMethods::size@4 (line 221)
                      ; - org.springframework.core.annotation.AnnotationTypeMapping$MirrorSets::<init>@14 (line 692)
                      ; - org.springframework.core.annotation.AnnotationTypeMapping::<init>@98 (line 120)
                      ; - org.springframework.core.annotation.AnnotationTypeMappings::addIfPossible@11 (line 118)
  0x00007fd9e63d0fcc: 30a3 fbfe 

  0x00007fd9e63d0fd0: ;   {other}
  0x00007fd9e63d0fd0: 0f1f 8400 | 4058 009b | bef6 ffff | ff48 8b6c | 2428 4c8b | 5424 104c | 8954 2408 

  0x00007fd9e63d0fec: ;   {runtime_call UncommonTrapBlob}
  0x00007fd9e63d0fec: c5f8 77e8 

  0x00007fd9e63d0ff0: ; ImmutableOopMap {rbp=Oop [8]=Oop [64]=Oop [80]=Oop }
                      ;*invokevirtual size {reexecute=0 rethrow=0 return_oop=0}
                      ; - org.springframework.core.annotation.AnnotationTypeMapping::<init>@109 (line 121)
                      ; - org.springframework.core.annotation.AnnotationTypeMappings::addIfPossible@11 (line 118)
  0x00007fd9e63d0ff0: 0ca3 fbfe 

  0x00007fd9e63d0ff4: ;   {other}
  0x00007fd9e63d0ff4: 0f1f 8400 | 6458 009c | bef6 ffff | ff48 8b6c | 2428 4c8b | 5424 104c | 8954 2408 

  0x00007fd9e63d1010: ;   {runtime_call UncommonTrapBlob}
  0x00007fd9e63d1010: c5f8 77e8 

  0x00007fd9e63d1014: ; ImmutableOopMap {rbp=Oop [8]=Oop [64]=Oop [80]=Oop }
                      ;*arraylength {reexecute=0 rethrow=0 return_oop=0}
                      ; - org.springframework.core.annotation.AttributeMethods::size@4 (line 221)
                      ; - org.springframework.core.annotation.AnnotationTypeMapping::<init>@109 (line 121)
                      ; - org.springframework.core.annotation.AnnotationTypeMappings::addIfPossible@11 (line 118)
  0x00007fd9e63d1014: e8a2 fbfe 

  0x00007fd9e63d1018: ;   {other}
  0x00007fd9e63d1018: 0f1f 8400 | 8858 009d | bef6 ffff | ff48 8b6c | 2428 4c8b | 5424 104c | 8954 2408 

  0x00007fd9e63d1034: ;   {runtime_call UncommonTrapBlob}
  0x00007fd9e63d1034: c5f8 77e8 

  0x00007fd9e63d1038: ; ImmutableOopMap {rbp=Oop [8]=Oop [64]=Oop [80]=Oop }
                      ;*arraylength {reexecute=0 rethrow=0 return_oop=0}
                      ; - org.springframework.core.annotation.AttributeMethods::size@4 (line 221)
                      ; - org.springframework.core.annotation.AnnotationTypeMapping::<init>@123 (line 122)
                      ; - org.springframework.core.annotation.AnnotationTypeMappings::addIfPossible@11 (line 118)
  0x00007fd9e63d1038: c4a2 fbfe 

  0x00007fd9e63d103c: ;   {other}
  0x00007fd9e63d103c: 0f1f 8400 | ac58 009e | bef6 ffff | ff48 8b6c | 2428 4c8b | 5424 104c | 8954 2408 

  0x00007fd9e63d1058: ;   {runtime_call UncommonTrapBlob}
  0x00007fd9e63d1058: c5f8 77e8 

  0x00007fd9e63d105c: ; ImmutableOopMap {rbp=Oop [8]=Oop [64]=Oop [80]=Oop }
                      ;*invokevirtual size {reexecute=0 rethrow=0 return_oop=0}
                      ; - org.springframework.core.annotation.AnnotationTypeMapping::resolveAliasedForTargets@15 (line 145)
                      ; - org.springframework.core.annotation.AnnotationTypeMapping::<init>@162 (line 125)
                      ; - org.springframework.core.annotation.AnnotationTypeMappings::addIfPossible@11 (line 118)
  0x00007fd9e63d105c: a0a2 fbfe 

  0x00007fd9e63d1060: ;   {other}
  0x00007fd9e63d1060: 0f1f 8400 | d058 009f | bef6 ffff | ff48 8b6c | 2428 4c8b | 5424 104c | 8954 2408 

  0x00007fd9e63d107c: ;   {runtime_call UncommonTrapBlob}
  0x00007fd9e63d107c: c5f8 77e8 

  0x00007fd9e63d1080: ; ImmutableOopMap {rbp=Oop [8]=Oop [64]=Oop [80]=Oop }
                      ;*arraylength {reexecute=0 rethrow=0 return_oop=0}
                      ; - org.springframework.core.annotation.AttributeMethods::size@4 (line 221)
                      ; - org.springframework.core.annotation.AnnotationTypeMapping::resolveAliasedForTargets@15 (line 145)
                      ; - org.springframework.core.annotation.AnnotationTypeMapping::<init>@162 (line 125)
                      ; - org.springframework.core.annotation.AnnotationTypeMappings::addIfPossible@11 (line 118)
  0x00007fd9e63d1080: 7ca2 fbfe 

  0x00007fd9e63d1084: ;   {other}
  0x00007fd9e63d1084: 0f1f 8400 | f458 00a0 | bef6 ffff | ff48 8b6c | 2428 4c8b | 5424 104c | 8954 2408 

  0x00007fd9e63d10a0: ;   {runtime_call UncommonTrapBlob}
  0x00007fd9e63d10a0: c5f8 77e8 

  0x00007fd9e63d10a4: ; ImmutableOopMap {rbp=Oop [8]=Oop [64]=Oop [80]=Oop }
                      ;*invokevirtual size {reexecute=0 rethrow=0 return_oop=0}
                      ; - org.springframework.core.annotation.AnnotationTypeMapping::processAliases@15 (line 228)
                      ; - org.springframework.core.annotation.AnnotationTypeMapping::<init>@169 (line 126)
                      ; - org.springframework.core.annotation.AnnotationTypeMappings::addIfPossible@11 (line 118)
  0x00007fd9e63d10a4: 58a2 fbfe 

  0x00007fd9e63d10a8: ;   {other}
  0x00007fd9e63d10a8: 0f1f 8400 | 1859 00a1 | bef6 ffff | ff48 8b6c | 2428 4c8b | 5424 104c | 8954 2408 

  0x00007fd9e63d10c4: ;   {runtime_call UncommonTrapBlob}
  0x00007fd9e63d10c4: c5f8 77e8 

  0x00007fd9e63d10c8: ; ImmutableOopMap {rbp=Oop [8]=Oop [64]=Oop [80]=Oop }
                      ;*arraylength {reexecute=0 rethrow=0 return_oop=0}
                      ; - org.springframework.core.annotation.AttributeMethods::size@4 (line 221)
                      ; - org.springframework.core.annotation.AnnotationTypeMapping::processAliases@15 (line 228)
                      ; - org.springframework.core.annotation.AnnotationTypeMapping::<init>@169 (line 126)
                      ; - org.springframework.core.annotation.AnnotationTypeMappings::addIfPossible@11 (line 118)
  0x00007fd9e63d10c8: 34a2 fbfe 

  0x00007fd9e63d10cc: ;   {other}
  0x00007fd9e63d10cc: 0f1f 8400 | 3c59 00a2 | bef6 ffff | ff4c 8b54 | 2410 4c89 | 5424 0890 

  0x00007fd9e63d10e4: ;   {runtime_call UncommonTrapBlob}
  0x00007fd9e63d10e4: c5f8 77e8 

  0x00007fd9e63d10e8: ; ImmutableOopMap {[8]=Oop [40]=Oop [64]=Oop [80]=Oop }
                      ;*arraylength {reexecute=0 rethrow=0 return_oop=0}
                      ; - org.springframework.core.annotation.AttributeMethods::size@4 (line 221)
                      ; - org.springframework.core.annotation.AnnotationTypeMapping::addConventionAnnotationValues@7 (line 353)
                      ; - org.springframework.core.annotation.AnnotationTypeMapping::<init>@177 (line 128)
                      ; - org.springframework.core.annotation.AnnotationTypeMappings::addIfPossible@11 (line 118)
  0x00007fd9e63d10e8: 14a2 fbfe 

  0x00007fd9e63d10ec: ;   {other}
  0x00007fd9e63d10ec: 0f1f 8400 | 5c59 00a3 | bef6 ffff | ff66 6690 

  0x00007fd9e63d10fc: ;   {runtime_call UncommonTrapBlob}
  0x00007fd9e63d10fc: c5f8 77e8 

  0x00007fd9e63d1100: ; ImmutableOopMap {rbp=NarrowOop [16]=Oop [40]=Oop [64]=Oop [80]=Oop }
                      ;*invokeinterface add {reexecute=0 rethrow=0 return_oop=0}
                      ; - org.springframework.core.annotation.AnnotationTypeMapping::computeSynthesizableFlag@5 (line 381)
                      ; - org.springframework.core.annotation.AnnotationTypeMapping::<init>@184 (line 129)
                      ; - org.springframework.core.annotation.AnnotationTypeMappings::addIfPossible@11 (line 118)
  0x00007fd9e63d1100: fca1 fbfe 

  0x00007fd9e63d1104: ;   {other}
  0x00007fd9e63d1104: 0f1f 8400 | 7459 00a4 | bef6 ffff | ff4c 8b5c | 2410 4c89 | 5c24 0890 

  0x00007fd9e63d111c: ;   {runtime_call UncommonTrapBlob}
  0x00007fd9e63d111c: c5f8 77e8 

  0x00007fd9e63d1120: ; ImmutableOopMap {[8]=Oop [40]=Oop [64]=Oop [80]=Oop }
                      ;*arraylength {reexecute=0 rethrow=0 return_oop=0}
                      ; - org.springframework.core.annotation.AnnotationTypeMapping::computeSynthesizableFlag@17 (line 384)
                      ; - org.springframework.core.annotation.AnnotationTypeMapping::<init>@184 (line 129)
                      ; - org.springframework.core.annotation.AnnotationTypeMappings::addIfPossible@11 (line 118)
  0x00007fd9e63d1120: dca1 fbfe 

  0x00007fd9e63d1124: ;   {other}
  0x00007fd9e63d1124: 0f1f 8400 | 9459 00a5 | bef6 ffff | ff4c 8b5c | 2410 4c89 | 5c24 084c | 8954 2410 

  0x00007fd9e63d1140: ;   {runtime_call UncommonTrapBlob}
  0x00007fd9e63d1140: c5f8 77e8 

  0x00007fd9e63d1144: ; ImmutableOopMap {[8]=Oop [16]=Oop [40]=Oop [64]=Oop }
                      ;*invokeinterface isEmpty {reexecute=0 rethrow=0 return_oop=0}
                      ; - org.springframework.core.annotation.AnnotationTypeMapping::computeSynthesizableFlag@52 (line 391)
                      ; - org.springframework.core.annotation.AnnotationTypeMapping::<init>@184 (line 129)
                      ; - org.springframework.core.annotation.AnnotationTypeMappings::addIfPossible@11 (line 118)
  0x00007fd9e63d1144: b8a1 fbfe 

  0x00007fd9e63d1148: ;   {other}
  0x00007fd9e63d1148: 0f1f 8400 | b859 00a6 | bef6 ffff | ff4c 8b5c | 2410 4c89 | 5c24 084c | 8954 2410 

  0x00007fd9e63d1164: ;   {runtime_call UncommonTrapBlob}
  0x00007fd9e63d1164: c5f8 77e8 

  0x00007fd9e63d1168: ; ImmutableOopMap {[8]=Oop [16]=Oop [40]=Oop [64]=Oop }
                      ;*invokeinterface isEmpty {reexecute=0 rethrow=0 return_oop=0}
                      ; - java.util.Collections$UnmodifiableMap::isEmpty@4
                      ; - org.springframework.core.annotation.AnnotationTypeMapping::computeSynthesizableFlag@52 (line 391)
                      ; - org.springframework.core.annotation.AnnotationTypeMapping::<init>@184 (line 129)
                      ; - org.springframework.core.annotation.AnnotationTypeMappings::addIfPossible@11 (line 118)
  0x00007fd9e63d1168: 94a1 fbfe 

  0x00007fd9e63d116c: ;   {other}
  0x00007fd9e63d116c: 0f1f 8400 | dc59 00a7 | bef6 ffff | ff4c 8954 | 2408 6690 

  0x00007fd9e63d1180: ;   {runtime_call UncommonTrapBlob}
  0x00007fd9e63d1180: c5f8 77e8 

  0x00007fd9e63d1184: ; ImmutableOopMap {[8]=Oop [40]=Oop [64]=Oop }
                      ;*invokeinterface addLast {reexecute=0 rethrow=0 return_oop=0}
                      ; - org.springframework.core.annotation.AnnotationTypeMappings::addIfPossible@14 (line 118)
  0x00007fd9e63d1184: 78a1 fbfe 

  0x00007fd9e63d1188: ;   {other}
  0x00007fd9e63d1188: 0f1f 8400 | f859 00a8 | bef6 ffff | ff4c 8954 | 2410 6690 

  0x00007fd9e63d119c: ;   {runtime_call UncommonTrapBlob}
  0x00007fd9e63d119c: c5f8 77e8 

  0x00007fd9e63d11a0: ; ImmutableOopMap {[16]=Oop [40]=Oop [64]=Oop }
                      ;*aastore {reexecute=1 rethrow=0 return_oop=0}
                      ; - (reexecute) java.util.ArrayDeque::addLast@23
                      ; - org.springframework.core.annotation.AnnotationTypeMappings::addIfPossible@14 (line 118)
  0x00007fd9e63d11a0: 5ca1 fbfe 

  0x00007fd9e63d11a4: ;   {other}
  0x00007fd9e63d11a4: 0f1f 8400 | 145a 00a9 | bef6 ffff | ff48 8b6c | 2428 4c8b | 5424 104c | 8954 2408 

  0x00007fd9e63d11c0: ;   {runtime_call UncommonTrapBlob}
  0x00007fd9e63d11c0: c5f8 77e8 

  0x00007fd9e63d11c4: ; ImmutableOopMap {rbp=Oop [8]=Oop [64]=Oop [80]=Oop }
                      ;*arraylength {reexecute=0 rethrow=0 return_oop=0}
                      ; - org.springframework.util.ConcurrentReferenceHashMap$Segment::getIndex@2 (line 683)
                      ; - org.springframework.util.ConcurrentReferenceHashMap$Segment::getReference@34 (line 503)
                      ; - org.springframework.util.ConcurrentReferenceHashMap::getReference@14 (line 266)
                      ; - org.springframework.util.ConcurrentReferenceHashMap::get@5 (line 236)
                      ; - java.util.concurrent.ConcurrentMap::computeIfAbsent@7
                      ; - org.springframework.core.annotation.AttributeMethods::forAnnotationType@17 (line 251)
                      ; - org.springframework.core.annotation.AnnotationTypeMapping::<init>@86 (line 119)
                      ; - org.springframework.core.annotation.AnnotationTypeMappings::addIfPossible@11 (line 118)
  0x00007fd9e63d11c4: 38a1 fbfe 

  0x00007fd9e63d11c8: ;   {other}
  0x00007fd9e63d11c8: 0f1f 8400 | 385a 00aa | bef6 ffff | ff4c 8b54 | 2410 4c89 | 5424 0890 

  0x00007fd9e63d11e0: ;   {runtime_call UncommonTrapBlob}
  0x00007fd9e63d11e0: c5f8 77e8 

  0x00007fd9e63d11e4: ; ImmutableOopMap {[8]=Oop [40]=Oop [64]=Oop [80]=Oop }
                      ;*invokevirtual getName {reexecute=0 rethrow=0 return_oop=0}
                      ; - org.springframework.core.annotation.AnnotationTypeMapping::addConventionAnnotationValues@26 (line 355)
                      ; - org.springframework.core.annotation.AnnotationTypeMapping::<init>@177 (line 128)
                      ; - org.springframework.core.annotation.AnnotationTypeMappings::addIfPossible@11 (line 118)
  0x00007fd9e63d11e4: 18a1 fbfe 

  0x00007fd9e63d11e8: ;   {other}
  0x00007fd9e63d11e8: 0f1f 8400 | 585a 00ab | bef6 ffff | ff48 8b6c | 2428 4c8b | 5c24 104c | 895c 2408 | 4489 5424 
  0x00007fd9e63d1208: 1866 6690 

  0x00007fd9e63d120c: ;   {runtime_call UncommonTrapBlob}
  0x00007fd9e63d120c: c5f8 77e8 

  0x00007fd9e63d1210: ; ImmutableOopMap {rbp=Oop [8]=Oop [64]=Oop [80]=Oop }
                      ;*invokevirtual get {reexecute=0 rethrow=0 return_oop=0}
                      ; - org.springframework.core.annotation.AnnotationTypeMapping::resolveAliasedForTargets@26 (line 146)
                      ; - org.springframework.core.annotation.AnnotationTypeMapping::<init>@162 (line 125)
                      ; - org.springframework.core.annotation.AnnotationTypeMappings::addIfPossible@11 (line 118)
  0x00007fd9e63d1210: eca0 fbfe 

  0x00007fd9e63d1214: ;   {other}
  0x00007fd9e63d1214: 0f1f 8400 | 845a 00ac | bef6 ffff | ff48 8b6c | 2428 4c8b | 5c24 104c | 895c 2408 | 4489 5424 
  0x00007fd9e63d1234: 1866 6690 

  0x00007fd9e63d1238: ;   {runtime_call UncommonTrapBlob}
  0x00007fd9e63d1238: c5f8 77e8 

  0x00007fd9e63d123c: ; ImmutableOopMap {rbp=Oop [8]=Oop [64]=Oop [80]=Oop }
                      ;*aaload {reexecute=0 rethrow=0 return_oop=0}
                      ; - org.springframework.core.annotation.AttributeMethods::get@5 (line 172)
                      ; - org.springframework.core.annotation.AnnotationTypeMapping::resolveAliasedForTargets@26 (line 146)
                      ; - org.springframework.core.annotation.AnnotationTypeMapping::<init>@162 (line 125)
                      ; - org.springframework.core.annotation.AnnotationTypeMappings::addIfPossible@11 (line 118)
  0x00007fd9e63d123c: c0a0 fbfe 

  0x00007fd9e63d1240: ;   {other}
  0x00007fd9e63d1240: 0f1f 8400 | b05a 00ad | bef6 ffff | ff48 8b6c | 2428 4c8b | 5424 104c | 8954 2408 

  0x00007fd9e63d125c: ;   {runtime_call UncommonTrapBlob}
  0x00007fd9e63d125c: c5f8 77e8 

  0x00007fd9e63d1260: ; ImmutableOopMap {rbp=Oop [8]=Oop [64]=Oop [80]=Oop }
                      ;*arraylength {reexecute=0 rethrow=0 return_oop=0}
                      ; - org.springframework.core.annotation.AnnotationsScanner::getDeclaredAnnotation@9 (line 431)
                      ; - org.springframework.core.annotation.AnnotationTypeMapping::resolveAliasedForTargets@33 (line 147)
                      ; - org.springframework.core.annotation.AnnotationTypeMapping::<init>@162 (line 125)
                      ; - org.springframework.core.annotation.AnnotationTypeMappings::addIfPossible@11 (line 118)
  0x00007fd9e63d1260: 9ca0 fbfe 

  0x00007fd9e63d1264: ;   {other}
  0x00007fd9e63d1264: 0f1f 8400 | d45a 00ae | bef6 ffff | ff48 8b6c | 2428 4c8b | 5424 104c | 8954 2408 

  0x00007fd9e63d1280: ;   {runtime_call UncommonTrapBlob}
  0x00007fd9e63d1280: c5f8 77e8 

  0x00007fd9e63d1284: ; ImmutableOopMap {rbp=Oop [8]=Oop [64]=Oop [80]=Oop }
                      ;*invokevirtual size {reexecute=0 rethrow=0 return_oop=0}
                      ; - org.springframework.core.annotation.AnnotationTypeMapping::resolveAliasedForTargets@15 (line 145)
                      ; - org.springframework.core.annotation.AnnotationTypeMapping::<init>@162 (line 125)
                      ; - org.springframework.core.annotation.AnnotationTypeMappings::addIfPossible@11 (line 118)
  0x00007fd9e63d1284: 78a0 fbfe 

  0x00007fd9e63d1288: ;   {other}
  0x00007fd9e63d1288: 0f1f 8400 | f85a 00af | bef6 ffff | ff48 8b6c | 2428 4c8b | 5424 104c | 8954 2408 

  0x00007fd9e63d12a4: ;   {runtime_call UncommonTrapBlob}
  0x00007fd9e63d12a4: c5f8 77e8 

  0x00007fd9e63d12a8: ; ImmutableOopMap {rbp=Oop [8]=Oop [64]=Oop [80]=Oop }
                      ;*arraylength {reexecute=0 rethrow=0 return_oop=0}
                      ; - org.springframework.core.annotation.AttributeMethods::size@4 (line 221)
                      ; - org.springframework.core.annotation.AnnotationTypeMapping::resolveAliasedForTargets@15 (line 145)
                      ; - org.springframework.core.annotation.AnnotationTypeMapping::<init>@162 (line 125)
                      ; - org.springframework.core.annotation.AnnotationTypeMappings::addIfPossible@11 (line 118)
  0x00007fd9e63d12a8: 54a0 fbfe 

  0x00007fd9e63d12ac: ;   {other}
  0x00007fd9e63d12ac: 0f1f 8400 | 1c5b 00b0 | bef6 ffff | ff4c 8b54 | 2410 4c89 | 5424 0844 | 895c 2418 

  0x00007fd9e63d12c8: ;   {runtime_call UncommonTrapBlob}
  0x00007fd9e63d12c8: c5f8 77e8 

  0x00007fd9e63d12cc: ; ImmutableOopMap {[8]=Oop [40]=Oop [64]=Oop [80]=Oop }
                      ;*invokevirtual get {reexecute=0 rethrow=0 return_oop=0}
                      ; - org.springframework.core.annotation.AnnotationTypeMapping::processAliases@33 (line 230)
                      ; - org.springframework.core.annotation.AnnotationTypeMapping::<init>@169 (line 126)
                      ; - org.springframework.core.annotation.AnnotationTypeMappings::addIfPossible@11 (line 118)
  0x00007fd9e63d12cc: 30a0 fbfe 

  0x00007fd9e63d12d0: ;   {other}
  0x00007fd9e63d12d0: 0f1f 8400 | 405b 00b1 | bef6 ffff | ff4c 8b54 | 2410 4c89 | 5424 0844 | 895c 2418 

  0x00007fd9e63d12ec: ;   {runtime_call UncommonTrapBlob}
  0x00007fd9e63d12ec: c5f8 77e8 

  0x00007fd9e63d12f0: ; ImmutableOopMap {[8]=Oop [40]=Oop [64]=Oop [80]=Oop }
                      ;*aaload {reexecute=0 rethrow=0 return_oop=0}
                      ; - org.springframework.core.annotation.AttributeMethods::get@5 (line 172)
                      ; - org.springframework.core.annotation.AnnotationTypeMapping::processAliases@33 (line 230)
                      ; - org.springframework.core.annotation.AnnotationTypeMapping::<init>@169 (line 126)
                      ; - org.springframework.core.annotation.AnnotationTypeMappings::addIfPossible@11 (line 118)
  0x00007fd9e63d12f0: 0ca0 fbfe 

  0x00007fd9e63d12f4: ;   {other}
  0x00007fd9e63d12f4: 0f1f 8400 | 645b 00b2 | bef6 ffff | ff4c 8b54 | 2410 4c89 | 5424 0890 

  0x00007fd9e63d130c: ;   {runtime_call UncommonTrapBlob}
  0x00007fd9e63d130c: c5f8 77e8 

  0x00007fd9e63d1310: ; ImmutableOopMap {[8]=Oop [40]=Oop [64]=Oop [80]=Oop }
                      ;*arraylength {reexecute=0 rethrow=0 return_oop=0}
                      ; - java.util.ArrayList::add@2
                      ; - java.util.ArrayList::add@20
                      ; - org.springframework.core.annotation.AnnotationTypeMapping::processAliases@36 (line 230)
                      ; - org.springframework.core.annotation.AnnotationTypeMapping::<init>@169 (line 126)
                      ; - org.springframework.core.annotation.AnnotationTypeMappings::addIfPossible@11 (line 118)
  0x00007fd9e63d1310: ec9f fbfe 

  0x00007fd9e63d1314: ;   {other}
  0x00007fd9e63d1314: 0f1f 8400 | 845b 00b3 | bef6 ffff | ff4c 8b54 | 2410 4c89 | 5424 0890 

  0x00007fd9e63d132c: ;   {runtime_call UncommonTrapBlob}
  0x00007fd9e63d132c: c5f8 77e8 

  0x00007fd9e63d1330: ; ImmutableOopMap {[8]=Oop [40]=Oop [64]=Oop [80]=Oop }
                      ;*invokevirtual size {reexecute=0 rethrow=0 return_oop=0}
                      ; - org.springframework.core.annotation.AnnotationTypeMapping::processAliases@15 (line 228)
                      ; - org.springframework.core.annotation.AnnotationTypeMapping::<init>@169 (line 126)
                      ; - org.springframework.core.annotation.AnnotationTypeMappings::addIfPossible@11 (line 118)
  0x00007fd9e63d1330: cc9f fbfe 

  0x00007fd9e63d1334: ;   {other}
  0x00007fd9e63d1334: 0f1f 8400 | a45b 00b4 | bef6 ffff | ff4c 8b54 | 2410 4c89 | 5424 0890 

  0x00007fd9e63d134c: ;   {runtime_call UncommonTrapBlob}
  0x00007fd9e63d134c: c5f8 77e8 

  0x00007fd9e63d1350: ; ImmutableOopMap {[8]=Oop [40]=Oop [64]=Oop [80]=Oop }
                      ;*arraylength {reexecute=0 rethrow=0 return_oop=0}
                      ; - org.springframework.core.annotation.AttributeMethods::size@4 (line 221)
                      ; - org.springframework.core.annotation.AnnotationTypeMapping::processAliases@15 (line 228)
                      ; - org.springframework.core.annotation.AnnotationTypeMapping::<init>@169 (line 126)
                      ; - org.springframework.core.annotation.AnnotationTypeMappings::addIfPossible@11 (line 118)
  0x00007fd9e63d1350: ac9f fbfe 

  0x00007fd9e63d1354: ;   {other}
  0x00007fd9e63d1354: 0f1f 8400 | c45b 00b5 | bef6 ffff | ff4c 8b5c | 2410 4c89 | 5c24 084c | 8954 2410 

  0x00007fd9e63d1370: ;   {runtime_call UncommonTrapBlob}
  0x00007fd9e63d1370: c5f8 77e8 

  0x00007fd9e63d1374: ; ImmutableOopMap {[8]=Oop [16]=Oop [40]=Oop [64]=Oop }
                      ;*arraylength {reexecute=0 rethrow=0 return_oop=0}
                      ; - org.springframework.core.annotation.AnnotationTypeMapping::computeSynthesizableFlag@68 (line 396)
                      ; - org.springframework.core.annotation.AnnotationTypeMapping::<init>@184 (line 129)
                      ; - org.springframework.core.annotation.AnnotationTypeMappings::addIfPossible@11 (line 118)
  0x00007fd9e63d1374: 889f fbfe 

  0x00007fd9e63d1378: ;   {other}
  0x00007fd9e63d1378: 0f1f 8400 | e85b 00b6 | bef6 ffff | ff4c 8b5c | 2410 4c89 | 5c24 084c | 8954 2410 

  0x00007fd9e63d1394: ;   {runtime_call UncommonTrapBlob}
  0x00007fd9e63d1394: c5f8 77e8 

  0x00007fd9e63d1398: ; ImmutableOopMap {[8]=Oop [16]=Oop [40]=Oop [64]=Oop }
                      ;*invokevirtual hasNestedAnnotation {reexecute=0 rethrow=0 return_oop=0}
                      ; - org.springframework.core.annotation.AnnotationTypeMapping::computeSynthesizableFlag@103 (line 403)
                      ; - org.springframework.core.annotation.AnnotationTypeMapping::<init>@184 (line 129)
                      ; - org.springframework.core.annotation.AnnotationTypeMappings::addIfPossible@11 (line 118)
  0x00007fd9e63d1398: 649f fbfe 

  0x00007fd9e63d139c: ;   {other}
  0x00007fd9e63d139c: 0f1f 8400 | 0c5c 00b7 | bef4 ffff | ff48 8b6c | 2428 4c8b | 5c24 404c | 891c 244c | 8b5c 2410 
  0x00007fd9e63d13bc: 4c89 5c24 | 084c 8b5c | 2430 4c89 | 5c24 2048 | 894c 2440 | 4489 5424 | 4866 6690 

  0x00007fd9e63d13d8: ;   {runtime_call UncommonTrapBlob}
  0x00007fd9e63d13d8: c5f8 77e8 

  0x00007fd9e63d13dc: ; ImmutableOopMap {rbp=Oop [0]=Oop [8]=Oop [32]=Oop [64]=Oop [80]=Oop }
                      ;*checkcast {reexecute=0 rethrow=0 return_oop=0}
                      ; - org.springframework.util.ConcurrentReferenceHashMap$SoftEntryReference::get@4 (line 1033)
                      ; - org.springframework.util.ConcurrentReferenceHashMap$Segment::findInChain@21 (line 664)
                      ; - org.springframework.util.ConcurrentReferenceHashMap$Segment::getReference@51 (line 505)
                      ; - org.springframework.util.ConcurrentReferenceHashMap::getReference@14 (line 266)
                      ; - org.springframework.util.ConcurrentReferenceHashMap::get@5 (line 236)
                      ; - java.util.concurrent.ConcurrentMap::computeIfAbsent@7
                      ; - org.springframework.core.annotation.AttributeMethods::forAnnotationType@17 (line 251)
                      ; - org.springframework.core.annotation.AnnotationTypeMapping::<init>@86 (line 119)
                      ; - org.springframework.core.annotation.AnnotationTypeMappings::addIfPossible@11 (line 118)
  0x00007fd9e63d13dc: 209f fbfe 

  0x00007fd9e63d13e0: ;   {other}
  0x00007fd9e63d13e0: 0f1f 8400 | 505c 00b8 | bef6 ffff | ff4c 8b54 | 2410 4c89 | 5424 0890 

  0x00007fd9e63d13f8: ;   {runtime_call UncommonTrapBlob}
  0x00007fd9e63d13f8: c5f8 77e8 

  0x00007fd9e63d13fc: ; ImmutableOopMap {[8]=Oop [40]=Oop [64]=Oop [80]=Oop }
                      ;*invokevirtual getName {reexecute=0 rethrow=0 return_oop=0}
                      ; - org.springframework.core.annotation.AttributeMethods::indexOf@17 (line 194)
                      ; - org.springframework.core.annotation.AnnotationTypeMapping::addConventionAnnotationValues@58 (line 358)
                      ; - org.springframework.core.annotation.AnnotationTypeMapping::<init>@177 (line 128)
                      ; - org.springframework.core.annotation.AnnotationTypeMappings::addIfPossible@11 (line 118)
  0x00007fd9e63d13fc: 009f fbfe 

  0x00007fd9e63d1400: ;   {other}
  0x00007fd9e63d1400: 0f1f 8400 | 705c 00b9 | bef4 ffff | ff48 8b6c | 2428 4c8b | 5424 404c | 8914 244c | 8b54 2410 
  0x00007fd9e63d1420: 4c89 5424 | 084c 8b54 | 2430 4c89 | 5424 2090 

  0x00007fd9e63d1430: ;   {runtime_call UncommonTrapBlob}
  0x00007fd9e63d1430: c5f8 77e8 

  0x00007fd9e63d1434: ; ImmutableOopMap {rbp=Oop [0]=Oop [8]=Oop [32]=Oop [80]=Oop }
                      ;*checkcast {reexecute=0 rethrow=0 return_oop=0}
                      ; - org.springframework.util.ConcurrentReferenceHashMap$SoftEntryReference::get@4 (line 1033)
                      ; - org.springframework.util.ConcurrentReferenceHashMap::get@14 (line 237)
                      ; - java.util.concurrent.ConcurrentMap::computeIfAbsent@7
                      ; - org.springframework.core.annotation.AttributeMethods::forAnnotationType@17 (line 251)
                      ; - org.springframework.core.annotation.AnnotationTypeMapping::<init>@86 (line 119)
                      ; - org.springframework.core.annotation.AnnotationTypeMappings::addIfPossible@11 (line 118)
  0x00007fd9e63d1434: c89e fbfe 

  0x00007fd9e63d1438: ;   {other}
  0x00007fd9e63d1438: 0f1f 8400 | a85c 00ba | bef6 ffff | ff4c 8b54 | 2410 4c89 | 5424 08c5 | fa11 4424 | 1866 6690 
  0x00007fd9e63d1458: ;   {runtime_call UncommonTrapBlob}
  0x00007fd9e63d1458: c5f8 77e8 

  0x00007fd9e63d145c: ; ImmutableOopMap {[8]=Oop [24]=NarrowOop [40]=Oop [64]=Oop [80]=Oop }
                      ;*invokevirtual indexOf {reexecute=0 rethrow=0 return_oop=0}
                      ; - org.springframework.core.annotation.AnnotationTypeMapping::addConventionAnnotationValues@58 (line 358)
                      ; - org.springframework.core.annotation.AnnotationTypeMapping::<init>@177 (line 128)
                      ; - org.springframework.core.annotation.AnnotationTypeMappings::addIfPossible@11 (line 118)
  0x00007fd9e63d145c: a09e fbfe 

  0x00007fd9e63d1460: ;   {other}
  0x00007fd9e63d1460: 0f1f 8400 | d05c 00bb | bef6 ffff | ff4c 8b54 | 2410 4c89 | 5424 0890 

  0x00007fd9e63d1478: ;   {runtime_call UncommonTrapBlob}
  0x00007fd9e63d1478: c5f8 77e8 

  0x00007fd9e63d147c: ; ImmutableOopMap {[8]=Oop [40]=Oop [64]=Oop [80]=Oop }
                      ;*arraylength {reexecute=0 rethrow=0 return_oop=0}
                      ; - org.springframework.core.annotation.AttributeMethods::indexOf@7 (line 193)
                      ; - org.springframework.core.annotation.AnnotationTypeMapping::addConventionAnnotationValues@58 (line 358)
                      ; - org.springframework.core.annotation.AnnotationTypeMapping::<init>@177 (line 128)
                      ; - org.springframework.core.annotation.AnnotationTypeMappings::addIfPossible@11 (line 118)
  0x00007fd9e63d147c: 809e fbfe 

  0x00007fd9e63d1480: ;   {other}
  0x00007fd9e63d1480: 0f1f 8400 | f05c 00bc | be45 ffff | ff48 8b6c | 2428 4c8b | 5424 404c | 8914 244c | 8b54 2410 
  0x00007fd9e63d14a0: 4c89 5424 | 084c 895c | 2418 4c8b | 5424 304c | 8954 2420 | 4c89 5c24 | 2866 6690 

  0x00007fd9e63d14bc: ;   {runtime_call UncommonTrapBlob}
  0x00007fd9e63d14bc: c5f8 77e8 

  0x00007fd9e63d14c0: ; ImmutableOopMap {rbp=Oop [0]=Oop [8]=Oop [24]=Oop [32]=Oop [40]=Oop }
                      ;*ifnonnull {reexecute=1 rethrow=0 return_oop=0}
                      ; - (reexecute) org.springframework.core.annotation.AttributeMethods::forAnnotationType@1 (line 248)
                      ; - org.springframework.core.annotation.AnnotationTypeMapping::<init>@86 (line 119)
                      ; - org.springframework.core.annotation.AnnotationTypeMappings::addIfPossible@11 (line 118)
  0x00007fd9e63d14c0: 3c9e fbfe 

  0x00007fd9e63d14c4: ;   {other}
  0x00007fd9e63d14c4: 0f1f 8400 | 345d 00bd | bef6 ffff | ff4c 8b54 | 2410 4c89 | 5424 0890 

  0x00007fd9e63d14dc: ;   {runtime_call UncommonTrapBlob}
  0x00007fd9e63d14dc: c5f8 77e8 

  0x00007fd9e63d14e0: ; ImmutableOopMap {[8]=Oop [40]=Oop [64]=Oop [80]=Oop }
                      ;*invokevirtual getName {reexecute=0 rethrow=0 return_oop=0}
                      ; - org.springframework.core.annotation.AttributeMethods::indexOf@17 (line 194)
                      ; - org.springframework.core.annotation.AnnotationTypeMapping::addConventionMappings@56 (line 298)
                      ; - org.springframework.core.annotation.AnnotationTypeMapping::<init>@173 (line 127)
                      ; - org.springframework.core.annotation.AnnotationTypeMappings::addIfPossible@11 (line 118)
  0x00007fd9e63d14e0: 1c9e fbfe 

  0x00007fd9e63d14e4: ;   {other}
  0x00007fd9e63d14e4: 0f1f 8400 | 545d 00be | bef6 ffff | ff4c 8b54 | 2410 4c89 | 5424 08c5 | fa11 4c24 | 1866 6690 
  0x00007fd9e63d1504: ;   {runtime_call UncommonTrapBlob}
  0x00007fd9e63d1504: c5f8 77e8 

  0x00007fd9e63d1508: ; ImmutableOopMap {[8]=Oop [40]=Oop [64]=Oop [80]=Oop }
                      ;*iaload {reexecute=0 rethrow=0 return_oop=0}
                      ; - org.springframework.core.annotation.AnnotationTypeMapping::isBetterConventionAnnotationValue@5 (line 371)
                      ; - org.springframework.core.annotation.AnnotationTypeMapping::addConventionAnnotationValues@74 (line 359)
                      ; - org.springframework.core.annotation.AnnotationTypeMapping::<init>@177 (line 128)
                      ; - org.springframework.core.annotation.AnnotationTypeMappings::addIfPossible@11 (line 118)
  0x00007fd9e63d1508: f49d fbfe 

  0x00007fd9e63d150c: ;   {other}
  0x00007fd9e63d150c: 0f1f 8400 | 7c5d 00bf | bef6 ffff | ff4c 8b54 | 2410 4c89 | 5424 084c | 896c 2418 | 897c 2420 
  0x00007fd9e63d152c: ;   {runtime_call UncommonTrapBlob}
  0x00007fd9e63d152c: c5f8 77e8 

  0x00007fd9e63d1530: ; ImmutableOopMap {[8]=Oop [24]=Oop [40]=Oop [64]=Oop [80]=Oop }
                      ;*aastore {reexecute=1 rethrow=0 return_oop=0}
                      ; - (reexecute) org.springframework.core.annotation.AnnotationTypeMapping::addConventionAnnotationValues@95 (line 361)
                      ; - org.springframework.core.annotation.AnnotationTypeMapping::<init>@177 (line 128)
                      ; - org.springframework.core.annotation.AnnotationTypeMappings::addIfPossible@11 (line 118)
  0x00007fd9e63d1530: cc9d fbfe 

  0x00007fd9e63d1534: ;   {other}
  0x00007fd9e63d1534: 0f1f 8400 | a45d 00c0 | bef6 ffff | ff4c 8b54 | 2410 4c89 | 5424 0890 

  0x00007fd9e63d154c: ;   {runtime_call UncommonTrapBlob}
  0x00007fd9e63d154c: c5f8 77e8 

  0x00007fd9e63d1550: ; ImmutableOopMap {[8]=Oop [40]=Oop [64]=Oop [80]=Oop }
                      ;*invokevirtual getAttributes {reexecute=0 rethrow=0 return_oop=0}
                      ; - org.springframework.core.annotation.AnnotationTypeMapping::addConventionMappings@12 (line 293)
                      ; - org.springframework.core.annotation.AnnotationTypeMapping::<init>@173 (line 127)
                      ; - org.springframework.core.annotation.AnnotationTypeMappings::addIfPossible@11 (line 118)
  0x00007fd9e63d1550: ac9d fbfe 

  0x00007fd9e63d1554: ;   {other}
  0x00007fd9e63d1554: 0f1f 8400 | c45d 00c1 | bef6 ffff | ff4c 8b54 | 2410 4c89 | 5424 0890 

  0x00007fd9e63d156c: ;   {runtime_call UncommonTrapBlob}
  0x00007fd9e63d156c: c5f8 77e8 

  0x00007fd9e63d1570: ; ImmutableOopMap {[8]=Oop [40]=Oop [64]=Oop [80]=Oop }
                      ;*arraylength {reexecute=0 rethrow=0 return_oop=0}
                      ; - org.springframework.core.annotation.AnnotationTypeMapping::addConventionMappings@35 (line 296)
                      ; - org.springframework.core.annotation.AnnotationTypeMapping::<init>@173 (line 127)
                      ; - org.springframework.core.annotation.AnnotationTypeMappings::addIfPossible@11 (line 118)
  0x00007fd9e63d1570: 8c9d fbfe 

  0x00007fd9e63d1574: ;   {other}
  0x00007fd9e63d1574: 0f1f 8400 | e45d 00c2 | bef6 ffff | ff4c 8b54 | 2410 4c89 | 5424 0890 

  0x00007fd9e63d158c: ;   {runtime_call UncommonTrapBlob}
  0x00007fd9e63d158c: c5f8 77e8 

  0x00007fd9e63d1590: ; ImmutableOopMap {[8]=Oop [40]=Oop [64]=Oop [80]=Oop }
                      ;*invokevirtual getName {reexecute=0 rethrow=0 return_oop=0}
                      ; - org.springframework.core.annotation.AnnotationTypeMapping::addConventionMappings@161 (line 310)
                      ; - org.springframework.core.annotation.AnnotationTypeMapping::<init>@173 (line 127)
                      ; - org.springframework.core.annotation.AnnotationTypeMappings::addIfPossible@11 (line 118)
  0x00007fd9e63d1590: 6c9d fbfe 

  0x00007fd9e63d1594: ;   {other}
  0x00007fd9e63d1594: 0f1f 8400 | 045e 00c3 | bef6 ffff | ff4c 8b54 | 2410 4c89 | 5424 0890 

  0x00007fd9e63d15ac: ;   {runtime_call UncommonTrapBlob}
  0x00007fd9e63d15ac: c5f8 77e8 

  0x00007fd9e63d15b0: ; ImmutableOopMap {[8]=Oop [40]=Oop [64]=Oop [80]=Oop }
                      ;*invokevirtual getName {reexecute=0 rethrow=0 return_oop=0}
                      ; - org.springframework.core.annotation.AnnotationTypeMapping::addConventionMappings@172 (line 311)
                      ; - org.springframework.core.annotation.AnnotationTypeMapping::<init>@173 (line 127)
                      ; - org.springframework.core.annotation.AnnotationTypeMappings::addIfPossible@11 (line 118)
  0x00007fd9e63d15b0: 4c9d fbfe 

  0x00007fd9e63d15b4: ;   {other}
  0x00007fd9e63d15b4: 0f1f 8400 | 245e 00c4 | be5c ffff | ff48 8b6c | 2428 4c8b | 5c24 104c | 895c 2408 | 4c8b 5c24 
  0x00007fd9e63d15d4: 304c 895c | 2420 4c89 | 5424 3890 

  0x00007fd9e63d15e0: ;   {runtime_call UncommonTrapBlob}
  0x00007fd9e63d15e0: c5f8 77e8 

  0x00007fd9e63d15e4: ; ImmutableOopMap {rbp=Oop [8]=Oop [32]=Oop [56]=Oop [64]=Oop [80]=Oop [88]=Oop }
                      ;*ifnull {reexecute=1 rethrow=0 return_oop=0}
                      ; - (reexecute) java.lang.StringConcatHelper::stringOf@1
                      ; - java.lang.invoke.DirectMethodHandle$Holder::invokeStatic@10
                      ; - java.lang.invoke.LambdaForm$MH/0x00007fd99d0c4400::invoke@17
                      ; - java.lang.invoke.Invokers$Holder::linkToTargetMethod@6
                      ; - org.springframework.core.annotation.AnnotationTypeMapping::addConventionMappings@175 (line 311)
                      ; - org.springframework.core.annotation.AnnotationTypeMapping::<init>@173 (line 127)
                      ; - org.springframework.core.annotation.AnnotationTypeMappings::addIfPossible@11 (line 118)
  0x00007fd9e63d15e4: 189d fbfe 

  0x00007fd9e63d15e8: ;   {other}
  0x00007fd9e63d15e8: 0f1f 8400 | 585e 00c5 | bef6 ffff | ff4c 8b54 | 2410 4c89 | 5424 0890 

  0x00007fd9e63d1600: ;   {runtime_call UncommonTrapBlob}
  0x00007fd9e63d1600: c5f8 77e8 

  0x00007fd9e63d1604: ; ImmutableOopMap {[8]=Oop [40]=Oop [64]=Oop [80]=Oop }
                      ;*invokevirtual getName {reexecute=0 rethrow=0 return_oop=0}
                      ; - org.springframework.core.annotation.AnnotationTypeMapping::addConventionMappings@48 (line 297)
                      ; - org.springframework.core.annotation.AnnotationTypeMapping::<init>@173 (line 127)
                      ; - org.springframework.core.annotation.AnnotationTypeMappings::addIfPossible@11 (line 118)
  0x00007fd9e63d1604: f89c fbfe 

  0x00007fd9e63d1608: ;   {other}
  0x00007fd9e63d1608: 0f1f 8400 | 785e 00c6 | be5c ffff | ff48 8b6c | 2428 4c8b | 5424 104c | 8954 2408 | 4c8b 5424 
  0x00007fd9e63d1628: 304c 8954 | 2420 6690 

  0x00007fd9e63d1630: ;   {runtime_call UncommonTrapBlob}
  0x00007fd9e63d1630: c5f8 77e8 

  0x00007fd9e63d1634: ; ImmutableOopMap {rbp=Oop [8]=Oop [32]=Oop [64]=Oop [80]=Oop [88]=Oop }
                      ;*ifnull {reexecute=1 rethrow=0 return_oop=0}
                      ; - (reexecute) java.lang.StringConcatHelper::stringOf@1
                      ; - java.lang.invoke.DirectMethodHandle$Holder::invokeStatic@10
                      ; - java.lang.invoke.LambdaForm$MH/0x00007fd99d0c4400::invoke@24
                      ; - java.lang.invoke.Invokers$Holder::linkToTargetMethod@6
                      ; - org.springframework.core.annotation.AnnotationTypeMapping::addConventionMappings@175 (line 311)
                      ; - org.springframework.core.annotation.AnnotationTypeMapping::<init>@173 (line 127)
                      ; - org.springframework.core.annotation.AnnotationTypeMappings::addIfPossible@11 (line 118)
  0x00007fd9e63d1634: c89c fbfe 

  0x00007fd9e63d1638: ;   {other}
  0x00007fd9e63d1638: 0f1f 8400 | a85e 00c7 | bef6 ffff | ff4c 8b54 | 2410 4c89 | 5424 0890 

  0x00007fd9e63d1650: ;   {runtime_call UncommonTrapBlob}
  0x00007fd9e63d1650: c5f8 77e8 

  0x00007fd9e63d1654: ; ImmutableOopMap {[8]=Oop [40]=Oop [64]=Oop [80]=Oop }
                      ;*arraylength {reexecute=0 rethrow=0 return_oop=0}
                      ; - java.lang.String::length@4
                      ; - java.lang.StringConcatHelper::mix@2
                      ; - java.lang.invoke.DirectMethodHandle$Holder::invokeStatic@13
                      ; - java.lang.invoke.DelegatingMethodHandle$Holder::reinvoke_L@16
                      ; - java.lang.invoke.LambdaForm$MH/0x00007fd99d0c3c00::invoke@23
                      ; - java.lang.invoke.LambdaForm$MH/0x00007fd99d0c4400::invoke@44
                      ; - java.lang.invoke.Invokers$Holder::linkToTargetMethod@6
                      ; - org.springframework.core.annotation.AnnotationTypeMapping::addConventionMappings@175 (line 311)
                      ; - org.springframework.core.annotation.AnnotationTypeMapping::<init>@173 (line 127)
                      ; - org.springframework.core.annotation.AnnotationTypeMappings::addIfPossible@11 (line 118)
  0x00007fd9e63d1654: a89c fbfe 

  0x00007fd9e63d1658: ;   {other}
  0x00007fd9e63d1658: 0f1f 8400 | c85e 00c8 | bef6 ffff | ff4c 8b54 | 2410 4c89 | 5424 0890 

  0x00007fd9e63d1670: ;   {runtime_call UncommonTrapBlob}
  0x00007fd9e63d1670: c5f8 77e8 

  0x00007fd9e63d1674: ; ImmutableOopMap {[8]=Oop [40]=Oop [64]=Oop [80]=Oop }
                      ;*arraylength {reexecute=0 rethrow=0 return_oop=0}
                      ; - java.lang.String::length@4
                      ; - java.lang.StringConcatHelper::mix@2
                      ; - java.lang.invoke.DirectMethodHandle$Holder::invokeStatic@13
                      ; - java.lang.invoke.LambdaForm$MH/0x00007fd99d0c3c00::invoke@42
                      ; - java.lang.invoke.LambdaForm$MH/0x00007fd99d0c4400::invoke@44
                      ; - java.lang.invoke.Invokers$Holder::linkToTargetMethod@6
                      ; - org.springframework.core.annotation.AnnotationTypeMapping::addConventionMappings@175 (line 311)
                      ; - org.springframework.core.annotation.AnnotationTypeMapping::<init>@173 (line 127)
                      ; - org.springframework.core.annotation.AnnotationTypeMappings::addIfPossible@11 (line 118)
  0x00007fd9e63d1674: 889c fbfe 

  0x00007fd9e63d1678: ;   {other}
  0x00007fd9e63d1678: 0f1f 8400 | e85e 00c9 | bef6 ffff | ff4c 8b54 | 2410 4c89 | 5424 0890 

  0x00007fd9e63d1690: ;   {runtime_call UncommonTrapBlob}
  0x00007fd9e63d1690: c5f8 77e8 

  0x00007fd9e63d1694: ; ImmutableOopMap {[8]=Oop [40]=Oop [64]=Oop [80]=Oop }
                      ;*arraylength {reexecute=0 rethrow=0 return_oop=0}
                      ; - java.lang.String::length@4
                      ; - java.lang.StringConcatHelper::prepend@2
                      ; - java.lang.StringConcatHelper::prepend@3
                      ; - java.lang.invoke.DirectMethodHandle$Holder::invokeStatic@17
                      ; - java.lang.invoke.LambdaForm$MH/0x00007fd99d0a5000::invoke@28
                      ; - java.lang.invoke.LambdaForm$MH/0x00007fd99d0c2800::invoke@41
                      ; - java.lang.invoke.LambdaForm$MH/0x00007fd99d0c4400::invoke@86
                      ; - java.lang.invoke.Invokers$Holder::linkToTargetMethod@6
                      ; - org.springframework.core.annotation.AnnotationTypeMapping::addConventionMappings@175 (line 311)
                      ; - org.springframework.core.annotation.AnnotationTypeMapping::<init>@173 (line 127)
                      ; - org.springframework.core.annotation.AnnotationTypeMappings::addIfPossible@11 (line 118)
  0x00007fd9e63d1694: 689c fbfe 

  0x00007fd9e63d1698: ;   {other}
  0x00007fd9e63d1698: 0f1f 8400 | 085f 00ca | bef6 ffff | ff48 8b6c | 2428 4c8b | 5c24 404c | 891c 244c | 8b5c 2410 
  0x00007fd9e63d16b8: 4c89 5c24 | 084c 8b5c | 2450 4c89 | 5c24 184c | 8b5c 2430 | 4c89 5c24 | 204c 8b5c | 2450 4c89 
  0x00007fd9e63d16d8: 5c24 284c | 8b5c 2448 | 4c89 5c24 | 3844 8b5c | 2458 4489 | 5c24 4044 | 8b44 245c | 4489 4424 
  0x00007fd9e63d16f8: 4448 8944 | 2448 4489 | 5424 5048 | 894c 2460 

  0x00007fd9e63d1708: ;   {runtime_call UncommonTrapBlob}
  0x00007fd9e63d1708: c5f8 77e8 

  0x00007fd9e63d170c: ; ImmutableOopMap {rbp=Oop [0]=Oop [8]=Oop [24]=Oop [32]=Oop [40]=Oop [56]=Oop [68]=NarrowOop [72]=Oop [96]=Oop }
                      ;*invokeinterface invoke {reexecute=0 rethrow=0 return_oop=0}
                      ; - jdk.proxy2.$Proxy46::annotationType@9
                      ; - org.springframework.core.annotation.AnnotationsScanner::getDeclaredAnnotation@36 (line 432)
                      ; - org.springframework.core.annotation.AnnotationTypeMapping::resolveAliasedForTargets@33 (line 147)
                      ; - org.springframework.core.annotation.AnnotationTypeMapping::<init>@162 (line 125)
                      ; - org.springframework.core.annotation.AnnotationTypeMappings::addIfPossible@11 (line 118)
  0x00007fd9e63d170c: f09b fbfe 

  0x00007fd9e63d1710: ;   {other}
  0x00007fd9e63d1710: 0f1f 8400 | 805f 00cb | bef4 ffff | ff48 8b6c | 2428 4c8b | 5424 404c | 8914 244c | 8b54 2410 
  0x00007fd9e63d1730: 4c89 5424 | 084c 8b54 | 2430 4c89 | 5424 2090 

  0x00007fd9e63d1740: ;   {runtime_call UncommonTrapBlob}
  0x00007fd9e63d1740: c5f8 77e8 

  0x00007fd9e63d1744: ; ImmutableOopMap {rbp=Oop [0]=Oop [8]=Oop [32]=Oop [72]=Oop [80]=Oop [92]=NarrowOop }
                      ;*checkcast {reexecute=0 rethrow=0 return_oop=0}
                      ; - org.springframework.core.annotation.AnnotationTypeMapping::resolveAliasedForTargets@68 (line 150)
                      ; - org.springframework.core.annotation.AnnotationTypeMapping::<init>@162 (line 125)
                      ; - org.springframework.core.annotation.AnnotationTypeMappings::addIfPossible@11 (line 118)
  0x00007fd9e63d1744: b89b fbfe 

  0x00007fd9e63d1748: ;   {other}
  0x00007fd9e63d1748: 0f1f 8400 | b85f 00cc | bef6 ffff | ff48 8b6c | 2428 4c8b | 5424 104c | 8954 2408 

  0x00007fd9e63d1764: ;   {runtime_call UncommonTrapBlob}
  0x00007fd9e63d1764: c5f8 77e8 

  0x00007fd9e63d1768: ; ImmutableOopMap {rbp=Oop [8]=Oop [24]=Oop [80]=Oop }
                      ;*arraylength {reexecute=0 rethrow=0 return_oop=0}
                      ; - java.util.ArrayList::addAll@18
                      ; - org.springframework.core.annotation.AnnotationTypeMapping::merge@27 (line 138)
                      ; - org.springframework.core.annotation.AnnotationTypeMapping::<init>@73 (line 115)
                      ; - org.springframework.core.annotation.AnnotationTypeMappings::addIfPossible@11 (line 118)
  0x00007fd9e63d1768: 949b fbfe 

  0x00007fd9e63d176c: ;   {other}
  0x00007fd9e63d176c: 0f1f 8400 | dc5f 00cd | be45 ffff | ff4c 8b5c | 2428 4c89 | 1c24 4c8b | 5c24 404c | 895c 2408 
  0x00007fd9e63d178c: 4c8b 5c24 | 504c 895c | 2420 4c8b | 5c24 304c | 895c 2428 | 4c8b 5c24 | 504c 895c | 2430 4c8b 
  0x00007fd9e63d17ac: 5c24 484c | 895c 2440 | 448b 4424 | 5844 8944 | 2448 4889 | 4424 5044 | 8954 2458 

  0x00007fd9e63d17c8: ;   {runtime_call UncommonTrapBlob}
  0x00007fd9e63d17c8: c5f8 77e8 

  0x00007fd9e63d17cc: ; ImmutableOopMap {rbp=NarrowOop [0]=Oop [8]=Oop [16]=Oop [32]=Oop [40]=Oop [48]=Oop [64]=Oop [80]=Oop [92]=NarrowOop }
                      ;*ifnull {reexecute=1 rethrow=0 return_oop=0}
                      ; - (reexecute) org.springframework.core.annotation.AnnotationsScanner::getDeclaredAnnotation@30 (line 432)
                      ; - org.springframework.core.annotation.AnnotationTypeMapping::resolveAliasedForTargets@33 (line 147)
                      ; - org.springframework.core.annotation.AnnotationTypeMapping::<init>@162 (line 125)
                      ; - org.springframework.core.annotation.AnnotationTypeMappings::addIfPossible@11 (line 118)
  0x00007fd9e63d17cc: 309b fbfe 

  0x00007fd9e63d17d0: ;   {other}
  0x00007fd9e63d17d0: 0f1f 8400 | 4060 00ce | bef6 ffff | ff48 8b6c | 2428 4c8b | 5424 104c | 8954 2408 

  0x00007fd9e63d17ec: ;   {runtime_call UncommonTrapBlob}
  0x00007fd9e63d17ec: c5f8 77e8 

  0x00007fd9e63d17f0: ; ImmutableOopMap {rbp=Oop [8]=Oop [24]=Oop [80]=Oop }
                      ;*arraylength {reexecute=0 rethrow=0 return_oop=0}
                      ; - java.util.ArrayList::addAll@34
                      ; - org.springframework.core.annotation.AnnotationTypeMapping::merge@27 (line 138)
                      ; - org.springframework.core.annotation.AnnotationTypeMapping::<init>@73 (line 115)
                      ; - org.springframework.core.annotation.AnnotationTypeMappings::addIfPossible@11 (line 118)
  0x00007fd9e63d17f0: 0c9b fbfe 

  0x00007fd9e63d17f4: ;   {other}
  0x00007fd9e63d17f4: 0f1f 8400 | 6460 00cf | e93d 0200 | 00e9 0c02 | 0000 e9f4 | 0100 00e9 | ef01 0000 | e9ea 0100 
  0x00007fd9e63d1814: 00e9 e501 | 0000 e9e0 | 0100 00e9 | 4002 0000 | e9e9 0100 | 00e9 e401 | 0000 488b | f0e9 dd02 
  0x00007fd9e63d1834: 0000 448b | 5808 49b8 | 0000 009c | d97f 0000 | 4d03 c3e9 | 2902 0000 | 448b 5808 | 49b8 0000 
  0x00007fd9e63d1854: 009c d97f | 0000 4d03 | c3e9 1302 | 0000 448b | 5808 49b8 | 0000 009c | d97f 0000 | 4d03 c3e9 
  0x00007fd9e63d1874: fd01 0000 | 448b 5808 | 49b8 0000 | 009c d97f | 0000 4d03 | c3e9 e701 | 0000 488b | f0e9 7d02 
  0x00007fd9e63d1894: 0000 488b | f0e9 7502 | 0000 448b | 5008 49bb | 0000 009c | d97f 0000 | 4d03 da4d 

  0x00007fd9e63d18b0: ;   {metadata('java/lang/Exception')}
  0x00007fd9e63d18b0: 8b53 4049 | bb20 c000 | 9cd9 7f00 | 004d 3bd3 | 0f85 5d02 | 0000 4889 | 4424 08e9 | c101 0000 
  0x00007fd9e63d18d0: e92a 0100 | 00e9 8a01 | 0000 e972 | 0100 00e9 | 6d01 0000 | 448b 5008 | 49b8 0000 | 009c d97f 
  0x00007fd9e63d18f0: 0000 4d03 | c2e9 7b01 | 0000 448b | 5808 49b8 | 0000 009c | d97f 0000 | 4d03 c3e9 | 6501 0000 
  0x00007fd9e63d1910: 448b 5808 | 49b8 0000 | 009c d97f | 0000 4d03 | c3e9 4f01 | 0000 448b | 5008 49b8 | 0000 009c 
  0x00007fd9e63d1930: d97f 0000 | 4d03 c2e9 | 3901 0000 | 4889 4424 | 504c 8b54 | 2408 458b | 5218 4585 | d20f 84ed 
  0x00007fd9e63d1950: 0100 0049 | 8bf2 4c8b | 5424 104c | 8914 244c | 8b54 2438 | 4c89 5424 | 084c 8b54 | 2430 4c89 
  0x00007fd9e63d1970: 5424 184c | 8b54 2440 | 4c89 5424 | 3866 6690 

  0x00007fd9e63d1980: ;   {optimized virtual_call}
  0x00007fd9e63d1980: c5f8 77e8 

  0x00007fd9e63d1984: ; ImmutableOopMap {rbp=Oop [0]=Oop [8]=Oop [24]=Oop [40]=Oop [56]=Oop [64]=Oop [80]=Oop }
                      ;*invokevirtual unlock {reexecute=0 rethrow=0 return_oop=0}
                      ; - java.lang.ref.ReferenceQueue::poll@35
                      ; - org.springframework.util.ConcurrentReferenceHashMap$ReferenceManager::pollForPurge@4 (line 1025)
                      ; - org.springframework.util.ConcurrentReferenceHashMap$Segment::restructureIfNecessary@34 (line 575)
                      ; - org.springframework.util.ConcurrentReferenceHashMap$Segment::getReference@9 (line 496)
                      ; - org.springframework.util.ConcurrentReferenceHashMap::getReference@14 (line 266)
                      ; - org.springframework.util.ConcurrentReferenceHashMap::get@5 (line 236)
                      ; - java.util.concurrent.ConcurrentMap::computeIfAbsent@7
                      ; - org.springframework.core.annotation.AttributeMethods::forAnnotationType@17 (line 251)
                      ; - org.springframework.core.annotation.AnnotationTypeMapping::<init>@86 (line 119)
                      ; - org.springframework.core.annotation.AnnotationTypeMappings::addIfPossible@11 (line 118)
  0x00007fd9e63d1984: f846 fbfe 

  0x00007fd9e63d1988: ;   {other}
  0x00007fd9e63d1988: 0f1f 8400 | f861 00d0 | 488b 4424 | 50e9 a400 | 0000 e99f | 0000 00e9 | 9a00 0000 | 488b f0e9 
  0x00007fd9e63d19a8: 6701 0000 | eb64 eb62 | eb60 e9ad | 0000 0044 | 8b50 0849 | bb00 0000 | 9cd9 7f00 | 004d 03da 
  0x00007fd9e63d19c8: 4d8b 5340 

  0x00007fd9e63d19cc: ;   {metadata('java/lang/Exception')}
  0x00007fd9e63d19cc: 49bb 20c0 | 009c d97f | 0000 4d3b | d375 c948 | 8944 2408 | e9ac 0000 | 00eb 2beb | 29eb 53eb 
  0x00007fd9e63d19ec: 12eb 10eb | 73eb 71eb | 6feb 5aeb | 58eb 56eb | 67eb 0044 | 8b58 0849 | b800 0000 | 9cd9 7f00 
  0x00007fd9e63d1a0c: 004d 03c3 | eb63 448b | 5008 49b8 | 0000 009c | d97f 0000 | 4d03 c2eb | 50eb 3d44 | 8b58 0849 
  0x00007fd9e63d1a2c: b800 0000 | 9cd9 7f00 | 004d 03c3 | eb3b eb02 | eb00 448b | 5808 49b8 | 0000 009c | d97f 0000 
  0x00007fd9e63d1a4c: 4d03 c3eb | 2444 8b50 | 0849 b800 | 0000 9cd9 | 7f00 004d | 03c2 eb11 | 448b 5808 | 49b8 0000 
  0x00007fd9e63d1a6c: 009c d97f | 0000 4d03 | c34d 8b50 

  0x00007fd9e63d1a78: ;   {metadata('java/lang/Exception')}
  0x00007fd9e63d1a78: 4049 bb20 | c000 9cd9 | 7f00 004d | 3bd3 0f85 | 8400 0000 | 4889 4424 | 0848 8b74 | 2408 6690 
  0x00007fd9e63d1a98: ;   {static_call}
  0x00007fd9e63d1a98: c5f8 77e8 

  0x00007fd9e63d1a9c: ; ImmutableOopMap {[8]=Oop [40]=Oop [64]=Oop }
                      ;*invokestatic rethrowAnnotationConfigurationException {reexecute=0 rethrow=0 return_oop=0}
                      ; - org.springframework.core.annotation.AnnotationTypeMappings::addIfPossible@26 (line 121)
  0x00007fd9e63d1a9c: e04b fbfe 

  0x00007fd9e63d1aa0: ;   {other}
  0x00007fd9e63d1aa0: 0f1f 8400 | 1063 00d1 

  0x00007fd9e63d1aa8: ;   {oop(a 'org/springframework/core/annotation/IntrospectionFailureLogger$1'{0x00000000ce883bc8})}
  0x00007fd9e63d1aa8: 48be c83b | 88ce 0000 | 0000 6690 

  0x00007fd9e63d1ab4: ;   {optimized virtual_call}
  0x00007fd9e63d1ab4: c5f8 77e8 

  0x00007fd9e63d1ab8: ; ImmutableOopMap {[8]=Oop [40]=Oop [64]=Oop }
                      ;*invokevirtual isEnabled {reexecute=0 rethrow=0 return_oop=0}
                      ; - org.springframework.core.annotation.AnnotationTypeMappings::addIfPossible@32 (line 122)
  0x00007fd9e63d1ab8: c445 fbfe 

  0x00007fd9e63d1abc: ;   {other}
  0x00007fd9e63d1abc: 0f1f 8400 | 2c63 00d2 | 85c0 0f84 | 75c6 ffff | 4c8b 5424 | 404d 85d2 | 7452 488b | 7424 4090 
  0x00007fd9e63d1adc: ;   {optimized virtual_call}
  0x00007fd9e63d1adc: c5f8 77e8 

  0x00007fd9e63d1ae0: ; ImmutableOopMap {[8]=Oop [40]=Oop }
                      ;*invokevirtual getName {reexecute=0 rethrow=0 return_oop=1}
                      ; - org.springframework.core.annotation.AnnotationTypeMappings::addIfPossible@42 (line 123)
  0x00007fd9e63d1ae0: 9c45 fbfe 

  0x00007fd9e63d1ae4: ;   {other}
  0x00007fd9e63d1ae4: 0f1f 8400 | 5463 00d3 | bead ffff | ff4c 8b5c | 2408 4c89 | 1c24 4889 | 4424 0890 

  0x00007fd9e63d1b00: ;   {runtime_call UncommonTrapBlob}
  0x00007fd9e63d1b00: c5f8 77e8 

  0x00007fd9e63d1b04: ; ImmutableOopMap {[0]=Oop [8]=Oop [40]=Oop }
                      ;*invokedynamic {reexecute=0 rethrow=0 return_oop=0}
                      ; - org.springframework.core.annotation.AnnotationTypeMappings::addIfPossible@45 (line 123)
  0x00007fd9e63d1b04: f897 fbfe 

  0x00007fd9e63d1b08: ;   {other}
  0x00007fd9e63d1b08: 0f1f 8400 | 7863 00d4 | 488b f0c5 | f877 4881 | c4a0 0000 

  0x00007fd9e63d1b1c: ;   {runtime_call _rethrow_Java}
  0x00007fd9e63d1b1c: 005d e9dd | 1b07 ff48 | 8bf0 ebeb | bef6 ffff | ff66 6690 

  0x00007fd9e63d1b30: ;   {runtime_call UncommonTrapBlob}
  0x00007fd9e63d1b30: c5f8 77e8 

  0x00007fd9e63d1b34: ; ImmutableOopMap {[8]=Oop [40]=Oop }
                      ;*invokevirtual getName {reexecute=0 rethrow=0 return_oop=0}
                      ; - org.springframework.core.annotation.AnnotationTypeMappings::addIfPossible@42 (line 123)
  0x00007fd9e63d1b34: c897 fbfe 

  0x00007fd9e63d1b38: ;   {other}
  0x00007fd9e63d1b38: 0f1f 8400 | a863 00d5 | bef6 ffff | ff48 8b6c | 2428 4c8b | 5424 204c | 8914 244c | 8b54 2410 
  0x00007fd9e63d1b58: 4c89 5424 | 084c 8b54 | 2438 4c89 | 5424 104c | 8b54 2430 | 4c89 5424 | 2044 8b54 | 244c 448b 
  0x00007fd9e63d1b78: 5c24 4844 | 895c 2444 | 4489 5424 | 4866 6690 

  0x00007fd9e63d1b88: ;   {runtime_call UncommonTrapBlob}
  0x00007fd9e63d1b88: c5f8 77e8 

  0x00007fd9e63d1b8c: ; ImmutableOopMap {rbp=Oop [0]=Oop [8]=Oop [16]=Oop [32]=Oop [72]=NarrowOop [76]=NarrowOop [80]=Oop }
                      ;*invokevirtual unlock {reexecute=0 rethrow=0 return_oop=0}
                      ; - java.lang.ref.ReferenceQueue::poll@35
                      ; - org.springframework.util.ConcurrentReferenceHashMap$ReferenceManager::pollForPurge@4 (line 1025)
                      ; - org.springframework.util.ConcurrentReferenceHashMap$Segment::restructureIfNecessary@34 (line 575)
                      ; - org.springframework.util.ConcurrentReferenceHashMap$Segment::getReference@9 (line 496)
                      ; - org.springframework.util.ConcurrentReferenceHashMap::getReference@14 (line 266)
                      ; - org.springframework.util.ConcurrentReferenceHashMap::get@5 (line 236)
                      ; - java.util.concurrent.ConcurrentMap::computeIfAbsent@7
                      ; - org.springframework.core.annotation.AttributeMethods::forAnnotationType@17 (line 251)
                      ; - org.springframework.core.annotation.AnnotationTypeMapping::<init>@86 (line 119)
                      ; - org.springframework.core.annotation.AnnotationTypeMappings::addIfPossible@11 (line 118)
  0x00007fd9e63d1b8c: 7097 fbfe 

  0x00007fd9e63d1b90: ;   {other}
  0x00007fd9e63d1b90: 0f1f 8400 | 0064 00d6 

  0x00007fd9e63d1b98: ;   {internal_word}
  0x00007fd9e63d1b98: 49ba 4ce1 | 3ce6 d97f | 0000 4d89 | 9760 0400 

  0x00007fd9e63d1ba8: ;   {runtime_call SafepointBlob}
  0x00007fd9e63d1ba8: 00e9 52a8 

  0x00007fd9e63d1bac: ;   {runtime_call StubRoutines (final stubs)}
  0x00007fd9e63d1bac: fbfe e82d | e4f9 fee9 | 66a3 ffff 
[Stub Code]
  0x00007fd9e63d1bb8: ;   {no_reloc}
  0x00007fd9e63d1bb8: 48bb 0000 | 0000 0000 

  0x00007fd9e63d1bc0: ;   {runtime_call nmethod}
  0x00007fd9e63d1bc0: 0000 e9fb 

  0x00007fd9e63d1bc4: ;   {static_stub}
  0x00007fd9e63d1bc4: ffff ff48 | bb00 0000 | 0000 0000 

  0x00007fd9e63d1bd0: ;   {runtime_call nmethod}
  0x00007fd9e63d1bd0: 00e9 fbff 

  0x00007fd9e63d1bd4: ;   {static_stub}
  0x00007fd9e63d1bd4: ffff 48bb | 0000 0000 | 0000 0000 

  0x00007fd9e63d1be0: ;   {runtime_call nmethod}
  0x00007fd9e63d1be0: e9fb ffff 

  0x00007fd9e63d1be4: ;   {static_stub}
  0x00007fd9e63d1be4: ff48 bb00 | 0000 0000 

  0x00007fd9e63d1bec: ;   {runtime_call nmethod}
  0x00007fd9e63d1bec: 0000 00e9 | fbff ffff 

  0x00007fd9e63d1bf4: ;   {static_stub}
  0x00007fd9e63d1bf4: 48bb 0000 | 0000 0000 

  0x00007fd9e63d1bfc: ;   {runtime_call nmethod}
  0x00007fd9e63d1bfc: 0000 e9fb 

  0x00007fd9e63d1c00: ;   {static_stub}
  0x00007fd9e63d1c00: ffff ff48 | bb00 0000 | 0000 0000 

  0x00007fd9e63d1c0c: ;   {runtime_call nmethod}
  0x00007fd9e63d1c0c: 00e9 fbff 

  0x00007fd9e63d1c10: ;   {static_stub}
  0x00007fd9e63d1c10: ffff 48bb | 0000 0000 | 0000 0000 

  0x00007fd9e63d1c1c: ;   {runtime_call nmethod}
  0x00007fd9e63d1c1c: e9fb ffff 

  0x00007fd9e63d1c20: ;   {static_stub}
  0x00007fd9e63d1c20: ff48 bb00 | 0000 0000 

  0x00007fd9e63d1c28: ;   {runtime_call nmethod}
  0x00007fd9e63d1c28: 0000 00e9 | fbff ffff 

  0x00007fd9e63d1c30: ;   {static_stub}
  0x00007fd9e63d1c30: 48bb 0000 | 0000 0000 

  0x00007fd9e63d1c38: ;   {runtime_call nmethod}
  0x00007fd9e63d1c38: 0000 e9fb 

  0x00007fd9e63d1c3c: ;   {static_stub}
  0x00007fd9e63d1c3c: ffff ff48 | bb00 0000 | 0000 0000 

  0x00007fd9e63d1c48: ;   {runtime_call nmethod}
  0x00007fd9e63d1c48: 00e9 fbff 

  0x00007fd9e63d1c4c: ;   {static_stub}
  0x00007fd9e63d1c4c: ffff 48bb | 0000 0000 | 0000 0000 

  0x00007fd9e63d1c58: ;   {runtime_call nmethod}
  0x00007fd9e63d1c58: e9fb ffff 

  0x00007fd9e63d1c5c: ;   {static_stub}
  0x00007fd9e63d1c5c: ff48 bb00 | 0000 0000 

  0x00007fd9e63d1c64: ;   {runtime_call nmethod}
  0x00007fd9e63d1c64: 0000 00e9 | fbff ffff 

  0x00007fd9e63d1c6c: ;   {static_stub}
  0x00007fd9e63d1c6c: 48bb 0000 | 0000 0000 

  0x00007fd9e63d1c74: ;   {runtime_call nmethod}
  0x00007fd9e63d1c74: 0000 e9fb 

  0x00007fd9e63d1c78: ;   {static_stub}
  0x00007fd9e63d1c78: ffff ff48 | bb58 acb9 | 90d9 7f00 

  0x00007fd9e63d1c84: ;   {runtime_call I2C/C2I adapters}
  0x00007fd9e63d1c84: 00e9 dd93 

  0x00007fd9e63d1c88: ;   {static_stub}
  0x00007fd9e63d1c88: fbfe 48bb | 0000 0000 | 0000 0000 

  0x00007fd9e63d1c94: ;   {runtime_call nmethod}
  0x00007fd9e63d1c94: e9fb ffff 

  0x00007fd9e63d1c98: ;   {static_stub}
  0x00007fd9e63d1c98: ff48 bb00 | 0000 0000 

  0x00007fd9e63d1ca0: ;   {runtime_call nmethod}
  0x00007fd9e63d1ca0: 0000 00e9 | fbff ffff 

  0x00007fd9e63d1ca8: ;   {static_stub}
  0x00007fd9e63d1ca8: 48bb 0000 | 0000 0000 

  0x00007fd9e63d1cb0: ;   {runtime_call nmethod}
  0x00007fd9e63d1cb0: 0000 e9fb 

  0x00007fd9e63d1cb4: ;   {static_stub}
  0x00007fd9e63d1cb4: ffff ff48 | bb00 0000 | 0000 0000 

  0x00007fd9e63d1cc0: ;   {runtime_call nmethod}
  0x00007fd9e63d1cc0: 00e9 fbff 

  0x00007fd9e63d1cc4: ;   {static_stub}
  0x00007fd9e63d1cc4: ffff 48bb | 0000 0000 | 0000 0000 

  0x00007fd9e63d1cd0: ;   {runtime_call nmethod}
  0x00007fd9e63d1cd0: e9fb ffff 

  0x00007fd9e63d1cd4: ;   {static_stub}
  0x00007fd9e63d1cd4: ff48 bb00 | 0000 0000 

  0x00007fd9e63d1cdc: ;   {runtime_call nmethod}
  0x00007fd9e63d1cdc: 0000 00e9 | fbff ffff 

  0x00007fd9e63d1ce4: ;   {static_stub}
  0x00007fd9e63d1ce4: 48bb 0000 | 0000 0000 

  0x00007fd9e63d1cec: ;   {runtime_call nmethod}
  0x00007fd9e63d1cec: 0000 e9fb 

  0x00007fd9e63d1cf0: ;   {static_stub}
  0x00007fd9e63d1cf0: ffff ff48 | bb00 0000 | 0000 0000 

  0x00007fd9e63d1cfc: ;   {runtime_call nmethod}
  0x00007fd9e63d1cfc: 00e9 fbff 

  0x00007fd9e63d1d00: ;   {runtime_call ExceptionBlob}
  0x00007fd9e63d1d00: ffff e979 | 31fd fee8 | 0000 0000 | 4883 2c24 

  0x00007fd9e63d1d10: ;   {runtime_call DeoptimizationBlob}
  0x00007fd9e63d1d10: 05e9 8a99 | fbfe f4f4 
[/MachCode]


Compiled method (c2) 1487859 15038       4       org.springframework.core.annotation.AnnotationTypeMappings::<init> (47 bytes)
 total in heap  [0x00007fd9e6466c90,0x00007fd9e6468c00] = 8048
 relocation     [0x00007fd9e6466de8,0x00007fd9e6466f68] = 384
 main code      [0x00007fd9e6466f80,0x00007fd9e6467e30] = 3760
 stub code      [0x00007fd9e6467e30,0x00007fd9e6467ea0] = 112
 oops           [0x00007fd9e6467ea0,0x00007fd9e6467ec8] = 40
 metadata       [0x00007fd9e6467ec8,0x00007fd9e6467fe0] = 280
 scopes data    [0x00007fd9e6467fe0,0x00007fd9e6468648] = 1640
 scopes pcs     [0x00007fd9e6468648,0x00007fd9e6468a18] = 976
 dependencies   [0x00007fd9e6468a18,0x00007fd9e6468a30] = 24
 handler table  [0x00007fd9e6468a30,0x00007fd9e6468b38] = 264
 nul chk table  [0x00007fd9e6468b38,0x00007fd9e6468c00] = 200

[Constant Pool (empty)]

[MachCode]
[Entry Point]
  # {method} {0x00007fd990bb1b68} '<init>' '(Lorg/springframework/core/annotation/RepeatableContainers;Lorg/springframework/core/annotation/AnnotationFilter;Ljava/lang/Class;Ljava/util/Set;)V' in 'org/springframework/core/annotation/AnnotationTypeMappings'
  # this:     rsi:rsi   = 'org/springframework/core/annotation/AnnotationTypeMappings'
  # parm0:    rdx:rdx   = 'org/springframework/core/annotation/RepeatableContainers'
  # parm1:    rcx:rcx   = 'org/springframework/core/annotation/AnnotationFilter'
  # parm2:    r8:r8     = 'java/lang/Class'
  # parm3:    r9:r9     = 'java/util/Set'
  #           [sp+0x70]  (sp of caller)
  0x00007fd9e6466f80: 448b 5608 | 49bb 0000 | 009c d97f | 0000 4d03 | d349 3bc2 

  0x00007fd9e6466f94: ;   {runtime_call ic_miss_stub}
  0x00007fd9e6466f94: 0f85 e6ed | f1fe 6690 | 0f1f 4000 
[Verified Entry Point]
  0x00007fd9e6466fa0: 8984 2400 | c0fe ff55 | 4883 ec60 | 4181 7f20 | 0600 0000 | 0f85 6b0e | 0000 4c89 | 0c24 498b 
  0x00007fd9e6466fc0: e848 8974 | 2428 4c8b | d64c 8bc2 | 4489 460c | 49c1 ea09 | 4c8b d944 | 895e 1049 | bb00 a04d 
  0x00007fd9e6466fe0: f6d9 7f00 | 0047 8824 | 1349 8b87 | b801 0000 | 4c8b d049 | 83c2 184d | 3b97 c801 | 0000 0f83 
  0x00007fd9e6467000: eb07 0000 | 4d89 97b8 | 0100 0041 | 0f0d 8a00 | 0100 0048 | c700 0100 

  0x00007fd9e6467018: ;   {metadata('java/util/ArrayList')}
  0x00007fd9e6467018: 0000 c740 | 08c8 ad0b | 0044 8960 | 0c44 8960 

  0x00007fd9e6467028: ;   {oop(a 'java/lang/Object'[0] {0x00000000ce2500e0})}
  0x00007fd9e6467028: 10c7 4014 | e000 25ce | 4c8b 5424 | 284c 8bd8 | 4c8b 4424 | 2845 8958 | 1449 c1ea | 0949 bb00 
  0x00007fd9e6467048: a04d f6d9 | 7f00 0047 | 8824 1349 | 8b87 b801 | 0000 4c8b | d049 83c2 | 184d 3b97 | c801 0000 
  0x00007fd9e6467068: 0f83 a707 | 0000 4d89 | 97b8 0100 | 0041 0f0d | 8a00 0100 | 0048 c700 | 0100 0000 

  0x00007fd9e6467084: ;   {metadata('java/util/ArrayDeque')}
  0x00007fd9e6467084: c740 08b0 | ae20 0044 | 8960 0c4c | 8960 1048 | 8944 2418 | 4d8b 9fb8 | 0100 004d | 8bd3 4983 
  0x00007fd9e64670a4: c258 4d3b | 97c8 0100 | 000f 8386 | 0700 004d | 8997 b801 | 0000 410f | 0d8a 0001 | 0000 49c7 
  0x00007fd9e64670c4: 0301 0000 | 0041 0f0d | 8a40 0100 

  0x00007fd9e64670d0: ;   {metadata('java/lang/Object'[])}
  0x00007fd9e64670d0: 0041 c743 | 0870 1200 | 0041 0f0d | 8a80 0100 | 0041 c743 | 0c11 0000 | 0049 8bfb | 4883 c710 
  0x00007fd9e64670f0: b909 0000 | 00c5 fdef | c0e9 0d00 | 0000 c5fe | 7f07 c5fe | 7f47 2048 | 83c7 4048 | 83e9 087d 
  0x00007fd9e6467110: ed48 83c1 | 047c 0cc5 | fe7f 0748 | 83c7 2048 | 83e9 0448 | 83c1 047e | 1048 ffc9 | c5f9 d607 
  0x00007fd9e6467130: 4883 c708 | 48ff c97d | f34c 8b54 | 2418 4d8b | c34c 8b5c | 2418 4589 | 4314 49c1 | ea09 49bb 
  0x00007fd9e6467150: 00a0 4df6 | d97f 0000 | 4788 2413 | 488b 7424 | 2848 8b54 | 2418 33c9 | 4c8b c545 | 33c9 488b 
  0x00007fd9e6467170: 3c24 488b 

  0x00007fd9e6467174: ;   {optimized virtual_call}
  0x00007fd9e6467174: ee66 90e8 

  0x00007fd9e6467178: ; ImmutableOopMap {rbp=Oop [24]=Oop [40]=Oop }
                      ;*invokevirtual addIfPossible {reexecute=0 rethrow=0 return_oop=0}
                      ; - org.springframework.core.annotation.AnnotationTypeMappings::addAllMappings@14 (line 80)
                      ; - org.springframework.core.annotation.AnnotationTypeMappings::<init>@29 (line 72)
  0x00007fd9e6467178: 844d f6ff 

  0x00007fd9e646717c: ;   {other}
  0x00007fd9e646717c: 0f1f 8400 | ec04 0000 | 4c8b 5424 | 1845 8b4a | 0c45 8b52 | 1045 3bca | 0f84 2702 | 0000 660f 
  0x00007fd9e646719c: 1f44 0000 | 4c8b 5424 | 1845 8b5a | 1445 8b53 | 0c45 3bca | 0f83 b207 | 0000 438b | 7c8b 1044 
  0x00007fd9e64671bc: 8b47 0841 | 8bd9 ffc3 | 413b da0f | 8d57 0500 | 0047 8964 | 8b10 4c8b | 5424 1841 

  0x00007fd9e64671d8: ;   {metadata('org/springframework/core/annotation/AnnotationTypeMapping')}
  0x00007fd9e64671d8: 895a 0c41 | 81f8 00fd | 1a01 0f85 | 8809 0000 | 4c8b 5424 | 2841 8b6a | 144c 8bdf 

  0x00007fd9e64671f4: ; implicit exception: dispatches to 0x00007fd9e6467cbc
  0x00007fd9e64671f4: 448b 5508 

  0x00007fd9e64671f8: ;   {metadata('java/util/ArrayList')}
  0x00007fd9e64671f8: 4181 fac8 | ad0b 000f | 85c3 0700 | 004c 8bcd | 418b 7914 | 41ff 410c 

  0x00007fd9e6467210: ; implicit exception: dispatches to 0x00007fd9e6467cd4
  0x00007fd9e6467210: 8b47 0c45 | 8b51 1041 | 8bda ffc3 | 443b d00f | 851b 0100 | 0085 c00f | 87fe 0400 

  0x00007fd9e646722c: ;   {oop(a 'java/lang/Object'[0] {0x00000000ce2500e0})}
  0x00007fd9e646722c: 0081 ffe0 | 0025 ce0f | 85f2 0400 | 00ba 0a00 | 0000 3bd3 | 0f4c d381 | fa00 0004 | 000f 8799 
  0x00007fd9e646724c: 0800 0048 | 63ca 81fa | 0000 0400 | 0f87 0a06 | 0000 4d8b | 87b8 0100 | 0048 8d0c | 8d17 0000 
  0x00007fd9e646726c: 0048 8bf9 | 4883 e7f8 | 498b f048 | 03f7 493b | b7c8 0100 | 000f 83e1 | 0500 0049 | 89b7 b801 
  0x00007fd9e646728c: 0000 0f0d | 8e00 0100 | 0049 c700 | 0100 0000 | 0f0d 8e40 

  0x00007fd9e64672a0: ;   {metadata('java/lang/Object'[])}
  0x00007fd9e64672a0: 0100 0041 | c740 0870 | 1200 0041 | 8950 0c0f | 0d8e 8001 | 0000 498b | f848 83c7 | 1048 c1e9 
  0x00007fd9e64672c0: 0348 83c1 | fe48 33c0 | 4883 f908 | 7f10 48ff | c978 4f48 | 8904 cf48 | ffc9 7df7 | eb44 c5fd 
  0x00007fd9e64672e0: efc0 e90d | 0000 00c5 | fe7f 07c5 | fe7f 4720 | 4883 c740 | 4883 e908 | 7ded 4883 | c104 7c0c 
  0x00007fd9e6467300: c5fe 7f07 | 4883 c720 | 4883 e904 | 4883 c104 | 7e10 48ff | c9c5 f9d6 | 0748 83c7 | 0848 ffc9 
  0x00007fd9e6467320: 7df3 498b | c949 8bf8 | 4189 7914 | 48c1 e909 | 48bf 00a0 | 4df6 d97f | 0000 4488 | 240f eb03 
  0x00007fd9e6467340: 4c8b c741 | 8b48 0c44 | 3bd1 0f83 | 4006 0000 | 418b 4808 

  0x00007fd9e6467354: ;   {metadata('java/lang/Object'[])}
  0x00007fd9e6467354: 81f9 7012 | 0000 0f85 | 8806 0000 | 4189 5910 | 4f8d 5490 | 104d 8bc3 | 4589 0249 | c1ea 0949 
  0x00007fd9e6467374: b800 a04d | f6d9 7f00 | 0047 8824 | 1048 8b74 | 2428 488b | 5424 1849 

  0x00007fd9e646738c: ;   {optimized virtual_call}
  0x00007fd9e646738c: 8bcb 90e8 

  0x00007fd9e6467390: ; ImmutableOopMap {[24]=Oop [40]=Oop }
                      ;*invokevirtual addMetaAnnotationsToQueue {reexecute=0 rethrow=0 return_oop=0}
                      ; - org.springframework.core.annotation.AnnotationTypeMappings::addAllMappings@53 (line 84)
                      ; - org.springframework.core.annotation.AnnotationTypeMappings::<init>@29 (line 72)
  0x00007fd9e6467390: acbf ecff 

  0x00007fd9e6467394: ;   {other}
  0x00007fd9e6467394: 0f1f 8400 | 0407 0001 | 4d8b 9750 

  0x00007fd9e64673a0: ; ImmutableOopMap {[24]=Oop [40]=Oop }
                      ;*goto {reexecute=1 rethrow=0 return_oop=0}
                      ; - (reexecute) org.springframework.core.annotation.AnnotationTypeMappings::addAllMappings@56 (line 85)
                      ; - org.springframework.core.annotation.AnnotationTypeMappings::<init>@29 (line 72)
                      ;   {poll}
  0x00007fd9e64673a0: 0400 0041 | 8502 4c8b | 5424 1845 | 8b52 104c | 8b5c 2418 | 458b 4b0c | 453b ca0f | 85df fdff 
  0x00007fd9e64673c0: ff4c 8b54 | 2428 418b | 6a14 448b 

  0x00007fd9e64673cc: ;   {metadata('java/util/ArrayList')}
  0x00007fd9e64673cc: 5d08 4181 | fbc8 ad0b | 000f 8545 | 0600 004c | 8bd5 458b | 5a14 418b | 4a10 458b | 4a0c 498b 
  0x00007fd9e64673ec: c341 8bd9 | 4533 c0e9 | b100 0000 | 4c8b 1424 | 448b 5c24 | 0c8b 4c24 | 1044 8b4c | 2408 488b 
  0x00007fd9e646740c: 4424 1844 | 8b44 2414 | 8b72 2c8b | 7e0c 8b5f | 0c85 db0f | 8767 0200 | 008b 7a44 

  0x00007fd9e6467428: ; implicit exception: dispatches to 0x00007fd9e6467c18
                      ;   {metadata('java/util/HashSet')}
  0x00007fd9e6467428: 8b57 0881 | fa50 cc0d | 000f 85b9 | 0400 0044 | 8944 240c | 4889 4424 | 1044 894c | 2408 894c 
  0x00007fd9e6467448: 2404 4489 | 1c24 498b | ea4c 8bd7 | 458b 520c | 498b f266 | 9048 b890 | cf08 9cd9 

  0x00007fd9e6467464: ;   {virtual_call}
  0x00007fd9e6467464: 7f00 00e8 

  0x00007fd9e6467468: ; ImmutableOopMap {rbp=Oop [0]=NarrowOop [16]=Oop }
                      ;*invokevirtual clear {reexecute=0 rethrow=0 return_oop=0}
                      ; - java.util.HashSet::clear@4
                      ; - org.springframework.core.annotation.AnnotationTypeMapping::afterAllMappingsSet@39 (line 437)
                      ; - org.springframework.core.annotation.AnnotationTypeMappings$$Lambda/0x00007fd99d1aba10::accept@4
                      ; - java.util.ArrayList::forEach@46
                      ; - org.springframework.core.annotation.AnnotationTypeMappings::<init>@41 (line 73)
  0x00007fd9e6467468: 1470 c7ff 

  0x00007fd9e646746c: ;   {other}
  0x00007fd9e646746c: 0f1f 8400 | dc07 0003 | 4d8b 9f50 | 0400 004c | 8bd5 418b | 5a0c 448b | 4424 0c41 

  0x00007fd9e6467488: ; ImmutableOopMap {r10=Oop rbp=Oop [0]=NarrowOop [16]=Oop }
                      ;*goto {reexecute=1 rethrow=0 return_oop=0}
                      ; - (reexecute) java.util.ArrayList::forEach@54
                      ; - org.springframework.core.annotation.AnnotationTypeMappings::<init>@41 (line 73)
                      ;   {poll}
  0x00007fd9e6467488: ffc0 4185 | 033b 5c24 | 080f 85b9 | 0400 0044 | 8b1c 248b | 4c24 0444 | 8b4c 2408 | 488b 4424 
  0x00007fd9e64674a8: 1044 3bc1 | 0f8d e900 | 0000 418b | 5b0c 443b | c30f 830a | 0400 0043 | 8b7c 8310 

  0x00007fd9e64674c4: ; implicit exception: dispatches to 0x00007fd9e6467ba0
                      ;   {metadata('org/springframework/core/annotation/AnnotationTypeMapping')}
  0x00007fd9e64674c4: 8b5f 0881 | fb00 fd1a | 010f 8571 | 0600 0048 | 8bd7 8b7a | 288b 7714 

  0x00007fd9e64674dc: ; implicit exception: dispatches to 0x00007fd9e6467bdc
  0x00007fd9e64674dc: 8b5e 0c85 | db0f 862d | ffff ff33 | db0f 1f80 | 0000 0000 

  0x00007fd9e64674f0: ; implicit exception: dispatches to 0x00007fd9e6467c2c
  0x00007fd9e64674f0: 8b7f 148b | 770c 3bde | 0f83 1e04 | 0000 4889 | 5424 2044 | 8944 2414 | 4889 4424 | 1844 894c 
  0x00007fd9e6467510: 2408 894c | 2410 4489 | 5c24 0c4c | 8914 2444 | 8b54 9f10 | 895c 2428 | 4d8b da4c | 895c 2430 
  0x00007fd9e6467530: 4489 5424 | 2c49 8bf3 

  0x00007fd9e6467538: ;   {static_call}
  0x00007fd9e6467538: 33d2 90e8 

  0x00007fd9e646753c: ; ImmutableOopMap {[0]=Oop [12]=NarrowOop [24]=Oop [32]=Oop [44]=NarrowOop [48]=Oop }
                      ;*invokestatic getDeclaredAnnotations {reexecute=0 rethrow=0 return_oop=1}
                      ; - org.springframework.core.annotation.AnnotationsScanner::getDeclaredAnnotation@2 (line 430)
                      ; - org.springframework.core.annotation.AnnotationTypeMapping::validateAllAliasesClaimed@25 (line 443)
                      ; - org.springframework.core.annotation.AnnotationTypeMapping::afterAllMappingsSet@1 (line 433)
                      ; - org.springframework.core.annotation.AnnotationTypeMappings$$Lambda/0x00007fd99d1aba10::accept@4
                      ; - java.util.ArrayList::forEach@46
                      ; - org.springframework.core.annotation.AnnotationTypeMappings::<init>@41 (line 73)
  0x00007fd9e646753c: a095 65ff 

  0x00007fd9e6467540: ;   {other}
  0x00007fd9e6467540: 0f1f 8400 | b008 0005 

  0x00007fd9e6467548: ; implicit exception: dispatches to 0x00007fd9e6467c54
  0x00007fd9e6467548: 448b 400c | 4585 c077 | 664d 8b9f | 5004 0000 | 488b 5424 | 208b 7a28 | 8b5c 2428 

  0x00007fd9e6467564: ; ImmutableOopMap {rdi=NarrowOop rdx=Oop [0]=Oop [12]=NarrowOop [24]=Oop }
                      ;*goto {reexecute=1 rethrow=0 return_oop=0}
                      ; - (reexecute) org.springframework.core.annotation.AnnotationTypeMapping::validateAllAliasesClaimed@93 (line 441)
                      ; - org.springframework.core.annotation.AnnotationTypeMapping::afterAllMappingsSet@1 (line 433)
                      ; - org.springframework.core.annotation.AnnotationTypeMappings$$Lambda/0x00007fd99d1aba10::accept@4
                      ; - java.util.ArrayList::forEach@46
                      ; - org.springframework.core.annotation.AnnotationTypeMappings::<init>@41 (line 73)
                      ;   {poll}
  0x00007fd9e6467564: ffc3 4185 | 0344 8b57 | 1445 8b5a | 0c41 3bdb | 0f8d 7efe | ffff 4c8b | 1424 448b | 5c24 0c8b 
  0x00007fd9e6467584: 4c24 1044 | 8b4c 2408 | 488b 4424 | 1844 8b44 | 2414 e955 | ffff ff41 | 3bd9 0f85 | dc04 0000 
  0x00007fd9e64675a4: 4883 c460 

  0x00007fd9e64675a8: ;   {poll_return}
  0x00007fd9e64675a8: 5d49 3ba7 | 4804 0000 | 0f87 5908 | 0000 c38b | 6810 448b 

  0x00007fd9e64675bc: ;   {metadata('jdk/proxy2/$Proxy46')}
  0x00007fd9e64675bc: 5d08 4181 | fbb0 ac1a | 010f 8569 | 0400 004c | 8bd5 418b | 6a0c 4c89 | 5424 4044 

  0x00007fd9e64675d8: ;   {metadata('sun/reflect/annotation/AnnotationInvocationHandler')}
  0x00007fd9e64675d8: 8b55 0841 | 81fa 3843 | 0501 0f85 | 6804 0000 | 4c8b d541 

  0x00007fd9e64675ec: ;   {oop(a 'java/lang/Class'{0x00000000ce86bfd0} = 'org/springframework/core/annotation/AliasFor')}
  0x00007fd9e64675ec: 8b6a 0c81 | fdd0 bf86 | ce0f 85d1 | 0400 004c | 8b5c 2420 | 418b 6b44 

  0x00007fd9e6467604: ; implicit exception: dispatches to 0x00007fd9e6467d64
  0x00007fd9e6467604: 448b 5508 

  0x00007fd9e6467608: ;   {metadata('java/util/HashSet')}
  0x00007fd9e6467608: 4181 fa50 | cc0d 000f | 8557 0400 | 0048 8bf5 | 488b 5424 

  0x00007fd9e646761c: ;   {optimized virtual_call}
  0x00007fd9e646761c: 3066 90e8 

  0x00007fd9e6467620: ; ImmutableOopMap {[0]=Oop [12]=NarrowOop [24]=Oop [32]=Oop [44]=NarrowOop [64]=Oop }
                      ;*invokeinterface contains {reexecute=0 rethrow=0 return_oop=0}
                      ; - org.springframework.core.annotation.AnnotationTypeMapping::validateAllAliasesClaimed@41 (line 444)
                      ; - org.springframework.core.annotation.AnnotationTypeMapping::afterAllMappingsSet@1 (line 433)
                      ; - org.springframework.core.annotation.AnnotationTypeMappings$$Lambda/0x00007fd99d1aba10::accept@4
                      ; - java.util.ArrayList::forEach@46
                      ; - org.springframework.core.annotation.AnnotationTypeMappings::<init>@41 (line 73)
  0x00007fd9e6467620: bc1c 82ff 

  0x00007fd9e6467624: ;   {other}
  0x00007fd9e6467624: 0f1f 8400 | 9409 0007 | 85c0 0f85 | 1dff ffff | be45 ffff | ff48 8b2c | 2444 8b54 | 2408 4489 
  0x00007fd9e6467644: 1424 448b | 5c24 0c44 | 895c 2404 | 448b 5424 | 1044 8954 | 2408 448b | 5c24 1444 | 895c 240c 
  0x00007fd9e6467664: 4c8b 5424 | 204c 8954 | 2418 448b | 5424 2c44 | 8954 2420 | 8944 2424 

  0x00007fd9e646767c: ;   {runtime_call UncommonTrapBlob}
  0x00007fd9e646767c: 6666 90e8 

  0x00007fd9e6467680: ; ImmutableOopMap {rbp=Oop [4]=NarrowOop [24]=Oop [32]=NarrowOop [64]=Oop }
                      ;*ifne {reexecute=1 rethrow=0 return_oop=0}
                      ; - (reexecute) org.springframework.core.annotation.AnnotationTypeMapping::validateAllAliasesClaimed@46 (line 444)
                      ; - org.springframework.core.annotation.AnnotationTypeMapping::afterAllMappingsSet@1 (line 433)
                      ; - org.springframework.core.annotation.AnnotationTypeMappings$$Lambda/0x00007fd99d1aba10::accept@4
                      ; - java.util.ArrayList::forEach@46
                      ; - org.springframework.core.annotation.AnnotationTypeMappings::<init>@41 (line 73)
  0x00007fd9e6467680: 7c3c f2fe 

  0x00007fd9e6467684: ;   {other}
  0x00007fd9e6467684: 0f1f 8400 | f409 0008 | 33db 8b6e | 0c8b 7d0c | 3bdf 0f83 | fc03 0000 | 4889 5424 | 2044 8944 
  0x00007fd9e64676a4: 2414 4889 | 4424 1844 | 894c 2410 | 894c 240c | 4489 5c24 | 084c 8914 | 2444 8b54 | 9d10 8beb 
  0x00007fd9e64676c4: 498b d248 | 8b74 2420 

  0x00007fd9e64676cc: ;   {optimized virtual_call}
  0x00007fd9e64676cc: 6666 90e8 

  0x00007fd9e64676d0: ; ImmutableOopMap {[0]=Oop [8]=NarrowOop [24]=Oop [32]=Oop }
                      ;*invokevirtual validateMirrorSet {reexecute=0 rethrow=0 return_oop=0}
                      ; - org.springframework.core.annotation.AnnotationTypeMapping::afterAllMappingsSet@26 (line 435)
                      ; - org.springframework.core.annotation.AnnotationTypeMappings$$Lambda/0x00007fd99d1aba10::accept@4
                      ; - java.util.ArrayList::forEach@46
                      ; - org.springframework.core.annotation.AnnotationTypeMappings::<init>@41 (line 73)
  0x00007fd9e64676d0: 2c5f 35f9 

  0x00007fd9e64676d4: ;   {other}
  0x00007fd9e64676d4: 0f1f 8400 | 440a 0009 | 4d8b 9750 | 0400 0048 | 8b54 2420 | 8b72 2c8b 

  0x00007fd9e64676ec: ; ImmutableOopMap {rdx=Oop rsi=NarrowOop [0]=Oop [8]=NarrowOop [24]=Oop }
                      ;*goto {reexecute=1 rethrow=0 return_oop=0}
                      ; - (reexecute) org.springframework.core.annotation.AnnotationTypeMapping::afterAllMappingsSet@32 (line 434)
                      ; - org.springframework.core.annotation.AnnotationTypeMappings$$Lambda/0x00007fd99d1aba10::accept@4
                      ; - java.util.ArrayList::forEach@46
                      ; - org.springframework.core.annotation.AnnotationTypeMappings::<init>@41 (line 73)
                      ;   {poll}
  0x00007fd9e64676ec: ddff c341 | 8502 448b | 560c 458b | 5a0c 413b | db0f 8ccb | 0000 004c | 8b14 2444 | 8b5c 2408 
  0x00007fd9e646770c: 8b4c 240c | 448b 4c24 | 1048 8b44 | 2418 448b | 4424 14e9 | 01fd ffff | 33db e9a2 | faff ff41 
  0x00007fd9e646772c: 8bea 2be8 | 8bd0 d1fa | ffc5 3bd5 | 0f4c d503 | d08b caff | c981 f9f7 | ffff 7f0f | 83bb 0300 
  0x00007fd9e646774c: 0089 5c24 | 2444 8954 | 2420 4c89 | 4c24 104c | 895c 2408 | 48ff 7424 | 1848 8f04 | 2448 8b6c 
  0x00007fd9e646776c: 2428 488b 

  0x00007fd9e6467770: ;   {static_call}
  0x00007fd9e6467770: f766 90e8 

  0x00007fd9e6467774: ; ImmutableOopMap {rbp=Oop [0]=Oop [8]=Oop [16]=Oop }
                      ;*invokestatic copyOf {reexecute=0 rethrow=0 return_oop=1}
                      ; - java.util.ArrayList::grow@37
                      ; - java.util.ArrayList::grow@7
                      ; - java.util.ArrayList::add@7
                      ; - java.util.ArrayList::add@20
                      ; - org.springframework.core.annotation.AnnotationTypeMappings::addAllMappings@43 (line 83)
                      ; - org.springframework.core.annotation.AnnotationTypeMappings::<init>@29 (line 72)
  0x00007fd9e6467774: 08ef f1fe 

  0x00007fd9e6467778: ;   {other}
  0x00007fd9e6467778: 0f1f 8400 | e80a 000b | 4c8b d84c | 8b4c 2410 | 4589 5914 | 4d8b d149 | c1ea 0949 | bb00 a04d 
  0x00007fd9e6467798: f6d9 7f00 | 0047 8824 | 1348 85c0 | 0f84 4603 | 0000 4889 | 6c24 2848 | ff34 2448 | 8f44 2418 
  0x00007fd9e64677b8: 4c8b 5c24 | 0844 8b54 | 2420 8b5c | 2424 4c8b | c0e9 75fb | ffff 4c8b | 1424 448b | 5c24 088b 
  0x00007fd9e64677d8: 4c24 0c44 | 8b4c 2410 | 488b 4424 | 1844 8b44 | 2414 e99f 

  0x00007fd9e64677ec: ;   {metadata('java/util/ArrayList')}
  0x00007fd9e64677ec: feff ff48 | bec8 ad0b | 9cd9 7f00 | 0048 ff74 | 2428 488f 

  0x00007fd9e6467800: ;   {runtime_call _new_instance_Java}
  0x00007fd9e6467800: 4424 08e8 

  0x00007fd9e6467804: ; ImmutableOopMap {rbp=Oop [0]=Oop [8]=Oop [40]=Oop }
                      ;*new {reexecute=0 rethrow=0 return_oop=1}
                      ; - org.springframework.core.annotation.AnnotationTypeMappings::<init>@15 (line 71)
  0x00007fd9e6467804: 78d3 f3fe 

  0x00007fd9e6467808: ;   {other}
  0x00007fd9e6467808: 0f1f 8400 | 780b 000c | e914 f8ff 

  0x00007fd9e6467814: ;   {metadata('java/util/ArrayDeque')}
  0x00007fd9e6467814: ff48 beb0 | ae20 9cd9 | 7f00 004c | 8944 2410 

  0x00007fd9e6467824: ;   {runtime_call _new_instance_Java}
  0x00007fd9e6467824: 6666 90e8 

  0x00007fd9e6467828: ; ImmutableOopMap {rbp=Oop [0]=Oop [16]=Oop [40]=Oop }
                      ;*new {reexecute=0 rethrow=0 return_oop=1}
                      ; - org.springframework.core.annotation.AnnotationTypeMappings::addAllMappings@0 (line 79)
                      ; - org.springframework.core.annotation.AnnotationTypeMappings::<init>@29 (line 72)
  0x00007fd9e6467828: 54d3 f3fe 

  0x00007fd9e646782c: ;   {other}
  0x00007fd9e646782c: 0f1f 8400 | 9c0b 000d | e95a f8ff 

  0x00007fd9e6467838: ;   {metadata('java/lang/Object'[])}
  0x00007fd9e6467838: ff48 be70 | 1200 9cd9 | 7f00 00ba | 1100 0000 | 48ff 7424 | 2848 8f44 

  0x00007fd9e6467850: ;   {runtime_call _new_array_Java}
  0x00007fd9e6467850: 2408 90e8 

  0x00007fd9e6467854: ; ImmutableOopMap {rbp=Oop [0]=Oop [8]=Oop [24]=Oop [40]=Oop }
                      ;*anewarray {reexecute=0 rethrow=0 return_oop=1}
                      ; - java.util.ArrayDeque::<init>@7
                      ; - org.springframework.core.annotation.AnnotationTypeMappings::addAllMappings@4 (line 79)
                      ; - org.springframework.core.annotation.AnnotationTypeMappings::<init>@29 (line 72)
  0x00007fd9e6467854: 28d0 f3fe 

  0x00007fd9e6467858: ;   {other}
  0x00007fd9e6467858: 0f1f 8400 | c80b 000e | 4c8b d8e9 | d1f8 ffff | 895c 2424 | 4489 5424 | 204c 894c | 2410 4c89 
  0x00007fd9e6467878: 5c24 0848 | ff74 2418 | 488f 0424 | 488b 6c24 

  0x00007fd9e6467888: ;   {metadata('java/lang/Object'[])}
  0x00007fd9e6467888: 2848 be70 | 1200 9cd9 

  0x00007fd9e6467890: ;   {runtime_call _new_array_Java}
  0x00007fd9e6467890: 7f00 00e8 

  0x00007fd9e6467894: ; ImmutableOopMap {rbp=Oop [0]=Oop [8]=Oop [16]=Oop }
                      ;*anewarray {reexecute=0 rethrow=0 return_oop=1}
                      ; - java.util.ArrayList::grow@52
                      ; - java.util.ArrayList::grow@7
                      ; - java.util.ArrayList::add@7
                      ; - java.util.ArrayList::add@20
                      ; - org.springframework.core.annotation.AnnotationTypeMappings::addAllMappings@43 (line 83)
                      ; - org.springframework.core.annotation.AnnotationTypeMappings::<init>@29 (line 72)
  0x00007fd9e6467894: e8cf f3fe 

  0x00007fd9e6467898: ;   {other}
  0x00007fd9e6467898: 0f1f 8400 | 080c 000f | 4889 6c24 | 2848 ff34 | 2448 8f44 | 2418 4c8b | 5c24 084c | 8b4c 2410 
  0x00007fd9e64678b8: 448b 5424 | 208b 5c24 | 244c 8bc0 | e959 faff | ffbe e4ff | ffff 498b | ea44 890c | 2489 4c24 
  0x00007fd9e64678d8: 0844 895c | 2410 4489 

  0x00007fd9e64678e0: ;   {runtime_call UncommonTrapBlob}
  0x00007fd9e64678e0: 4424 14e8 

  0x00007fd9e64678e4: ; ImmutableOopMap {rbp=Oop [16]=NarrowOop }
                      ;*aaload {reexecute=0 rethrow=0 return_oop=0}
                      ; - java.util.ArrayList::elementAt@2
                      ; - java.util.ArrayList::forEach@43
                      ; - org.springframework.core.annotation.AnnotationTypeMappings::<init>@41 (line 73)
  0x00007fd9e64678e4: 183a f2fe 

  0x00007fd9e64678e8: ;   {other}
  0x00007fd9e64678e8: 0f1f 8400 | 580c 0010 | bede ffff | ff49 8bea | 4489 0c24 | 4489 5c24 | 0489 4c24 | 0844 8944 
  0x00007fd9e6467908: 240c 897c 

  0x00007fd9e646790c: ;   {runtime_call UncommonTrapBlob}
  0x00007fd9e646790c: 2410 90e8 

  0x00007fd9e6467910: ; ImmutableOopMap {rbp=Oop [4]=NarrowOop [16]=NarrowOop }
                      ;*invokeinterface clear {reexecute=0 rethrow=0 return_oop=0}
                      ; - org.springframework.core.annotation.AnnotationTypeMapping::afterAllMappingsSet@39 (line 437)
                      ; - org.springframework.core.annotation.AnnotationTypeMappings$$Lambda/0x00007fd99d1aba10::accept@4
                      ; - java.util.ArrayList::forEach@46
                      ; - org.springframework.core.annotation.AnnotationTypeMappings::<init>@41 (line 73)
  0x00007fd9e6467910: ec39 f2fe 

  0x00007fd9e6467914: ;   {other}
  0x00007fd9e6467914: 0f1f 8400 | 840c 0011 | bee4 ffff | ff49 8bea | 4489 0c24 | 4489 5c24 | 0489 4c24 | 0844 8944 
  0x00007fd9e6467934: 240c 4889 | 5424 1889 | 7c24 2489 

  0x00007fd9e6467940: ;   {runtime_call UncommonTrapBlob}
  0x00007fd9e6467940: 5c24 28e8 

  0x00007fd9e6467944: ; ImmutableOopMap {rbp=Oop [4]=NarrowOop [24]=Oop [36]=NarrowOop }
                      ;*aaload {reexecute=0 rethrow=0 return_oop=0}
                      ; - org.springframework.core.annotation.AttributeMethods::get@5 (line 172)
                      ; - org.springframework.core.annotation.AnnotationTypeMapping::validateAllAliasesClaimed@18 (line 442)
                      ; - org.springframework.core.annotation.AnnotationTypeMapping::afterAllMappingsSet@1 (line 433)
                      ; - org.springframework.core.annotation.AnnotationTypeMappings$$Lambda/0x00007fd99d1aba10::accept@4
                      ; - java.util.ArrayList::forEach@46
                      ; - org.springframework.core.annotation.AnnotationTypeMappings::<init>@41 (line 73)
  0x00007fd9e6467944: b839 f2fe 

  0x00007fd9e6467948: ;   {other}
  0x00007fd9e6467948: 0f1f 8400 | b80c 0012 | be45 ffff | ff89 5c24 

  0x00007fd9e6467958: ;   {runtime_call UncommonTrapBlob}
  0x00007fd9e6467958: 0466 90e8 

  0x00007fd9e646795c: ; ImmutableOopMap {rbp=Oop }
                      ;*if_icmpne {reexecute=1 rethrow=0 return_oop=0}
                      ; - (reexecute) java.util.ArrayList::forEach@29
                      ; - org.springframework.core.annotation.AnnotationTypeMappings::<init>@41 (line 73)
  0x00007fd9e646795c: a039 f2fe 

  0x00007fd9e6467960: ;   {other}
  0x00007fd9e6467960: 0f1f 8400 | d00c 0013 | bee4 ffff | ff48 ff74 | 2418 488f | 0424 4489 | 5c24 1044 | 894c 2414 
  0x00007fd9e6467980: ;   {runtime_call UncommonTrapBlob}
  0x00007fd9e6467980: 6666 90e8 

  0x00007fd9e6467984: ; ImmutableOopMap {[0]=Oop [16]=NarrowOop [40]=Oop }
                      ;*aaload {reexecute=0 rethrow=0 return_oop=0}
                      ; - java.util.ArrayDeque::elementAt@2
                      ; - java.util.ArrayDeque::pollFirst@12
                      ; - java.util.ArrayDeque::removeFirst@1
                      ; - org.springframework.core.annotation.AnnotationTypeMappings::addAllMappings@27 (line 82)
                      ; - org.springframework.core.annotation.AnnotationTypeMappings::<init>@29 (line 72)
  0x00007fd9e6467984: 7839 f2fe 

  0x00007fd9e6467988: ;   {other}
  0x00007fd9e6467988: 0f1f 8400 | f80c 0014 | bee4 ffff | ff48 8b6c | 2418 48ff | 7424 2848 | 8f44 2408 | 4c89 4c24 
  0x00007fd9e64679a8: 184c 8944 | 2428 4489 | 5424 244c | 895c 2430 

  0x00007fd9e64679b8: ;   {runtime_call UncommonTrapBlob}
  0x00007fd9e64679b8: 6666 90e8 

  0x00007fd9e64679bc: ; ImmutableOopMap {rbp=Oop [8]=Oop [24]=Oop [40]=Oop [48]=Oop }
                      ;*aastore {reexecute=1 rethrow=0 return_oop=0}
                      ; - (reexecute) java.util.ArrayList::add@14
                      ; - java.util.ArrayList::add@20
                      ; - org.springframework.core.annotation.AnnotationTypeMappings::addAllMappings@43 (line 83)
                      ; - org.springframework.core.annotation.AnnotationTypeMappings::<init>@29 (line 72)
  0x00007fd9e64679bc: 4039 f2fe 

  0x00007fd9e64679c0: ;   {other}
  0x00007fd9e64679c0: 0f1f 8400 | 300d 0015 | bede ffff | ff48 ff74 | 2418 488f | 0424 4c89 

  0x00007fd9e64679d8: ;   {runtime_call UncommonTrapBlob}
  0x00007fd9e64679d8: 5c24 20e8 

  0x00007fd9e64679dc: ; ImmutableOopMap {rbp=NarrowOop [0]=Oop [32]=Oop [40]=Oop }
                      ;*invokeinterface add {reexecute=0 rethrow=0 return_oop=0}
                      ; - org.springframework.core.annotation.AnnotationTypeMappings::addAllMappings@43 (line 83)
                      ; - org.springframework.core.annotation.AnnotationTypeMappings::<init>@29 (line 72)
  0x00007fd9e64679dc: 2039 f2fe 

  0x00007fd9e64679e0: ;   {other}
  0x00007fd9e64679e0: 0f1f 8400 | 500d 0016 | bed6 ffff | ff48 8b6c | 2418 48ff | 7424 2848 | 8f44 2408 | 4c89 4c24 
  0x00007fd9e6467a00: 184c 8944 | 2428 4489 | 5424 244c | 895c 2430 

  0x00007fd9e6467a10: ;   {runtime_call UncommonTrapBlob}
  0x00007fd9e6467a10: 6666 90e8 

  0x00007fd9e6467a14: ; ImmutableOopMap {rbp=Oop [8]=Oop [24]=Oop [40]=Oop [48]=Oop }
                      ;*aastore {reexecute=1 rethrow=0 return_oop=0}
                      ; - (reexecute) java.util.ArrayList::add@14
                      ; - java.util.ArrayList::add@20
                      ; - org.springframework.core.annotation.AnnotationTypeMappings::addAllMappings@43 (line 83)
                      ; - org.springframework.core.annotation.AnnotationTypeMappings::<init>@29 (line 72)
  0x00007fd9e6467a14: e838 f2fe 

  0x00007fd9e6467a18: ;   {other}
  0x00007fd9e6467a18: 0f1f 8400 | 880d 0017 | bede ffff 

  0x00007fd9e6467a24: ;   {runtime_call UncommonTrapBlob}
  0x00007fd9e6467a24: ff66 90e8 

  0x00007fd9e6467a28: ; ImmutableOopMap {rbp=NarrowOop }
                      ;*invokeinterface forEach {reexecute=0 rethrow=0 return_oop=0}
                      ; - org.springframework.core.annotation.AnnotationTypeMappings::<init>@41 (line 73)
  0x00007fd9e6467a28: d438 f2fe 

  0x00007fd9e6467a2c: ;   {other}
  0x00007fd9e6467a2c: 0f1f 8400 | 9c0d 0018 | bede ffff | ff48 8944 | 2430 4489 

  0x00007fd9e6467a40: ;   {runtime_call UncommonTrapBlob}
  0x00007fd9e6467a40: 4424 38e8 

  0x00007fd9e6467a44: ; ImmutableOopMap {rbp=NarrowOop [0]=Oop [12]=NarrowOop [32]=Oop [44]=NarrowOop [48]=Oop }
                      ;*invokeinterface annotationType {reexecute=0 rethrow=0 return_oop=0}
                      ; - org.springframework.core.annotation.AnnotationsScanner::getDeclaredAnnotation@36 (line 432)
                      ; - org.springframework.core.annotation.AnnotationTypeMapping::validateAllAliasesClaimed@25 (line 443)
                      ; - org.springframework.core.annotation.AnnotationTypeMapping::afterAllMappingsSet@1 (line 433)
                      ; - org.springframework.core.annotation.AnnotationTypeMappings$$Lambda/0x00007fd99d1aba10::accept@4
                      ; - java.util.ArrayList::forEach@46
                      ; - org.springframework.core.annotation.AnnotationTypeMappings::<init>@41 (line 73)
  0x00007fd9e6467a44: b838 f2fe 

  0x00007fd9e6467a48: ;   {other}
  0x00007fd9e6467a48: 0f1f 8400 | b80d 0019 | bede ffff | ff48 8944 | 2430 4489 

  0x00007fd9e6467a5c: ;   {runtime_call UncommonTrapBlob}
  0x00007fd9e6467a5c: 4424 38e8 

  0x00007fd9e6467a60: ; ImmutableOopMap {rbp=NarrowOop [0]=Oop [12]=NarrowOop [32]=Oop [44]=NarrowOop [48]=Oop [64]=Oop }
                      ;*invokeinterface invoke {reexecute=0 rethrow=0 return_oop=0}
                      ; - jdk.proxy2.$Proxy46::annotationType@9
                      ; - org.springframework.core.annotation.AnnotationsScanner::getDeclaredAnnotation@36 (line 432)
                      ; - org.springframework.core.annotation.AnnotationTypeMapping::validateAllAliasesClaimed@25 (line 443)
                      ; - org.springframework.core.annotation.AnnotationTypeMapping::afterAllMappingsSet@1 (line 433)
                      ; - org.springframework.core.annotation.AnnotationTypeMappings$$Lambda/0x00007fd99d1aba10::accept@4
                      ; - java.util.ArrayList::forEach@46
                      ; - org.springframework.core.annotation.AnnotationTypeMappings::<init>@41 (line 73)
  0x00007fd9e6467a60: 9c38 f2fe 

  0x00007fd9e6467a64: ;   {other}
  0x00007fd9e6467a64: 0f1f 8400 | d40d 001a | bede ffff 

  0x00007fd9e6467a70: ;   {runtime_call UncommonTrapBlob}
  0x00007fd9e6467a70: ff66 90e8 

  0x00007fd9e6467a74: ; ImmutableOopMap {rbp=NarrowOop [0]=Oop [12]=NarrowOop [32]=Oop [44]=NarrowOop [64]=Oop }
                      ;*invokeinterface contains {reexecute=0 rethrow=0 return_oop=0}
                      ; - org.springframework.core.annotation.AnnotationTypeMapping::validateAllAliasesClaimed@41 (line 444)
                      ; - org.springframework.core.annotation.AnnotationTypeMapping::afterAllMappingsSet@1 (line 433)
                      ; - org.springframework.core.annotation.AnnotationTypeMappings$$Lambda/0x00007fd99d1aba10::accept@4
                      ; - java.util.ArrayList::forEach@46
                      ; - org.springframework.core.annotation.AnnotationTypeMappings::<init>@41 (line 73)
  0x00007fd9e6467a74: 8838 f2fe 

  0x00007fd9e6467a78: ;   {other}
  0x00007fd9e6467a78: 0f1f 8400 | e80d 001b | be45 ffff | ff8b eb44 

  0x00007fd9e6467a88: ;   {runtime_call UncommonTrapBlob}
  0x00007fd9e6467a88: 890c 24e8 

  0x00007fd9e6467a8c: ; ImmutableOopMap {}
                      ;*if_icmpeq {reexecute=1 rethrow=0 return_oop=0}
                      ; - (reexecute) java.util.ArrayList::forEach@62
                      ; - org.springframework.core.annotation.AnnotationTypeMappings::<init>@41 (line 73)
  0x00007fd9e6467a8c: 7038 f2fe 

  0x00007fd9e6467a90: ;   {other}
  0x00007fd9e6467a90: 0f1f 8400 | 000e 001c | bee4 ffff | ff4c 8914 | 2444 894c | 2408 4489 | 5c24 0c89 | 4c24 1044 
  0x00007fd9e6467ab0: 8944 2414 | 4889 5424 | 2089 5c24 

  0x00007fd9e6467abc: ;   {runtime_call UncommonTrapBlob}
  0x00007fd9e6467abc: 2c66 90e8 

  0x00007fd9e6467ac0: ; ImmutableOopMap {rbp=NarrowOop [0]=Oop [12]=NarrowOop [32]=Oop }
                      ;*aaload {reexecute=0 rethrow=0 return_oop=0}
                      ; - org.springframework.core.annotation.AnnotationTypeMapping$MirrorSets::get@5 (line 727)
                      ; - org.springframework.core.annotation.AnnotationTypeMapping::afterAllMappingsSet@23 (line 435)
                      ; - org.springframework.core.annotation.AnnotationTypeMappings$$Lambda/0x00007fd99d1aba10::accept@4
                      ; - java.util.ArrayList::forEach@46
                      ; - org.springframework.core.annotation.AnnotationTypeMappings::<init>@41 (line 73)
  0x00007fd9e6467ac0: 3c38 f2fe 

  0x00007fd9e6467ac4: ;   {other}
  0x00007fd9e6467ac4: 0f1f 8400 | 340e 001d | be45 ffff | ff48 8944 | 2430 4489 

  0x00007fd9e6467ad8: ;   {runtime_call UncommonTrapBlob}
  0x00007fd9e6467ad8: 4424 38e8 

  0x00007fd9e6467adc: ; ImmutableOopMap {rbp=NarrowOop [0]=Oop [12]=NarrowOop [32]=Oop [44]=NarrowOop [48]=Oop }
                      ;*if_acmpne {reexecute=1 rethrow=0 return_oop=0}
                      ; - (reexecute) org.springframework.core.annotation.AnnotationsScanner::getDeclaredAnnotation@41 (line 432)
                      ; - org.springframework.core.annotation.AnnotationTypeMapping::validateAllAliasesClaimed@25 (line 443)
                      ; - org.springframework.core.annotation.AnnotationTypeMapping::afterAllMappingsSet@1 (line 433)
                      ; - org.springframework.core.annotation.AnnotationTypeMappings$$Lambda/0x00007fd99d1aba10::accept@4
                      ; - java.util.ArrayList::forEach@46
                      ; - org.springframework.core.annotation.AnnotationTypeMappings::<init>@41 (line 73)
  0x00007fd9e6467adc: 2038 f2fe 

  0x00007fd9e6467ae0: ;   {other}
  0x00007fd9e6467ae0: 0f1f 8400 | 500e 001e | 4863 cae9 | 62f7 ffff | bef6 ffff | ff8b 6c24 

  0x00007fd9e6467af8: ;   {runtime_call UncommonTrapBlob}
  0x00007fd9e6467af8: 2066 90e8 

  0x00007fd9e6467afc: ; ImmutableOopMap {[8]=Oop }
                      ;*aastore {reexecute=1 rethrow=0 return_oop=0}
                      ; - (reexecute) java.util.ArrayList::add@14
                      ; - java.util.ArrayList::add@20
                      ; - org.springframework.core.annotation.AnnotationTypeMappings::addAllMappings@43 (line 83)
                      ; - org.springframework.core.annotation.AnnotationTypeMappings::<init>@29 (line 72)
  0x00007fd9e6467afc: 0038 f2fe 

  0x00007fd9e6467b00: ;   {other}
  0x00007fd9e6467b00: 0f1f 8400 | 700e 001f | be3d ffff | ff48 ff74 | 2418 488f | 0424 48ff | 7424 2848 | 8f44 2410 
  0x00007fd9e6467b20: 4c89 5c24 | 2844 8954 | 2430 4c89 | 4c24 3889 | 4424 3489 

  0x00007fd9e6467b34: ;   {runtime_call UncommonTrapBlob}
  0x00007fd9e6467b34: 5424 44e8 

  0x00007fd9e6467b38: ; ImmutableOopMap {[0]=Oop [16]=Oop [40]=Oop [56]=Oop }
                      ;*if_icmpge {reexecute=1 rethrow=0 return_oop=0}
                      ; - (reexecute) jdk.internal.util.ArraysSupport::newLength@10
                      ; - java.util.ArrayList::grow@27
                      ; - java.util.ArrayList::grow@7
                      ; - java.util.ArrayList::add@7
                      ; - java.util.ArrayList::add@20
                      ; - org.springframework.core.annotation.AnnotationTypeMappings::addAllMappings@43 (line 83)
                      ; - org.springframework.core.annotation.AnnotationTypeMappings::<init>@29 (line 72)
  0x00007fd9e6467b38: c437 f2fe 

  0x00007fd9e6467b3c: ;   {other}
  0x00007fd9e6467b3c: 0f1f 8400 | ac0e 0020 | bede ffff | ff49 8bea | 4489 0c24 | 4489 5c24 | 0489 4c24 | 0844 8944 
  0x00007fd9e6467b5c: 240c 897c 

  0x00007fd9e6467b60: ;   {runtime_call UncommonTrapBlob}
  0x00007fd9e6467b60: 2410 90e8 

  0x00007fd9e6467b64: ; ImmutableOopMap {rbp=Oop [4]=NarrowOop [16]=NarrowOop }
                      ;*checkcast {reexecute=0 rethrow=0 return_oop=0}
                      ; - org.springframework.core.annotation.AnnotationTypeMappings$$Lambda/0x00007fd99d1aba10::accept@1
                      ; - java.util.ArrayList::forEach@46
                      ; - org.springframework.core.annotation.AnnotationTypeMappings::<init>@41 (line 73)
  0x00007fd9e6467b64: 9837 f2fe 

  0x00007fd9e6467b68: ;   {other}
  0x00007fd9e6467b68: 0f1f 8400 | d80e 0021 | bede ffff | ff89 7c24 

  0x00007fd9e6467b78: ;   {runtime_call UncommonTrapBlob}
  0x00007fd9e6467b78: 1066 90e8 

  0x00007fd9e6467b7c: ; ImmutableOopMap {[16]=NarrowOop [24]=Oop [40]=Oop }
                      ;*checkcast {reexecute=0 rethrow=0 return_oop=0}
                      ; - org.springframework.core.annotation.AnnotationTypeMappings::addAllMappings@32 (line 82)
                      ; - org.springframework.core.annotation.AnnotationTypeMappings::<init>@29 (line 72)
  0x00007fd9e6467b7c: 8037 f2fe 

  0x00007fd9e6467b80: ;   {other}
  0x00007fd9e6467b80: 0f1f 8400 | f00e 0022 | bef6 ffff | ff41 8be8 

  0x00007fd9e6467b90: ;   {runtime_call UncommonTrapBlob}
  0x00007fd9e6467b90: 6666 90e8 

  0x00007fd9e6467b94: ; ImmutableOopMap {}
                      ;*aaload {reexecute=0 rethrow=0 return_oop=0}
                      ; - java.util.ArrayList::elementAt@2
                      ; - java.util.ArrayList::forEach@43
                      ; - org.springframework.core.annotation.AnnotationTypeMappings::<init>@41 (line 73)
  0x00007fd9e6467b94: 6837 f2fe 

  0x00007fd9e6467b98: ;   {other}
  0x00007fd9e6467b98: 0f1f 8400 | 080f 0023 | bef4 ffff | ff49 8bea | 4489 0c24 | 4489 5c24 | 0489 4c24 | 0844 8944 
  0x00007fd9e6467bb8: ;   {runtime_call UncommonTrapBlob}
  0x00007fd9e6467bb8: 240c 90e8 

  0x00007fd9e6467bbc: ; ImmutableOopMap {rbp=Oop [4]=NarrowOop }
                      ;*checkcast {reexecute=0 rethrow=0 return_oop=0}
                      ; - org.springframework.core.annotation.AnnotationTypeMappings$$Lambda/0x00007fd99d1aba10::accept@1
                      ; - java.util.ArrayList::forEach@46
                      ; - org.springframework.core.annotation.AnnotationTypeMappings::<init>@41 (line 73)
  0x00007fd9e6467bbc: 4037 f2fe 

  0x00007fd9e6467bc0: ;   {other}
  0x00007fd9e6467bc0: 0f1f 8400 | 300f 0024 | bef6 ffff 

  0x00007fd9e6467bcc: ;   {runtime_call UncommonTrapBlob}
  0x00007fd9e6467bcc: ff66 90e8 

  0x00007fd9e6467bd0: ; ImmutableOopMap {}
                      ;*invokevirtual size {reexecute=0 rethrow=0 return_oop=0}
                      ; - org.springframework.core.annotation.AnnotationTypeMapping::validateAllAliasesClaimed@7 (line 441)
                      ; - org.springframework.core.annotation.AnnotationTypeMapping::afterAllMappingsSet@1 (line 433)
                      ; - org.springframework.core.annotation.AnnotationTypeMappings$$Lambda/0x00007fd99d1aba10::accept@4
                      ; - java.util.ArrayList::forEach@46
                      ; - org.springframework.core.annotation.AnnotationTypeMappings::<init>@41 (line 73)
  0x00007fd9e6467bd0: 2c37 f2fe 

  0x00007fd9e6467bd4: ;   {other}
  0x00007fd9e6467bd4: 0f1f 8400 | 440f 0025 | bef6 ffff 

  0x00007fd9e6467be0: ;   {runtime_call UncommonTrapBlob}
  0x00007fd9e6467be0: ff66 90e8 

  0x00007fd9e6467be4: ; ImmutableOopMap {}
                      ;*arraylength {reexecute=0 rethrow=0 return_oop=0}
                      ; - org.springframework.core.annotation.AttributeMethods::size@4 (line 221)
                      ; - org.springframework.core.annotation.AnnotationTypeMapping::validateAllAliasesClaimed@7 (line 441)
                      ; - org.springframework.core.annotation.AnnotationTypeMapping::afterAllMappingsSet@1 (line 433)
                      ; - org.springframework.core.annotation.AnnotationTypeMappings$$Lambda/0x00007fd99d1aba10::accept@4
                      ; - java.util.ArrayList::forEach@46
                      ; - org.springframework.core.annotation.AnnotationTypeMappings::<init>@41 (line 73)
  0x00007fd9e6467be4: 1837 f2fe 

  0x00007fd9e6467be8: ;   {other}
  0x00007fd9e6467be8: 0f1f 8400 | 580f 0026 | bef6 ffff 

  0x00007fd9e6467bf4: ;   {runtime_call UncommonTrapBlob}
  0x00007fd9e6467bf4: ff66 90e8 

  0x00007fd9e6467bf8: ; ImmutableOopMap {}
                      ;*invokevirtual size {reexecute=0 rethrow=0 return_oop=0}
                      ; - org.springframework.core.annotation.AnnotationTypeMapping::afterAllMappingsSet@11 (line 434)
                      ; - org.springframework.core.annotation.AnnotationTypeMappings$$Lambda/0x00007fd99d1aba10::accept@4
                      ; - java.util.ArrayList::forEach@46
                      ; - org.springframework.core.annotation.AnnotationTypeMappings::<init>@41 (line 73)
  0x00007fd9e6467bf8: 0437 f2fe 

  0x00007fd9e6467bfc: ;   {other}
  0x00007fd9e6467bfc: 0f1f 8400 | 6c0f 0027 | bef6 ffff 

  0x00007fd9e6467c08: ;   {runtime_call UncommonTrapBlob}
  0x00007fd9e6467c08: ff66 90e8 

  0x00007fd9e6467c0c: ; ImmutableOopMap {}
                      ;*arraylength {reexecute=0 rethrow=0 return_oop=0}
                      ; - org.springframework.core.annotation.AnnotationTypeMapping$MirrorSets::size@4 (line 723)
                      ; - org.springframework.core.annotation.AnnotationTypeMapping::afterAllMappingsSet@11 (line 434)
                      ; - org.springframework.core.annotation.AnnotationTypeMappings$$Lambda/0x00007fd99d1aba10::accept@4
                      ; - java.util.ArrayList::forEach@46
                      ; - org.springframework.core.annotation.AnnotationTypeMappings::<init>@41 (line 73)
  0x00007fd9e6467c0c: f036 f2fe 

  0x00007fd9e6467c10: ;   {other}
  0x00007fd9e6467c10: 0f1f 8400 | 800f 0028 | bef6 ffff 

  0x00007fd9e6467c1c: ;   {runtime_call UncommonTrapBlob}
  0x00007fd9e6467c1c: ff66 90e8 

  0x00007fd9e6467c20: ; ImmutableOopMap {}
                      ;*invokeinterface clear {reexecute=0 rethrow=0 return_oop=0}
                      ; - org.springframework.core.annotation.AnnotationTypeMapping::afterAllMappingsSet@39 (line 437)
                      ; - org.springframework.core.annotation.AnnotationTypeMappings$$Lambda/0x00007fd99d1aba10::accept@4
                      ; - java.util.ArrayList::forEach@46
                      ; - org.springframework.core.annotation.AnnotationTypeMappings::<init>@41 (line 73)
  0x00007fd9e6467c20: dc36 f2fe 

  0x00007fd9e6467c24: ;   {other}
  0x00007fd9e6467c24: 0f1f 8400 | 940f 0029 | bef6 ffff 

  0x00007fd9e6467c30: ;   {runtime_call UncommonTrapBlob}
  0x00007fd9e6467c30: ff8b ebe8 

  0x00007fd9e6467c34: ; ImmutableOopMap {}
                      ;*invokevirtual get {reexecute=0 rethrow=0 return_oop=0}
                      ; - org.springframework.core.annotation.AnnotationTypeMapping::validateAllAliasesClaimed@18 (line 442)
                      ; - org.springframework.core.annotation.AnnotationTypeMapping::afterAllMappingsSet@1 (line 433)
                      ; - org.springframework.core.annotation.AnnotationTypeMappings$$Lambda/0x00007fd99d1aba10::accept@4
                      ; - java.util.ArrayList::forEach@46
                      ; - org.springframework.core.annotation.AnnotationTypeMappings::<init>@41 (line 73)
  0x00007fd9e6467c34: c836 f2fe 

  0x00007fd9e6467c38: ;   {other}
  0x00007fd9e6467c38: 0f1f 8400 | a80f 002a | bef6 ffff 

  0x00007fd9e6467c44: ;   {runtime_call UncommonTrapBlob}
  0x00007fd9e6467c44: ff8b ebe8 

  0x00007fd9e6467c48: ; ImmutableOopMap {}
                      ;*aaload {reexecute=0 rethrow=0 return_oop=0}
                      ; - org.springframework.core.annotation.AttributeMethods::get@5 (line 172)
                      ; - org.springframework.core.annotation.AnnotationTypeMapping::validateAllAliasesClaimed@18 (line 442)
                      ; - org.springframework.core.annotation.AnnotationTypeMapping::afterAllMappingsSet@1 (line 433)
                      ; - org.springframework.core.annotation.AnnotationTypeMappings$$Lambda/0x00007fd99d1aba10::accept@4
                      ; - java.util.ArrayList::forEach@46
                      ; - org.springframework.core.annotation.AnnotationTypeMappings::<init>@41 (line 73)
  0x00007fd9e6467c48: b436 f2fe 

  0x00007fd9e6467c4c: ;   {other}
  0x00007fd9e6467c4c: 0f1f 8400 | bc0f 002b | bef6 ffff 

  0x00007fd9e6467c58: ;   {runtime_call UncommonTrapBlob}
  0x00007fd9e6467c58: ff66 90e8 

  0x00007fd9e6467c5c: ; ImmutableOopMap {}
                      ;*arraylength {reexecute=0 rethrow=0 return_oop=0}
                      ; - org.springframework.core.annotation.AnnotationsScanner::getDeclaredAnnotation@9 (line 431)
                      ; - org.springframework.core.annotation.AnnotationTypeMapping::validateAllAliasesClaimed@25 (line 443)
                      ; - org.springframework.core.annotation.AnnotationTypeMapping::afterAllMappingsSet@1 (line 433)
                      ; - org.springframework.core.annotation.AnnotationTypeMappings$$Lambda/0x00007fd99d1aba10::accept@4
                      ; - java.util.ArrayList::forEach@46
                      ; - org.springframework.core.annotation.AnnotationTypeMappings::<init>@41 (line 73)
  0x00007fd9e6467c5c: a036 f2fe 

  0x00007fd9e6467c60: ;   {other}
  0x00007fd9e6467c60: 0f1f 8400 | d00f 002c | bef6 ffff 

  0x00007fd9e6467c6c: ;   {runtime_call UncommonTrapBlob}
  0x00007fd9e6467c6c: ff66 90e8 

  0x00007fd9e6467c70: ; ImmutableOopMap {}
                      ;*invokevirtual size {reexecute=0 rethrow=0 return_oop=0}
                      ; - org.springframework.core.annotation.AnnotationTypeMapping::validateAllAliasesClaimed@7 (line 441)
                      ; - org.springframework.core.annotation.AnnotationTypeMapping::afterAllMappingsSet@1 (line 433)
                      ; - org.springframework.core.annotation.AnnotationTypeMappings$$Lambda/0x00007fd99d1aba10::accept@4
                      ; - java.util.ArrayList::forEach@46
                      ; - org.springframework.core.annotation.AnnotationTypeMappings::<init>@41 (line 73)
  0x00007fd9e6467c70: 8c36 f2fe 

  0x00007fd9e6467c74: ;   {other}
  0x00007fd9e6467c74: 0f1f 8400 | e40f 002d | bef6 ffff 

  0x00007fd9e6467c80: ;   {runtime_call UncommonTrapBlob}
  0x00007fd9e6467c80: ff66 90e8 

  0x00007fd9e6467c84: ; ImmutableOopMap {}
                      ;*arraylength {reexecute=0 rethrow=0 return_oop=0}
                      ; - org.springframework.core.annotation.AttributeMethods::size@4 (line 221)
                      ; - org.springframework.core.annotation.AnnotationTypeMapping::validateAllAliasesClaimed@7 (line 441)
                      ; - org.springframework.core.annotation.AnnotationTypeMapping::afterAllMappingsSet@1 (line 433)
                      ; - org.springframework.core.annotation.AnnotationTypeMappings$$Lambda/0x00007fd99d1aba10::accept@4
                      ; - java.util.ArrayList::forEach@46
                      ; - org.springframework.core.annotation.AnnotationTypeMappings::<init>@41 (line 73)
  0x00007fd9e6467c84: 7836 f2fe 

  0x00007fd9e6467c88: ;   {other}
  0x00007fd9e6467c88: 0f1f 8400 | f80f 002e | bef6 ffff | ff41 8be9 

  0x00007fd9e6467c98: ;   {runtime_call UncommonTrapBlob}
  0x00007fd9e6467c98: 6666 90e8 

  0x00007fd9e6467c9c: ; ImmutableOopMap {}
                      ;*aaload {reexecute=0 rethrow=0 return_oop=0}
                      ; - java.util.ArrayDeque::elementAt@2
                      ; - java.util.ArrayDeque::pollFirst@12
                      ; - java.util.ArrayDeque::removeFirst@1
                      ; - org.springframework.core.annotation.AnnotationTypeMappings::addAllMappings@27 (line 82)
                      ; - org.springframework.core.annotation.AnnotationTypeMappings::<init>@29 (line 72)
  0x00007fd9e6467c9c: 6036 f2fe 

  0x00007fd9e6467ca0: ;   {other}
  0x00007fd9e6467ca0: 0f1f 8400 | 1010 002f | be45 ffff 

  0x00007fd9e6467cac: ;   {runtime_call UncommonTrapBlob}
  0x00007fd9e6467cac: ff66 90e8 

  0x00007fd9e6467cb0: ; ImmutableOopMap {[24]=Oop [40]=Oop }
                      ;*ifnonnull {reexecute=1 rethrow=0 return_oop=0}
                      ; - (reexecute) java.util.ArrayDeque::removeFirst@6
                      ; - org.springframework.core.annotation.AnnotationTypeMappings::addAllMappings@27 (line 82)
                      ; - org.springframework.core.annotation.AnnotationTypeMappings::<init>@29 (line 72)
  0x00007fd9e6467cb0: 4c36 f2fe 

  0x00007fd9e6467cb4: ;   {other}
  0x00007fd9e6467cb4: 0f1f 8400 | 2410 0030 | bef6 ffff | ff49 8beb 

  0x00007fd9e6467cc4: ;   {runtime_call UncommonTrapBlob}
  0x00007fd9e6467cc4: 6666 90e8 

  0x00007fd9e6467cc8: ; ImmutableOopMap {rbp=Oop }
                      ;*invokeinterface add {reexecute=0 rethrow=0 return_oop=0}
                      ; - org.springframework.core.annotation.AnnotationTypeMappings::addAllMappings@43 (line 83)
                      ; - org.springframework.core.annotation.AnnotationTypeMappings::<init>@29 (line 72)
  0x00007fd9e6467cc8: 3436 f2fe 

  0x00007fd9e6467ccc: ;   {other}
  0x00007fd9e6467ccc: 0f1f 8400 | 3c10 0031 | bef6 ffff 

  0x00007fd9e6467cd8: ;   {runtime_call UncommonTrapBlob}
  0x00007fd9e6467cd8: ff66 90e8 

  0x00007fd9e6467cdc: ; ImmutableOopMap {}
                      ;*arraylength {reexecute=0 rethrow=0 return_oop=0}
                      ; - java.util.ArrayList::add@2
                      ; - java.util.ArrayList::add@20
                      ; - org.springframework.core.annotation.AnnotationTypeMappings::addAllMappings@43 (line 83)
                      ; - org.springframework.core.annotation.AnnotationTypeMappings::<init>@29 (line 72)
  0x00007fd9e6467cdc: 2036 f2fe 

  0x00007fd9e6467ce0: ;   {other}
  0x00007fd9e6467ce0: 0f1f 8400 | 5010 0032 | bef6 ffff 

  0x00007fd9e6467cec: ;   {runtime_call UncommonTrapBlob}
  0x00007fd9e6467cec: ff66 90e8 

  0x00007fd9e6467cf0: ; ImmutableOopMap {}
                      ;*invokeinterface forEach {reexecute=0 rethrow=0 return_oop=0}
                      ; - org.springframework.core.annotation.AnnotationTypeMappings::<init>@41 (line 73)
  0x00007fd9e6467cf0: 0c36 f2fe 

  0x00007fd9e6467cf4: ;   {other}
  0x00007fd9e6467cf4: 0f1f 8400 | 6410 0033 | bef6 ffff | ff48 8b2c | 2444 8b5c | 2408 4489 | 1c24 448b | 5424 0c44 
  0x00007fd9e6467d14: 8954 2404 | 448b 5c24 | 1044 895c | 2408 448b | 5424 1444 | 8954 240c | 4c8b 5424 | 204c 8954 
  0x00007fd9e6467d34: 2418 448b | 5424 2844 | 8954 2420 | 448b 5c24 | 2c44 895c | 2424 4889 | 4424 2844 | 8944 2430 
  0x00007fd9e6467d54: ;   {runtime_call UncommonTrapBlob}
  0x00007fd9e6467d54: 6666 90e8 

  0x00007fd9e6467d58: ; ImmutableOopMap {rbp=Oop [4]=NarrowOop [24]=Oop [36]=NarrowOop [40]=Oop [64]=Oop }
                      ;*invokeinterface invoke {reexecute=0 rethrow=0 return_oop=0}
                      ; - jdk.proxy2.$Proxy46::annotationType@9
                      ; - org.springframework.core.annotation.AnnotationsScanner::getDeclaredAnnotation@36 (line 432)
                      ; - org.springframework.core.annotation.AnnotationTypeMapping::validateAllAliasesClaimed@25 (line 443)
                      ; - org.springframework.core.annotation.AnnotationTypeMapping::afterAllMappingsSet@1 (line 433)
                      ; - org.springframework.core.annotation.AnnotationTypeMappings$$Lambda/0x00007fd99d1aba10::accept@4
                      ; - java.util.ArrayList::forEach@46
                      ; - org.springframework.core.annotation.AnnotationTypeMappings::<init>@41 (line 73)
  0x00007fd9e6467d58: a435 f2fe 

  0x00007fd9e6467d5c: ;   {other}
  0x00007fd9e6467d5c: 0f1f 8400 | cc10 0034 | bef6 ffff | ff8b 6c24 

  0x00007fd9e6467d6c: ;   {runtime_call UncommonTrapBlob}
  0x00007fd9e6467d6c: 2c66 90e8 

  0x00007fd9e6467d70: ; ImmutableOopMap {rbp=NarrowOop }
                      ;*invokeinterface contains {reexecute=0 rethrow=0 return_oop=0}
                      ; - org.springframework.core.annotation.AnnotationTypeMapping::validateAllAliasesClaimed@41 (line 444)
                      ; - org.springframework.core.annotation.AnnotationTypeMapping::afterAllMappingsSet@1 (line 433)
                      ; - org.springframework.core.annotation.AnnotationTypeMappings$$Lambda/0x00007fd99d1aba10::accept@4
                      ; - java.util.ArrayList::forEach@46
                      ; - org.springframework.core.annotation.AnnotationTypeMappings::<init>@41 (line 73)
  0x00007fd9e6467d70: 8c35 f2fe 

  0x00007fd9e6467d74: ;   {other}
  0x00007fd9e6467d74: 0f1f 8400 | e410 0035 | bef6 ffff 

  0x00007fd9e6467d80: ;   {runtime_call UncommonTrapBlob}
  0x00007fd9e6467d80: ff8b ebe8 

  0x00007fd9e6467d84: ; ImmutableOopMap {}
                      ;*invokevirtual get {reexecute=0 rethrow=0 return_oop=0}
                      ; - org.springframework.core.annotation.AnnotationTypeMapping::afterAllMappingsSet@23 (line 435)
                      ; - org.springframework.core.annotation.AnnotationTypeMappings$$Lambda/0x00007fd99d1aba10::accept@4
                      ; - java.util.ArrayList::forEach@46
                      ; - org.springframework.core.annotation.AnnotationTypeMappings::<init>@41 (line 73)
  0x00007fd9e6467d84: 7835 f2fe 

  0x00007fd9e6467d88: ;   {other}
  0x00007fd9e6467d88: 0f1f 8400 | f810 0036 | bef6 ffff 

  0x00007fd9e6467d94: ;   {runtime_call UncommonTrapBlob}
  0x00007fd9e6467d94: ff8b ebe8 

  0x00007fd9e6467d98: ; ImmutableOopMap {}
                      ;*aaload {reexecute=0 rethrow=0 return_oop=0}
                      ; - org.springframework.core.annotation.AnnotationTypeMapping$MirrorSets::get@5 (line 727)
                      ; - org.springframework.core.annotation.AnnotationTypeMapping::afterAllMappingsSet@23 (line 435)
                      ; - org.springframework.core.annotation.AnnotationTypeMappings$$Lambda/0x00007fd99d1aba10::accept@4
                      ; - java.util.ArrayList::forEach@46
                      ; - org.springframework.core.annotation.AnnotationTypeMappings::<init>@41 (line 73)
  0x00007fd9e6467d98: 6435 f2fe 

  0x00007fd9e6467d9c: ;   {other}
  0x00007fd9e6467d9c: 0f1f 8400 | 0c11 0037 | bef6 ffff 

  0x00007fd9e6467da8: ;   {runtime_call UncommonTrapBlob}
  0x00007fd9e6467da8: ff66 90e8 

  0x00007fd9e6467dac: ; ImmutableOopMap {}
                      ;*invokevirtual size {reexecute=0 rethrow=0 return_oop=0}
                      ; - org.springframework.core.annotation.AnnotationTypeMapping::afterAllMappingsSet@11 (line 434)
                      ; - org.springframework.core.annotation.AnnotationTypeMappings$$Lambda/0x00007fd99d1aba10::accept@4
                      ; - java.util.ArrayList::forEach@46
                      ; - org.springframework.core.annotation.AnnotationTypeMappings::<init>@41 (line 73)
  0x00007fd9e6467dac: 5035 f2fe 

  0x00007fd9e6467db0: ;   {other}
  0x00007fd9e6467db0: 0f1f 8400 | 2011 0038 | bef6 ffff 

  0x00007fd9e6467dbc: ;   {runtime_call UncommonTrapBlob}
  0x00007fd9e6467dbc: ff66 90e8 

  0x00007fd9e6467dc0: ; ImmutableOopMap {}
                      ;*arraylength {reexecute=0 rethrow=0 return_oop=0}
                      ; - org.springframework.core.annotation.AnnotationTypeMapping$MirrorSets::size@4 (line 723)
                      ; - org.springframework.core.annotation.AnnotationTypeMapping::afterAllMappingsSet@11 (line 434)
                      ; - org.springframework.core.annotation.AnnotationTypeMappings$$Lambda/0x00007fd99d1aba10::accept@4
                      ; - java.util.ArrayList::forEach@46
                      ; - org.springframework.core.annotation.AnnotationTypeMappings::<init>@41 (line 73)
  0x00007fd9e6467dc0: 3c35 f2fe 

  0x00007fd9e6467dc4: ;   {other}
  0x00007fd9e6467dc4: 0f1f 8400 | 3411 0039 | be45 ffff | ff48 8944 | 2430 4489 

  0x00007fd9e6467dd8: ;   {runtime_call UncommonTrapBlob}
  0x00007fd9e6467dd8: 4424 38e8 

  0x00007fd9e6467ddc: ; ImmutableOopMap {rbp=NarrowOop [0]=Oop [12]=NarrowOop [32]=Oop [44]=NarrowOop [48]=Oop }
                      ;*ifnull {reexecute=1 rethrow=0 return_oop=0}
                      ; - (reexecute) org.springframework.core.annotation.AnnotationsScanner::getDeclaredAnnotation@30 (line 432)
                      ; - org.springframework.core.annotation.AnnotationTypeMapping::validateAllAliasesClaimed@25 (line 443)
                      ; - org.springframework.core.annotation.AnnotationTypeMapping::afterAllMappingsSet@1 (line 433)
                      ; - org.springframework.core.annotation.AnnotationTypeMappings$$Lambda/0x00007fd99d1aba10::accept@4
                      ; - java.util.ArrayList::forEach@46
                      ; - org.springframework.core.annotation.AnnotationTypeMappings::<init>@41 (line 73)
  0x00007fd9e6467ddc: 2035 f2fe 

  0x00007fd9e6467de0: ;   {other}
  0x00007fd9e6467de0: 0f1f 8400 | 5011 003a | eb11 488b | f0eb 16eb | 0aeb 08eb | 06eb 0beb | 09eb 0048 | 8bf0 eb05 
  0x00007fd9e6467e00: eb00 488b | f048 83c4 

  0x00007fd9e6467e08: ;   {runtime_call _rethrow_Java}
  0x00007fd9e6467e08: 605d e9f1 

  0x00007fd9e6467e0c: ;   {internal_word}
  0x00007fd9e6467e0c: b8fd fe49 | baa9 7546 | e6d9 7f00 | 004d 8997 | 6004 0000 

  0x00007fd9e6467e20: ;   {runtime_call SafepointBlob}
  0x00007fd9e6467e20: e9db 45f2 

  0x00007fd9e6467e24: ;   {runtime_call StubRoutines (final stubs)}
  0x00007fd9e6467e24: fee8 b681 | f0fe e98b | f1ff fff4 
[Stub Code]
  0x00007fd9e6467e30: ;   {no_reloc}
  0x00007fd9e6467e30: 48bb 0000 | 0000 0000 

  0x00007fd9e6467e38: ;   {runtime_call nmethod}
  0x00007fd9e6467e38: 0000 e9fb 

  0x00007fd9e6467e3c: ;   {static_stub}
  0x00007fd9e6467e3c: ffff ff48 | bb00 0000 | 0000 0000 

  0x00007fd9e6467e48: ;   {runtime_call nmethod}
  0x00007fd9e6467e48: 00e9 fbff 

  0x00007fd9e6467e4c: ;   {static_stub}
  0x00007fd9e6467e4c: ffff 48bb | 0000 0000 | 0000 0000 

  0x00007fd9e6467e58: ;   {runtime_call nmethod}
  0x00007fd9e6467e58: e9fb ffff 

  0x00007fd9e6467e5c: ;   {static_stub}
  0x00007fd9e6467e5c: ff48 bb00 | 0000 0000 

  0x00007fd9e6467e64: ;   {runtime_call nmethod}
  0x00007fd9e6467e64: 0000 00e9 | fbff ffff 

  0x00007fd9e6467e6c: ;   {static_stub}
  0x00007fd9e6467e6c: 48bb 0000 | 0000 0000 

  0x00007fd9e6467e74: ;   {runtime_call nmethod}
  0x00007fd9e6467e74: 0000 e9fb 

  0x00007fd9e6467e78: ;   {static_stub}
  0x00007fd9e6467e78: ffff ff48 | bb00 0000 | 0000 0000 

  0x00007fd9e6467e84: ;   {runtime_call nmethod}
  0x00007fd9e6467e84: 00e9 fbff 

  0x00007fd9e6467e88: ;   {runtime_call ExceptionBlob}
  0x00007fd9e6467e88: ffff e9f1 | cff3 fee8 | 0000 0000 | 4883 2c24 

  0x00007fd9e6467e98: ;   {runtime_call DeoptimizationBlob}
  0x00007fd9e6467e98: 05e9 0238 | f2fe f4f4 
[/MachCode]


Compiled method (c2) 1487872 15426       4       org.springframework.core.annotation.AnnotationTypeMappings$Cache$$Lambda/0x00007fd99d1afab8::apply (16 bytes)
 total in heap  [0x00007fd9e64a7010,0x00007fd9e64a74e0] = 1232
 relocation     [0x00007fd9e64a7168,0x00007fd9e64a71a8] = 64
 main code      [0x00007fd9e64a71c0,0x00007fd9e64a7368] = 424
 stub code      [0x00007fd9e64a7368,0x00007fd9e64a7390] = 40
 oops           [0x00007fd9e64a7390,0x00007fd9e64a7398] = 8
 metadata       [0x00007fd9e64a7398,0x00007fd9e64a73c0] = 40
 scopes data    [0x00007fd9e64a73c0,0x00007fd9e64a7420] = 96
 scopes pcs     [0x00007fd9e64a7420,0x00007fd9e64a7490] = 112
 dependencies   [0x00007fd9e64a7490,0x00007fd9e64a7498] = 8
 handler table  [0x00007fd9e64a7498,0x00007fd9e64a74c8] = 48
 nul chk table  [0x00007fd9e64a74c8,0x00007fd9e64a74e0] = 24

[Constant Pool (empty)]

[MachCode]
[Entry Point]
  # {method} {0x00007fd990bb6080} 'apply' '(Ljava/lang/Object;)Ljava/lang/Object;' in 'org/springframework/core/annotation/AnnotationTypeMappings$Cache$$Lambda+0x00007fd99d1afab8'
  # this:     rsi:rsi   = 'org/springframework/core/annotation/AnnotationTypeMappings$Cache$$Lambda+0x00007fd99d1afab8'
  # parm0:    rdx:rdx   = 'java/lang/Object'
  #           [sp+0x40]  (sp of caller)
  0x00007fd9e64a71c0: 448b 5608 | 49bb 0000 | 009c d97f | 0000 4d03 | d349 3bc2 

  0x00007fd9e64a71d4: ;   {runtime_call ic_miss_stub}
  0x00007fd9e64a71d4: 0f85 a6eb | edfe 6690 | 0f1f 4000 
[Verified Entry Point]
  0x00007fd9e64a71e0: 8984 2400 | c0fe ff55 | 4883 ec30 | 4181 7f20 | 0600 0000 | 0f85 5e01 | 0000 448b | 460c 448b 
  0x00007fd9e64a7200: 5610 448b 

  0x00007fd9e64a7204: ;   {metadata('java/lang/Class')}
  0x00007fd9e64a7204: 4a08 4181 | f950 6b00 | 000f 85c5 | 0000 0048 | 8bda 458b | 580c 498b | 87b8 0100 | 004c 8bc8 
  0x00007fd9e64a7224: 4983 c118 | 4d3b 8fc8 | 0100 0073 | 614d 898f | b801 0000 | 410f 0d89 | 0001 0000 | 48c7 0001 
  0x00007fd9e64a7244: ;   {metadata('org/springframework/core/annotation/AnnotationTypeMappings')}
  0x00007fd9e64a7244: 0000 00c7 | 4008 30eb | 1a01 4489 | 600c 4c89 | 6010 488b | e845 8b40 | 104d 8bca | 498b c849 
  0x00007fd9e64a7264: 8bd3 488b | f54c 8bc3 

  0x00007fd9e64a726c: ;   {optimized virtual_call}
  0x00007fd9e64a726c: 6666 90e8 

  0x00007fd9e64a7270: ; ImmutableOopMap {rbp=Oop }
                      ;*invokespecial <init> {reexecute=0 rethrow=0 return_oop=0}
                      ; - org.springframework.core.annotation.AnnotationTypeMappings$Cache::createMappings@14 (line 278)
                      ; - org.springframework.core.annotation.AnnotationTypeMappings$Cache::lambda$get$0@3 (line 273)
                      ; - org.springframework.core.annotation.AnnotationTypeMappings$Cache$$Lambda/0x00007fd99d1afab8::apply@12
  0x00007fd9e64a7270: 2cfd fbff 

  0x00007fd9e64a7274: ;   {other}
  0x00007fd9e64a7274: 0f1f 8400 | 6402 0000 | 488b c548 | 83c4 305d 

  0x00007fd9e64a7284: ;   {poll_return}
  0x00007fd9e64a7284: 493b a748 | 0400 000f | 87b1 0000 | 00c3 4489 | 5c24 1048 | 895c 2408 | 4489 5424 | 0449 8be8 
  0x00007fd9e64a72a4: 4489 0424 

  0x00007fd9e64a72a8: ;   {metadata('org/springframework/core/annotation/AnnotationTypeMappings')}
  0x00007fd9e64a72a8: 48be 30eb | 1a9d d97f 

  0x00007fd9e64a72b0: ;   {runtime_call _new_instance_Java}
  0x00007fd9e64a72b0: 0000 90e8 

  0x00007fd9e64a72b4: ; ImmutableOopMap {rbp=Oop [0]=NarrowOop [4]=NarrowOop [8]=Oop [16]=NarrowOop }
                      ;*new {reexecute=0 rethrow=0 return_oop=1}
                      ; - org.springframework.core.annotation.AnnotationTypeMappings$Cache::createMappings@0 (line 278)
                      ; - org.springframework.core.annotation.AnnotationTypeMappings$Cache::lambda$get$0@3 (line 273)
                      ; - org.springframework.core.annotation.AnnotationTypeMappings$Cache$$Lambda/0x00007fd99d1afab8::apply@12
  0x00007fd9e64a72b4: c8d8 effe 

  0x00007fd9e64a72b8: ;   {other}
  0x00007fd9e64a72b8: 0f1f 8400 | a802 0001 | 448b 0424 | 448b 5424 | 0448 8b5c | 2408 448b | 5c24 10e9 | 7eff ffff 
  0x00007fd9e64a72d8: bede ffff | ff41 8be8 | 4489 1424 | 4889 5424 

  0x00007fd9e64a72e8: ;   {runtime_call UncommonTrapBlob}
  0x00007fd9e64a72e8: 0866 90e8 

  0x00007fd9e64a72ec: ; ImmutableOopMap {rbp=NarrowOop [0]=NarrowOop [8]=Oop }
                      ;*checkcast {reexecute=0 rethrow=0 return_oop=0}
                      ; - org.springframework.core.annotation.AnnotationTypeMappings$Cache$$Lambda/0x00007fd99d1afab8::apply@9
  0x00007fd9e64a72ec: 1040 eefe 

  0x00007fd9e64a72f0: ;   {other}
  0x00007fd9e64a72f0: 0f1f 8400 | e002 0002 | bef4 ffff | ff41 8be8 | 4489 1424 

  0x00007fd9e64a7304: ;   {runtime_call UncommonTrapBlob}
  0x00007fd9e64a7304: 6666 90e8 

  0x00007fd9e64a7308: ; ImmutableOopMap {rbp=NarrowOop [0]=NarrowOop }
                      ;*checkcast {reexecute=0 rethrow=0 return_oop=0}
                      ; - org.springframework.core.annotation.AnnotationTypeMappings$Cache$$Lambda/0x00007fd99d1afab8::apply@9
  0x00007fd9e64a7308: f43f eefe 

  0x00007fd9e64a730c: ;   {other}
  0x00007fd9e64a730c: 0f1f 8400 | fc02 0003 | bef6 ffff | ff41 8bea | 4889 1c24 

  0x00007fd9e64a7320: ;   {runtime_call UncommonTrapBlob}
  0x00007fd9e64a7320: 6666 90e8 

  0x00007fd9e64a7324: ; ImmutableOopMap {rbp=NarrowOop [0]=Oop }
                      ;*invokevirtual lambda$get$0 {reexecute=0 rethrow=0 return_oop=0}
                      ; - org.springframework.core.annotation.AnnotationTypeMappings$Cache$$Lambda/0x00007fd99d1afab8::apply@12
  0x00007fd9e64a7324: d83f eefe 

  0x00007fd9e64a7328: ;   {other}
  0x00007fd9e64a7328: 0f1f 8400 | 1803 0004 | 488b f0eb | 0348 8bf0 | 4883 c430 

  0x00007fd9e64a733c: ;   {runtime_call _rethrow_Java}
  0x00007fd9e64a733c: 5de9 bec3 

  0x00007fd9e64a7340: ;   {internal_word}
  0x00007fd9e64a7340: f9fe 49ba | 8472 4ae6 | d97f 0000 | 4d89 9760 

  0x00007fd9e64a7350: ;   {runtime_call SafepointBlob}
  0x00007fd9e64a7350: 0400 00e9 | a850 eefe 

  0x00007fd9e64a7358: ;   {runtime_call StubRoutines (final stubs)}
  0x00007fd9e64a7358: e883 8cec | fee9 98fe | ffff f4f4 | f4f4 f4f4 
[Stub Code]
  0x00007fd9e64a7368: ;   {no_reloc}
  0x00007fd9e64a7368: 48bb 0000 | 0000 0000 

  0x00007fd9e64a7370: ;   {runtime_call nmethod}
  0x00007fd9e64a7370: 0000 e9fb 

  0x00007fd9e64a7374: ;   {runtime_call ExceptionBlob}
  0x00007fd9e64a7374: ffff ffe9 | 04db effe 
[Deopt Handler Code]
  0x00007fd9e64a737c: e800 0000 | 0048 832c 

  0x00007fd9e64a7384: ;   {runtime_call DeoptimizationBlob}
  0x00007fd9e64a7384: 2405 e915 | 43ee fef4 | f4f4 f4f4 
[/MachCode]


---------------  P R O C E S S  ---------------

Threads class SMR info:
_java_thread_list=0x00007fd9787b17d0, length=41, elements={
0x00007fd9f002c160, 0x00007fd9f0074110, 0x00007fd9f0075640, 0x00007fd9f0076d90,
0x00007fd9f0078390, 0x00007fd9f00798f0, 0x00007fd9f007b3f0, 0x00007fd9f007ca70,
0x00007fd9f00884e0, 0x00007fd9f008af90, 0x00007fd9f03575b0, 0x00007fd9f0340030,
0x00007fd9f038be70, 0x00007fd9f03905d0, 0x00007fd9f0397920, 0x00007fd9f0398ee0,
0x00007fd9f03bf880, 0x00007fd988002510, 0x00007fd9805794e0, 0x00007fd98c002ec0,
0x00007fd9f03c2bd0, 0x00007fd9805b8720, 0x00007fd980980bb0, 0x00007fd980a5d240,
0x00007fd980a6b440, 0x00007fd980c9ad80, 0x00007fd98c005fe0, 0x00007fd9815eb940,
0x00007fd981659c10, 0x00007fd981668ed0, 0x00007fd98167f5e0, 0x00007fd9816fa4b0,
0x00007fd9782512d0, 0x00007fd9818a86e0, 0x00007fd9818ace80, 0x00007fd9818ad800,
0x00007fd9818af040, 0x00007fd98c0c6610, 0x00007fd98d02a9f0, 0x00007fd998068080,
0x00007fd98d00f1e0
}
_to_delete_list=0x00007fd9787b1950, length=42, elements={
0x00007fd9f002c160, 0x00007fd9f0074110, 0x00007fd9f0075640, 0x00007fd9f0076d90,
0x00007fd9f0078390, 0x00007fd9f00798f0, 0x00007fd9f007b3f0, 0x00007fd9f007ca70,
0x00007fd9f00884e0, 0x00007fd9f008af90, 0x00007fd9f03575b0, 0x00007fd9f0340030,
0x00007fd9f038be70, 0x00007fd9f03905d0, 0x00007fd9f0397920, 0x00007fd9f0398ee0,
0x00007fd9f03bf880, 0x00007fd988002510, 0x00007fd9805794e0, 0x00007fd98c002ec0,
0x00007fd9f03c2bd0, 0x00007fd9805b8720, 0x00007fd980980bb0, 0x00007fd980a5d240,
0x00007fd980a6b440, 0x00007fd980c9ad80, 0x00007fd98c005fe0, 0x00007fd9815eb940,
0x00007fd981659c10, 0x00007fd981668ed0, 0x00007fd98167f5e0, 0x00007fd9816fa4b0,
0x00007fd9782512d0, 0x00007fd9818a86e0, 0x00007fd9818ace80, 0x00007fd9818ad800,
0x00007fd9818af040, 0x00007fd98c0c6610, 0x00007fd98d02a9f0, 0x00007fd998068080,
0x00007fd98d00f1e0, 0x00007fd9787b0e40
}

Java Threads: ( => current thread )
  0x00007fd9f002c160 JavaThread "main"                              [_thread_blocked, id=1799, stack(0x00007fd9f6f00000,0x00007fd9f7000000) (1024K)]
  0x00007fd9f0074110 JavaThread "Reference Handler"          daemon [_thread_blocked, id=1802, stack(0x00007fd9f6100000,0x00007fd9f6200000) (1024K)]
  0x00007fd9f0075640 JavaThread "Finalizer"                  daemon [_thread_blocked, id=1803, stack(0x00007fd9f5fff000,0x00007fd9f60ff000) (1024K)]
  0x00007fd9f0076d90 JavaThread "Signal Dispatcher"          daemon [_thread_blocked, id=1804, stack(0x00007fd9f5efe000,0x00007fd9f5ffe000) (1024K)]
  0x00007fd9f0078390 JavaThread "Service Thread"             daemon [_thread_blocked, id=1805, stack(0x00007fd9f5dfd000,0x00007fd9f5efd000) (1024K)]
  0x00007fd9f00798f0 JavaThread "Monitor Deflation Thread"   daemon [_thread_blocked, id=1806, stack(0x00007fd9f5cfc000,0x00007fd9f5dfc000) (1024K)]
  0x00007fd9f007b3f0 JavaThread "C2 CompilerThread0"         daemon [_thread_blocked, id=1807, stack(0x00007fd9f5bfb000,0x00007fd9f5cfb000) (1024K)]
  0x00007fd9f007ca70 JavaThread "C1 CompilerThread0"         daemon [_thread_blocked, id=1808, stack(0x00007fd9f5afa000,0x00007fd9f5bfa000) (1024K)]
  0x00007fd9f00884e0 JavaThread "Notification Thread"        daemon [_thread_blocked, id=1809, stack(0x00007fd9f59f9000,0x00007fd9f5af9000) (1024K)]
  0x00007fd9f008af90 JavaThread "Common-Cleaner"             daemon [_thread_blocked, id=1810, stack(0x00007fd9f58f8000,0x00007fd9f59f8000) (1024K)]
  0x00007fd9f03575b0 JavaThread "Server message writer"             [_thread_blocked, id=1813, stack(0x00007fd9f57f7000,0x00007fd9f58f7000) (1024K)]
  0x00007fd9f0340030 JavaThread "Server message writer"             [_thread_blocked, id=1814, stack(0x00007fd9f56f6000,0x00007fd9f57f6000) (1024K)]
  0x00007fd9f038be70 JavaThread "Server message reader"             [_thread_blocked, id=1815, stack(0x00007fd9f55f5000,0x00007fd9f56f5000) (1024K)]
  0x00007fd9f03905d0 JavaThread "Client message writer"             [_thread_blocked, id=1816, stack(0x00007fd9f54f4000,0x00007fd9f55f4000) (1024K)]
  0x00007fd9f0397920 JavaThread "Client message writer"             [_thread_blocked, id=1817, stack(0x00007fd9f53f3000,0x00007fd9f54f3000) (1024K)]
  0x00007fd9f0398ee0 JavaThread "Client message reader"             [_thread_blocked, id=1818, stack(0x00007fd9f52f2000,0x00007fd9f53f2000) (1024K)]
  0x00007fd9f03bf880 JavaThread "SonarQube for VS Code LSP message processor"        [_thread_in_native, id=1819, stack(0x00007fd9f51f1000,0x00007fd9f52f1000) (1024K)]
  0x00007fd988002510 JavaThread "SonarLint Server RPC sequential executor"        [_thread_blocked, id=1821, stack(0x00007fd9f4fef000,0x00007fd9f50ef000) (1024K)]
  0x00007fd9805794e0 JavaThread "httpclient-main-1"          daemon [_thread_blocked, id=1827, stack(0x00007fd9f4eee000,0x00007fd9f4fee000) (1024K)]
  0x00007fd98c002ec0 JavaThread "httpclient-dispatch-1"      daemon [_thread_in_native, id=1828, stack(0x00007fd9f4ded000,0x00007fd9f4eed000) (1024K)]
  0x00007fd9f03c2bd0 JavaThread "SonarLint Client RPC sequential executor"        [_thread_blocked, id=1829, stack(0x00007fd9f4cec000,0x00007fd9f4dec000) (1024K)]
  0x00007fd9805b8720 JavaThread "SentryExecutorServiceThreadFactory-0" daemon [_thread_blocked, id=1830, stack(0x00007fd9f4beb000,0x00007fd9f4ceb000) (1024K)]
  0x00007fd980980bb0 JavaThread "H2 File Lock Watchdog /home/user/.sonarlint/storage/h2/sq-ide.lock.db" daemon [_thread_blocked, id=1832, stack(0x00007fd9f4aea000,0x00007fd9f4bea000) (1024K)]
  0x00007fd980a5d240 JavaThread "H2 TCP Server (tcp://localhost:35185)" daemon [_thread_in_native, id=1837, stack(0x00007fd9f49e9000,0x00007fd9f4ae9000) (1024K)]
  0x00007fd980a6b440 JavaThread "MVStore background writer /home/user/.sonarlint/storage/h2/sq-ide.mv.db" daemon [_thread_blocked, id=1839, stack(0x00007fd9f48e8000,0x00007fd9f49e8000) (1024K)]
  0x00007fd980c9ad80 JavaThread "H2-serialization"           daemon [_thread_blocked, id=1840, stack(0x00007fd9f47e7000,0x00007fd9f48e7000) (1024K)]
  0x00007fd98c005fe0 JavaThread "H2-save"                    daemon [_thread_blocked, id=1841, stack(0x00007fd9f46e6000,0x00007fd9f47e6000) (1024K)]
  0x00007fd9815eb940 JavaThread "SonarLint Telemetry"               [_thread_blocked, id=1842, stack(0x00007fd9f45e5000,0x00007fd9f46e5000) (1024K)]
  0x00007fd981659c10 JavaThread "HTTP-listener-64120-1"             [_thread_in_native, id=1843, stack(0x00007fd9f44e4000,0x00007fd9f45e4000) (1024K)]
  0x00007fd981668ed0 JavaThread "SonarLint Local Storage Synchronizer"        [_thread_blocked, id=1844, stack(0x00007fd9f43e3000,0x00007fd9f44e3000) (1024K)]
  0x00007fd98167f5e0 JavaThread "Smart Notifications Polling"        [_thread_blocked, id=1845, stack(0x00007fd9f42e2000,0x00007fd9f43e2000) (1024K)]
  0x00007fd9816fa4b0 JavaThread "sonarlint-filesystem"              [_thread_blocked, id=1848, stack(0x00007fd9f40e0000,0x00007fd9f41e0000) (1024K)]
  0x00007fd9782512d0 JavaThread "SonarQube for VS Code branch change event handler"        [_thread_blocked, id=1852, stack(0x00007fd9f50f0000,0x00007fd9f51f0000) (1024K)]
=>0x00007fd9818a86e0 JavaThread "sonarlint-analysis-scheduler"        [_thread_in_Java, id=1861, stack(0x00007fd9dd9fd000,0x00007fd9ddafd000) (1024K)]
  0x00007fd9818ace80 JavaThread "sonarlint-websocket-subscriber"        [_thread_blocked, id=1862, stack(0x00007fd9ddbff000,0x00007fd9ddcff000) (1024K)]
  0x00007fd9818ad800 JavaThread "sonarlint-server-sent-events-subscriber"        [_thread_blocked, id=1863, stack(0x00007fd9dd8fc000,0x00007fd9dd9fc000) (1024K)]
  0x00007fd9818af040 JavaThread "sonarlint-branch-matcher"          [_thread_blocked, id=1865, stack(0x00007fd9dd6fa000,0x00007fd9dd7fa000) (1024K)]
  0x00007fd98c0c6610 JavaThread "sonarlint-file-exclusions"         [_thread_blocked, id=1904, stack(0x00007fd9dd5f9000,0x00007fd9dd6f9000) (1024K)]
  0x00007fd98d02a9f0 JavaThread "sonarlint-path-translation"        [_thread_blocked, id=1964, stack(0x00007fd9dd4f8000,0x00007fd9dd5f8000) (1024K)]
  0x00007fd998068080 JavaThread "SonarLint Client RPC request executor"        [_thread_blocked, id=3085, stack(0x00007fd9ddd00000,0x00007fd9dde00000) (1024K)]
  0x00007fd98d00f1e0 JavaThread "process reaper"             daemon [_thread_blocked, id=3087, stack(0x00007fd9f655e000,0x00007fd9f6580000) (136K)]
Total: 41

Other Threads:
  0x00007fd9f006b040 VMThread "VM Thread"                           [id=1801, stack(0x00007fd9f65d2000,0x00007fd9f66d2000) (1024K)]
  0x00007fd9f005a1d0 WatcherThread "VM Periodic Task Thread"        [id=1800, stack(0x00007fd9f66d3000,0x00007fd9f67d3000) (1024K)]
Total: 2

Threads with active compile tasks:
Total: 0

VM state: not at safepoint (normal execution)

VM Mutex/Monitor currently owned by a thread: None

Heap address: 0x00000000b4e00000, size: 1202 MB, Compressed Oops mode: 32-bit

CDS archive(s) mapped at: [0x00007fd99c000000-0x00007fd99cbbe000-0x00007fd99cbbe000), size 12312576, SharedBaseAddress: 0x00007fd99c000000, ArchiveRelocationMode: 1.
Compressed class space mapped at: 0x00007fd99d000000-0x00007fd9dd000000, reserved size: 1073741824
Narrow klass base: 0x00007fd99c000000, Narrow klass shift: 0, Narrow klass range: 0x100000000

GC Precious Log:
 CardTable entry size: 512
 CPUs: 1 total, 1 available
 Memory: 4800M
 Large Page Support: Disabled
 NUMA Support: Disabled
 Compressed Oops: Enabled (32-bit)
 Heap Min Capacity: 8M
 Heap Initial Capacity: 76M
 Heap Max Capacity: 1202M
 Pre-touch: Disabled

Heap:
 def new generation   total 65536K, used 59291K [0x00000000b4e00000, 0x00000000b9510000, 0x00000000cdea0000)
  eden space 58304K,  99% used [0x00000000b4e00000, 0x00000000b86d35e8, 0x00000000b86f0000)
  from space 7232K,  15% used [0x00000000b8e00000, 0x00000000b8f13690, 0x00000000b9510000)
  to   space 7232K,   0% used [0x00000000b86f0000, 0x00000000b86f0000, 0x00000000b8e00000)
 tenured generation   total 145272K, used 89719K [0x00000000cdea0000, 0x00000000d6c7e000, 0x0000000100000000)
   the space 145272K,  61% used [0x00000000cdea0000, 0x00000000d363dd28, 0x00000000d363de00, 0x00000000d6c7e000)
 Metaspace       used 112164K, committed 114944K, reserved 1179648K
  class space    used 12941K, committed 14336K, reserved 1048576K

Card table byte_map: [0x00007fd9f6a81000,0x00007fd9f6cdb000] _byte_map_base: 0x00007fd9f64da000

Polling page: 0x00007fd9f8897000

Metaspace:

Usage:
  Non-class:     96,90 MB used.
      Class:     12,64 MB used.
       Both:    109,54 MB used.

Virtual space:
  Non-class space:      128,00 MB reserved,      98,25 MB ( 77%) committed,  2 nodes.
      Class space:        1,00 GB reserved,      14,00 MB (  1%) committed,  1 nodes.
             Both:        1,12 GB reserved,     112,25 MB ( 10%) committed. 

Chunk freelists:
   Non-Class:  13,08 MB
       Class:  1,91 MB
        Both:  14,98 MB

MaxMetaspaceSize: unlimited
CompressedClassSpaceSize: 1,00 GB
Initial GC threshold: 21,00 MB
Current GC threshold: 162,75 MB
CDS: on
 - commit_granule_bytes: 65536.
 - commit_granule_words: 8192.
 - virtual_space_node_default_size: 8388608.
 - enlarge_chunks_in_place: 1.
 - use_allocation_guard: 0.


Internal statistics:

num_allocs_failed_limit: 11.
num_arena_births: 4974.
num_arena_deaths: 4.
num_vsnodes_births: 3.
num_vsnodes_deaths: 0.
num_space_committed: 1794.
num_space_uncommitted: 1.
num_chunks_returned_to_freelist: 23.
num_chunks_taken_from_freelist: 10299.
num_chunk_merges: 12.
num_chunk_splits: 6696.
num_chunks_enlarged: 3683.
num_inconsistent_stats: 0.

CodeHeap 'non-profiled nmethods': size=120036Kb used=12884Kb max_used=12884Kb free=107151Kb
 bounds [0x00007fd9e58c7000, 0x00007fd9e6567000, 0x00007fd9ece00000]
CodeHeap 'profiled nmethods': size=120032Kb used=32234Kb max_used=32234Kb free=87797Kb
 bounds [0x00007fd9dde00000, 0x00007fd9dfd80000, 0x00007fd9e5338000]
CodeHeap 'non-nmethods': size=5692Kb used=1442Kb max_used=1491Kb free=4249Kb
 bounds [0x00007fd9e5338000, 0x00007fd9e55a8000, 0x00007fd9e58c7000]
CodeCache: size=245760Kb, used=46560Kb, max_used=46609Kb, free=199197Kb
 total_blobs=15648, nmethods=14882, adapters=673, full_count=0
Compilation: enabled, stopped_count=0, restarted_count=0

Compilation events (20 events):
Event: 1464,701 Thread 0x00007fd9f007ca70 16120       3       org.sonar.plugins.secrets.utils.CheckContainer$$Lambda/0x00007fd99dc81cc8::accept (12 bytes)
Event: 1464,701 Thread 0x00007fd9f007ca70 nmethod 16120 0x00007fd9dfd75910 code [0x00007fd9dfd75ac0, 0x00007fd9dfd75de0]
Event: 1464,701 Thread 0x00007fd9f007ca70 16121       3       org.sonar.plugins.secrets.api.AbstractSpecificationBasedCheck::analyze (11 bytes)
Event: 1464,702 Thread 0x00007fd9f007ca70 nmethod 16121 0x00007fd9dfd75f10 code [0x00007fd9dfd760e0, 0x00007fd9dfd76420]
Event: 1464,702 Thread 0x00007fd9f007ca70 16122       3       java.util.concurrent.Semaphore$Sync::tryReleaseShared (38 bytes)
Event: 1464,702 Thread 0x00007fd9f007ca70 nmethod 16122 0x00007fd9dfd76590 code [0x00007fd9dfd76760, 0x00007fd9dfd76a70]
Event: 1464,702 Thread 0x00007fd9f007ca70 16123       3       org.sonar.plugins.common.MultiFileProgressReport::pluralizeFile (12 bytes)
Event: 1464,702 Thread 0x00007fd9f007ca70 nmethod 16123 0x00007fd9dfd76b90 code [0x00007fd9dfd76d20, 0x00007fd9dfd76e78]
Event: 1464,705 Thread 0x00007fd9f007ca70 16124       3       java.time.Duration::toMillis (51 bytes)
Event: 1464,705 Thread 0x00007fd9f007ca70 nmethod 16124 0x00007fd9dfd76f10 code [0x00007fd9dfd770e0, 0x00007fd9dfd77348]
Event: 1464,705 Thread 0x00007fd9f007ca70 16125       3       org.sonarsource.sonarlint.core.branch.SonarProjectBranchTrackingService::awaitEffectiveSonarProjectBranch (15 bytes)
Event: 1464,706 Thread 0x00007fd9f007ca70 nmethod 16125 0x00007fd9dfd77490 code [0x00007fd9dfd77720, 0x00007fd9dfd78368]
Event: 1464,706 Thread 0x00007fd9f007ca70 16126       3       org.sonarsource.sonarlint.core.file.PathTranslationService::getOrComputePathTranslation (15 bytes)
Event: 1464,706 Thread 0x00007fd9f007ca70 nmethod 16126 0x00007fd9dfd78790 code [0x00007fd9dfd78a20, 0x00007fd9dfd79668]
Event: 1473,184 Thread 0x00007fd9f007ca70 16127       3       java.util.concurrent.ConcurrentHashMap$KeySetView::spliterator (52 bytes)
Event: 1473,185 Thread 0x00007fd9f007ca70 nmethod 16127 0x00007fd9dfd79a90 code [0x00007fd9dfd79c60, 0x00007fd9dfd79f20]
Event: 1473,185 Thread 0x00007fd9f007ca70 16128       3       java.util.concurrent.ConcurrentHashMap$KeySpliterator::<init> (16 bytes)
Event: 1473,185 Thread 0x00007fd9f007ca70 nmethod 16128 0x00007fd9dfd7a090 code [0x00007fd9dfd7a240, 0x00007fd9dfd7a390]
Event: 1473,202 Thread 0x00007fd9f007ca70 16129       3       org.springframework.beans.factory.support.AbstractBeanDefinition::setDestroyMethodName (21 bytes)
Event: 1473,202 Thread 0x00007fd9f007ca70 nmethod 16129 0x00007fd9dfd7a490 code [0x00007fd9dfd7a640, 0x00007fd9dfd7a990]

GC Heap History (20 events):
Event: 1413,565 GC heap before
{Heap before GC invocations=137 (full 5):
 def new generation   total 65536K, used 63810K [0x00000000b4e00000, 0x00000000b9510000, 0x00000000cdea0000)
  eden space 58304K, 100% used [0x00000000b4e00000, 0x00000000b86f0000, 0x00000000b86f0000)
  from space 7232K,  76% used [0x00000000b8e00000, 0x00000000b9360978, 0x00000000b9510000)
  to   space 7232K,   0% used [0x00000000b86f0000, 0x00000000b86f0000, 0x00000000b8e00000)
 tenured generation   total 145272K, used 89699K [0x00000000cdea0000, 0x00000000d6c7e000, 0x0000000100000000)
   the space 145272K,  61% used [0x00000000cdea0000, 0x00000000d3638f58, 0x00000000d3639000, 0x00000000d6c7e000)
 Metaspace       used 111870K, committed 114752K, reserved 1179648K
  class space    used 12941K, committed 14336K, reserved 1048576K
}
Event: 1413,571 GC heap after
{Heap after GC invocations=138 (full 5):
 def new generation   total 65536K, used 5192K [0x00000000b4e00000, 0x00000000b9510000, 0x00000000cdea0000)
  eden space 58304K,   0% used [0x00000000b4e00000, 0x00000000b4e00000, 0x00000000b86f0000)
  from space 7232K,  71% used [0x00000000b86f0000, 0x00000000b8c02200, 0x00000000b8e00000)
  to   space 7232K,   0% used [0x00000000b8e00000, 0x00000000b8e00000, 0x00000000b9510000)
 tenured generation   total 145272K, used 89701K [0x00000000cdea0000, 0x00000000d6c7e000, 0x0000000100000000)
   the space 145272K,  61% used [0x00000000cdea0000, 0x00000000d3639550, 0x00000000d3639600, 0x00000000d6c7e000)
 Metaspace       used 111870K, committed 114752K, reserved 1179648K
  class space    used 12941K, committed 14336K, reserved 1048576K
}
Event: 1416,121 GC heap before
{Heap before GC invocations=138 (full 5):
 def new generation   total 65536K, used 63496K [0x00000000b4e00000, 0x00000000b9510000, 0x00000000cdea0000)
  eden space 58304K, 100% used [0x00000000b4e00000, 0x00000000b86f0000, 0x00000000b86f0000)
  from space 7232K,  71% used [0x00000000b86f0000, 0x00000000b8c02200, 0x00000000b8e00000)
  to   space 7232K,   0% used [0x00000000b8e00000, 0x00000000b8e00000, 0x00000000b9510000)
 tenured generation   total 145272K, used 89701K [0x00000000cdea0000, 0x00000000d6c7e000, 0x0000000100000000)
   the space 145272K,  61% used [0x00000000cdea0000, 0x00000000d3639550, 0x00000000d3639600, 0x00000000d6c7e000)
 Metaspace       used 111870K, committed 114752K, reserved 1179648K
  class space    used 12941K, committed 14336K, reserved 1048576K
}
Event: 1416,124 GC heap after
{Heap after GC invocations=139 (full 5):
 def new generation   total 65536K, used 1116K [0x00000000b4e00000, 0x00000000b9510000, 0x00000000cdea0000)
  eden space 58304K,   0% used [0x00000000b4e00000, 0x00000000b4e00000, 0x00000000b86f0000)
  from space 7232K,  15% used [0x00000000b8e00000, 0x00000000b8f171f8, 0x00000000b9510000)
  to   space 7232K,   0% used [0x00000000b86f0000, 0x00000000b86f0000, 0x00000000b8e00000)
 tenured generation   total 145272K, used 89701K [0x00000000cdea0000, 0x00000000d6c7e000, 0x0000000100000000)
   the space 145272K,  61% used [0x00000000cdea0000, 0x00000000d3639670, 0x00000000d3639800, 0x00000000d6c7e000)
 Metaspace       used 111870K, committed 114752K, reserved 1179648K
  class space    used 12941K, committed 14336K, reserved 1048576K
}
Event: 1417,201 GC heap before
{Heap before GC invocations=139 (full 5):
 def new generation   total 65536K, used 59420K [0x00000000b4e00000, 0x00000000b9510000, 0x00000000cdea0000)
  eden space 58304K, 100% used [0x00000000b4e00000, 0x00000000b86f0000, 0x00000000b86f0000)
  from space 7232K,  15% used [0x00000000b8e00000, 0x00000000b8f171f8, 0x00000000b9510000)
  to   space 7232K,   0% used [0x00000000b86f0000, 0x00000000b86f0000, 0x00000000b8e00000)
 tenured generation   total 145272K, used 89701K [0x00000000cdea0000, 0x00000000d6c7e000, 0x0000000100000000)
   the space 145272K,  61% used [0x00000000cdea0000, 0x00000000d3639670, 0x00000000d3639800, 0x00000000d6c7e000)
 Metaspace       used 111872K, committed 114752K, reserved 1179648K
  class space    used 12941K, committed 14336K, reserved 1048576K
}
Event: 1417,202 GC heap after
{Heap after GC invocations=140 (full 5):
 def new generation   total 65536K, used 138K [0x00000000b4e00000, 0x00000000b9510000, 0x00000000cdea0000)
  eden space 58304K,   0% used [0x00000000b4e00000, 0x00000000b4e00000, 0x00000000b86f0000)
  from space 7232K,   1% used [0x00000000b86f0000, 0x00000000b87128f8, 0x00000000b8e00000)
  to   space 7232K,   0% used [0x00000000b8e00000, 0x00000000b8e00000, 0x00000000b9510000)
 tenured generation   total 145272K, used 89701K [0x00000000cdea0000, 0x00000000d6c7e000, 0x0000000100000000)
   the space 145272K,  61% used [0x00000000cdea0000, 0x00000000d3639670, 0x00000000d3639800, 0x00000000d6c7e000)
 Metaspace       used 111872K, committed 114752K, reserved 1179648K
  class space    used 12941K, committed 14336K, reserved 1048576K
}
Event: 1417,882 GC heap before
{Heap before GC invocations=140 (full 5):
 def new generation   total 65536K, used 58442K [0x00000000b4e00000, 0x00000000b9510000, 0x00000000cdea0000)
  eden space 58304K, 100% used [0x00000000b4e00000, 0x00000000b86f0000, 0x00000000b86f0000)
  from space 7232K,   1% used [0x00000000b86f0000, 0x00000000b87128f8, 0x00000000b8e00000)
  to   space 7232K,   0% used [0x00000000b8e00000, 0x00000000b8e00000, 0x00000000b9510000)
 tenured generation   total 145272K, used 89701K [0x00000000cdea0000, 0x00000000d6c7e000, 0x0000000100000000)
   the space 145272K,  61% used [0x00000000cdea0000, 0x00000000d3639670, 0x00000000d3639800, 0x00000000d6c7e000)
 Metaspace       used 111872K, committed 114752K, reserved 1179648K
  class space    used 12941K, committed 14336K, reserved 1048576K
}
Event: 1417,890 GC heap after
{Heap after GC invocations=141 (full 5):
 def new generation   total 65536K, used 5507K [0x00000000b4e00000, 0x00000000b9510000, 0x00000000cdea0000)
  eden space 58304K,   0% used [0x00000000b4e00000, 0x00000000b4e00000, 0x00000000b86f0000)
  from space 7232K,  76% used [0x00000000b8e00000, 0x00000000b9360eb0, 0x00000000b9510000)
  to   space 7232K,   0% used [0x00000000b86f0000, 0x00000000b86f0000, 0x00000000b8e00000)
 tenured generation   total 145272K, used 89701K [0x00000000cdea0000, 0x00000000d6c7e000, 0x0000000100000000)
   the space 145272K,  61% used [0x00000000cdea0000, 0x00000000d3639670, 0x00000000d3639800, 0x00000000d6c7e000)
 Metaspace       used 111872K, committed 114752K, reserved 1179648K
  class space    used 12941K, committed 14336K, reserved 1048576K
}
Event: 1421,112 GC heap before
{Heap before GC invocations=141 (full 5):
 def new generation   total 65536K, used 63811K [0x00000000b4e00000, 0x00000000b9510000, 0x00000000cdea0000)
  eden space 58304K, 100% used [0x00000000b4e00000, 0x00000000b86f0000, 0x00000000b86f0000)
  from space 7232K,  76% used [0x00000000b8e00000, 0x00000000b9360eb0, 0x00000000b9510000)
  to   space 7232K,   0% used [0x00000000b86f0000, 0x00000000b86f0000, 0x00000000b8e00000)
 tenured generation   total 145272K, used 89701K [0x00000000cdea0000, 0x00000000d6c7e000, 0x0000000100000000)
   the space 145272K,  61% used [0x00000000cdea0000, 0x00000000d3639670, 0x00000000d3639800, 0x00000000d6c7e000)
 Metaspace       used 111882K, committed 114752K, reserved 1179648K
  class space    used 12941K, committed 14336K, reserved 1048576K
}
Event: 1421,119 GC heap after
{Heap after GC invocations=142 (full 5):
 def new generation   total 65536K, used 4941K [0x00000000b4e00000, 0x00000000b9510000, 0x00000000cdea0000)
  eden space 58304K,   0% used [0x00000000b4e00000, 0x00000000b4e00000, 0x00000000b86f0000)
  from space 7232K,  68% used [0x00000000b86f0000, 0x00000000b8bc3760, 0x00000000b8e00000)
  to   space 7232K,   0% used [0x00000000b8e00000, 0x00000000b8e00000, 0x00000000b9510000)
 tenured generation   total 145272K, used 89702K [0x00000000cdea0000, 0x00000000d6c7e000, 0x0000000100000000)
   the space 145272K,  61% used [0x00000000cdea0000, 0x00000000d3639b70, 0x00000000d3639c00, 0x00000000d6c7e000)
 Metaspace       used 111882K, committed 114752K, reserved 1179648K
  class space    used 12941K, committed 14336K, reserved 1048576K
}
Event: 1422,899 GC heap before
{Heap before GC invocations=142 (full 5):
 def new generation   total 65536K, used 63245K [0x00000000b4e00000, 0x00000000b9510000, 0x00000000cdea0000)
  eden space 58304K, 100% used [0x00000000b4e00000, 0x00000000b86f0000, 0x00000000b86f0000)
  from space 7232K,  68% used [0x00000000b86f0000, 0x00000000b8bc3760, 0x00000000b8e00000)
  to   space 7232K,   0% used [0x00000000b8e00000, 0x00000000b8e00000, 0x00000000b9510000)
 tenured generation   total 145272K, used 89702K [0x00000000cdea0000, 0x00000000d6c7e000, 0x0000000100000000)
   the space 145272K,  61% used [0x00000000cdea0000, 0x00000000d3639b70, 0x00000000d3639c00, 0x00000000d6c7e000)
 Metaspace       used 111919K, committed 114752K, reserved 1179648K
  class space    used 12941K, committed 14336K, reserved 1048576K
}
Event: 1422,902 GC heap after
{Heap after GC invocations=143 (full 5):
 def new generation   total 65536K, used 1210K [0x00000000b4e00000, 0x00000000b9510000, 0x00000000cdea0000)
  eden space 58304K,   0% used [0x00000000b4e00000, 0x00000000b4e00000, 0x00000000b86f0000)
  from space 7232K,  16% used [0x00000000b8e00000, 0x00000000b8f2e9f8, 0x00000000b9510000)
  to   space 7232K,   0% used [0x00000000b86f0000, 0x00000000b86f0000, 0x00000000b8e00000)
 tenured generation   total 145272K, used 89703K [0x00000000cdea0000, 0x00000000d6c7e000, 0x0000000100000000)
   the space 145272K,  61% used [0x00000000cdea0000, 0x00000000d3639d80, 0x00000000d3639e00, 0x00000000d6c7e000)
 Metaspace       used 111919K, committed 114752K, reserved 1179648K
  class space    used 12941K, committed 14336K, reserved 1048576K
}
Event: 1449,564 GC heap before
{Heap before GC invocations=143 (full 5):
 def new generation   total 65536K, used 59514K [0x00000000b4e00000, 0x00000000b9510000, 0x00000000cdea0000)
  eden space 58304K, 100% used [0x00000000b4e00000, 0x00000000b86f0000, 0x00000000b86f0000)
  from space 7232K,  16% used [0x00000000b8e00000, 0x00000000b8f2e9f8, 0x00000000b9510000)
  to   space 7232K,   0% used [0x00000000b86f0000, 0x00000000b86f0000, 0x00000000b8e00000)
 tenured generation   total 145272K, used 89703K [0x00000000cdea0000, 0x00000000d6c7e000, 0x0000000100000000)
   the space 145272K,  61% used [0x00000000cdea0000, 0x00000000d3639d80, 0x00000000d3639e00, 0x00000000d6c7e000)
 Metaspace       used 111954K, committed 114816K, reserved 1179648K
  class space    used 12941K, committed 14336K, reserved 1048576K
}
Event: 1449,566 GC heap after
{Heap after GC invocations=144 (full 5):
 def new generation   total 65536K, used 110K [0x00000000b4e00000, 0x00000000b9510000, 0x00000000cdea0000)
  eden space 58304K,   0% used [0x00000000b4e00000, 0x00000000b4e00000, 0x00000000b86f0000)
  from space 7232K,   1% used [0x00000000b86f0000, 0x00000000b870bbb8, 0x00000000b8e00000)
  to   space 7232K,   0% used [0x00000000b8e00000, 0x00000000b8e00000, 0x00000000b9510000)
 tenured generation   total 145272K, used 89703K [0x00000000cdea0000, 0x00000000d6c7e000, 0x0000000100000000)
   the space 145272K,  61% used [0x00000000cdea0000, 0x00000000d3639d80, 0x00000000d3639e00, 0x00000000d6c7e000)
 Metaspace       used 111954K, committed 114816K, reserved 1179648K
  class space    used 12941K, committed 14336K, reserved 1048576K
}
Event: 1453,824 GC heap before
{Heap before GC invocations=144 (full 5):
 def new generation   total 65536K, used 58414K [0x00000000b4e00000, 0x00000000b9510000, 0x00000000cdea0000)
  eden space 58304K, 100% used [0x00000000b4e00000, 0x00000000b86f0000, 0x00000000b86f0000)
  from space 7232K,   1% used [0x00000000b86f0000, 0x00000000b870bbb8, 0x00000000b8e00000)
  to   space 7232K,   0% used [0x00000000b8e00000, 0x00000000b8e00000, 0x00000000b9510000)
 tenured generation   total 145272K, used 89703K [0x00000000cdea0000, 0x00000000d6c7e000, 0x0000000100000000)
   the space 145272K,  61% used [0x00000000cdea0000, 0x00000000d3639d80, 0x00000000d3639e00, 0x00000000d6c7e000)
 Metaspace       used 111976K, committed 114816K, reserved 1179648K
  class space    used 12941K, committed 14336K, reserved 1048576K
}
Event: 1453,833 GC heap after
{Heap after GC invocations=145 (full 5):
 def new generation   total 65536K, used 5497K [0x00000000b4e00000, 0x00000000b9510000, 0x00000000cdea0000)
  eden space 58304K,   0% used [0x00000000b4e00000, 0x00000000b4e00000, 0x00000000b86f0000)
  from space 7232K,  76% used [0x00000000b8e00000, 0x00000000b935e500, 0x00000000b9510000)
  to   space 7232K,   0% used [0x00000000b86f0000, 0x00000000b86f0000, 0x00000000b8e00000)
 tenured generation   total 145272K, used 89703K [0x00000000cdea0000, 0x00000000d6c7e000, 0x0000000100000000)
   the space 145272K,  61% used [0x00000000cdea0000, 0x00000000d3639d80, 0x00000000d3639e00, 0x00000000d6c7e000)
 Metaspace       used 111976K, committed 114816K, reserved 1179648K
  class space    used 12941K, committed 14336K, reserved 1048576K
}
Event: 1456,656 GC heap before
{Heap before GC invocations=145 (full 5):
 def new generation   total 65536K, used 63801K [0x00000000b4e00000, 0x00000000b9510000, 0x00000000cdea0000)
  eden space 58304K, 100% used [0x00000000b4e00000, 0x00000000b86f0000, 0x00000000b86f0000)
  from space 7232K,  76% used [0x00000000b8e00000, 0x00000000b935e500, 0x00000000b9510000)
  to   space 7232K,   0% used [0x00000000b86f0000, 0x00000000b86f0000, 0x00000000b8e00000)
 tenured generation   total 145272K, used 89703K [0x00000000cdea0000, 0x00000000d6c7e000, 0x0000000100000000)
   the space 145272K,  61% used [0x00000000cdea0000, 0x00000000d3639d80, 0x00000000d3639e00, 0x00000000d6c7e000)
 Metaspace       used 112081K, committed 114880K, reserved 1179648K
  class space    used 12941K, committed 14336K, reserved 1048576K
}
Event: 1456,665 GC heap after
{Heap after GC invocations=146 (full 5):
 def new generation   total 65536K, used 4965K [0x00000000b4e00000, 0x00000000b9510000, 0x00000000cdea0000)
  eden space 58304K,   0% used [0x00000000b4e00000, 0x00000000b4e00000, 0x00000000b86f0000)
  from space 7232K,  68% used [0x00000000b86f0000, 0x00000000b8bc97a0, 0x00000000b8e00000)
  to   space 7232K,   0% used [0x00000000b8e00000, 0x00000000b8e00000, 0x00000000b9510000)
 tenured generation   total 145272K, used 89717K [0x00000000cdea0000, 0x00000000d6c7e000, 0x0000000100000000)
   the space 145272K,  61% used [0x00000000cdea0000, 0x00000000d363d480, 0x00000000d363d600, 0x00000000d6c7e000)
 Metaspace       used 112081K, committed 114880K, reserved 1179648K
  class space    used 12941K, committed 14336K, reserved 1048576K
}
Event: 1464,644 GC heap before
{Heap before GC invocations=146 (full 5):
 def new generation   total 65536K, used 63269K [0x00000000b4e00000, 0x00000000b9510000, 0x00000000cdea0000)
  eden space 58304K, 100% used [0x00000000b4e00000, 0x00000000b86f0000, 0x00000000b86f0000)
  from space 7232K,  68% used [0x00000000b86f0000, 0x00000000b8bc97a0, 0x00000000b8e00000)
  to   space 7232K,   0% used [0x00000000b8e00000, 0x00000000b8e00000, 0x00000000b9510000)
 tenured generation   total 145272K, used 89717K [0x00000000cdea0000, 0x00000000d6c7e000, 0x0000000100000000)
   the space 145272K,  61% used [0x00000000cdea0000, 0x00000000d363d480, 0x00000000d363d600, 0x00000000d6c7e000)
 Metaspace       used 112155K, committed 114944K, reserved 1179648K
  class space    used 12941K, committed 14336K, reserved 1048576K
}
Event: 1464,652 GC heap after
{Heap after GC invocations=147 (full 5):
 def new generation   total 65536K, used 1101K [0x00000000b4e00000, 0x00000000b9510000, 0x00000000cdea0000)
  eden space 58304K,   0% used [0x00000000b4e00000, 0x00000000b4e00000, 0x00000000b86f0000)
  from space 7232K,  15% used [0x00000000b8e00000, 0x00000000b8f13690, 0x00000000b9510000)
  to   space 7232K,   0% used [0x00000000b86f0000, 0x00000000b86f0000, 0x00000000b8e00000)
 tenured generation   total 145272K, used 89719K [0x00000000cdea0000, 0x00000000d6c7e000, 0x0000000100000000)
   the space 145272K,  61% used [0x00000000cdea0000, 0x00000000d363dd28, 0x00000000d363de00, 0x00000000d6c7e000)
 Metaspace       used 112155K, committed 114944K, reserved 1179648K
  class space    used 12941K, committed 14336K, reserved 1048576K
}

Dll operation events (10 events):
Event: 0,001 Loaded shared library /home/user/.vscode/extensions/sonarsource.sonarlint-vscode-4.40.0-linux-x64/jre/21.0.9-linux-x86_64.tar/lib/libjava.so
Event: 0,049 Loaded shared library /home/user/.vscode/extensions/sonarsource.sonarlint-vscode-4.40.0-linux-x64/jre/21.0.9-linux-x86_64.tar/lib/libnio.so
Event: 0,138 Loaded shared library /home/user/.vscode/extensions/sonarsource.sonarlint-vscode-4.40.0-linux-x64/jre/21.0.9-linux-x86_64.tar/lib/libzip.so
Event: 0,185 Loaded shared library /home/user/.vscode/extensions/sonarsource.sonarlint-vscode-4.40.0-linux-x64/jre/21.0.9-linux-x86_64.tar/lib/libzip.so
Event: 0,196 Loaded shared library /home/user/.vscode/extensions/sonarsource.sonarlint-vscode-4.40.0-linux-x64/jre/21.0.9-linux-x86_64.tar/lib/libverify.so
Event: 0,381 Loaded shared library /home/user/.vscode/extensions/sonarsource.sonarlint-vscode-4.40.0-linux-x64/jre/21.0.9-linux-x86_64.tar/lib/libjimage.so
Event: 5,032 Loaded shared library /home/user/.vscode/extensions/sonarsource.sonarlint-vscode-4.40.0-linux-x64/jre/21.0.9-linux-x86_64.tar/lib/libnet.so
Event: 8,139 Loaded shared library /home/user/.vscode/extensions/sonarsource.sonarlint-vscode-4.40.0-linux-x64/jre/21.0.9-linux-x86_64.tar/lib/libextnet.so
Event: 53,663 Loaded shared library /home/user/.vscode/extensions/sonarsource.sonarlint-vscode-4.40.0-linux-x64/jre/21.0.9-linux-x86_64.tar/lib/libmanagement.so
Event: 53,675 Loaded shared library /home/user/.vscode/extensions/sonarsource.sonarlint-vscode-4.40.0-linux-x64/jre/21.0.9-linux-x86_64.tar/lib/libmanagement_ext.so

Deoptimization events (20 events):
Event: 1252,153 Thread 0x00007fd9818a86e0 DEOPT PACKING pc=0x00007fd9df9323ba sp=0x00007fd9ddafae60
Event: 1252,153 Thread 0x00007fd9818a86e0 DEOPT UNPACKING pc=0x00007fd9e538bb2f sp=0x00007fd9ddafa318 mode 0
Event: 1387,638 Thread 0x00007fd9818a86e0 DEOPT PACKING pc=0x00007fd9df3c33ec sp=0x00007fd9ddaf9f30
Event: 1387,638 Thread 0x00007fd9818a86e0 DEOPT UNPACKING pc=0x00007fd9e538bb2f sp=0x00007fd9ddaf94c8 mode 0
Event: 1422,959 Thread 0x00007fd9818a86e0 Uncommon trap: trap_request=0xffffffbe fr.pc=0x00007fd9e653c914 relative=0x0000000000000c94
Event: 1422,959 Thread 0x00007fd9818a86e0 Uncommon trap: reason=profile_predicate action=maybe_recompile pc=0x00007fd9e653c914 method=org.sonarsource.sonarlint.core.analysis.container.analysis.filesystem.OrPredicate.create(Ljava/util/Collection;)Lorg/sonar/api/batch/fs/FilePredicate; @ 34 c2
Event: 1422,959 Thread 0x00007fd9818a86e0 DEOPT PACKING pc=0x00007fd9e653c914 sp=0x00007fd9ddaf9c40
Event: 1422,959 Thread 0x00007fd9818a86e0 DEOPT UNPACKING pc=0x00007fd9e538b399 sp=0x00007fd9ddaf9c08 mode 2
Event: 1422,962 Thread 0x00007fd9818a86e0 Uncommon trap: trap_request=0xffffffbe fr.pc=0x00007fd9e653c914 relative=0x0000000000000c94
Event: 1422,962 Thread 0x00007fd9818a86e0 Uncommon trap: reason=profile_predicate action=maybe_recompile pc=0x00007fd9e653c914 method=org.sonarsource.sonarlint.core.analysis.container.analysis.filesystem.OrPredicate.create(Ljava/util/Collection;)Lorg/sonar/api/batch/fs/FilePredicate; @ 34 c2
Event: 1422,962 Thread 0x00007fd9818a86e0 DEOPT PACKING pc=0x00007fd9e653c914 sp=0x00007fd9ddafac00
Event: 1422,962 Thread 0x00007fd9818a86e0 DEOPT UNPACKING pc=0x00007fd9e538b399 sp=0x00007fd9ddafabc8 mode 2
Event: 1422,962 Thread 0x00007fd9818a86e0 Uncommon trap: trap_request=0xffffffbe fr.pc=0x00007fd9e653c914 relative=0x0000000000000c94
Event: 1422,962 Thread 0x00007fd9818a86e0 Uncommon trap: reason=profile_predicate action=maybe_recompile pc=0x00007fd9e653c914 method=org.sonarsource.sonarlint.core.analysis.container.analysis.filesystem.OrPredicate.create(Ljava/util/Collection;)Lorg/sonar/api/batch/fs/FilePredicate; @ 34 c2
Event: 1422,962 Thread 0x00007fd9818a86e0 DEOPT PACKING pc=0x00007fd9e653c914 sp=0x00007fd9ddafabf0
Event: 1422,962 Thread 0x00007fd9818a86e0 DEOPT UNPACKING pc=0x00007fd9e538b399 sp=0x00007fd9ddafabb8 mode 2
Event: 1422,963 Thread 0x00007fd9818a86e0 Uncommon trap: trap_request=0xffffffbe fr.pc=0x00007fd9e653c914 relative=0x0000000000000c94
Event: 1422,963 Thread 0x00007fd9818a86e0 Uncommon trap: reason=profile_predicate action=maybe_recompile pc=0x00007fd9e653c914 method=org.sonarsource.sonarlint.core.analysis.container.analysis.filesystem.OrPredicate.create(Ljava/util/Collection;)Lorg/sonar/api/batch/fs/FilePredicate; @ 34 c2
Event: 1422,963 Thread 0x00007fd9818a86e0 DEOPT PACKING pc=0x00007fd9e653c914 sp=0x00007fd9ddafaa00
Event: 1422,963 Thread 0x00007fd9818a86e0 DEOPT UNPACKING pc=0x00007fd9e538b399 sp=0x00007fd9ddafa9c8 mode 2

Classes loaded (20 events):
Event: 55,008 Loading class java/util/concurrent/BlockingDeque done
Event: 55,008 Loading class java/util/concurrent/LinkedBlockingDeque done
Event: 55,009 Loading class java/util/concurrent/LinkedBlockingDeque$Node
Event: 55,009 Loading class java/util/concurrent/LinkedBlockingDeque$Node done
Event: 55,108 Loading class java/util/stream/ReduceOps$5
Event: 55,108 Loading class java/util/stream/ReduceOps$5 done
Event: 55,108 Loading class java/util/stream/ReduceOps$CountingSink$OfRef
Event: 55,108 Loading class java/util/stream/ReduceOps$CountingSink
Event: 55,108 Loading class java/util/stream/ReduceOps$CountingSink done
Event: 55,108 Loading class java/util/stream/ReduceOps$CountingSink$OfRef done
Event: 66,023 Loading class java/text/DigitList$1
Event: 66,024 Loading class java/text/DigitList$1 done
Event: 73,324 Loading class sun/security/ssl/Alert
Event: 73,325 Loading class sun/security/ssl/Alert done
Event: 73,325 Loading class sun/security/ssl/Alert$AlertConsumer
Event: 73,325 Loading class sun/security/ssl/Alert$AlertConsumer done
Event: 73,325 Loading class sun/security/ssl/Alert$AlertMessage
Event: 73,325 Loading class sun/security/ssl/Alert$AlertMessage done
Event: 73,325 Loading class sun/security/ssl/Alert$Level
Event: 73,325 Loading class sun/security/ssl/Alert$Level done

Classes unloaded (2 events):
Event: 52,843 Thread 0x00007fd9f006b040 Unloading class 0x00007fd99dba1000 'GeneratedBySSLR'
Event: 52,843 Thread 0x00007fd9f006b040 Unloading class 0x00007fd99dba0000 'GeneratedBySSLR'

Classes redefined (0 events):
No events

Internal exceptions (20 events):
Event: 1473,245 Thread 0x00007fd98d1c2e30 Exception <a 'java/lang/InterruptedException'{0x00000000b846ef88}: sleep interrupted> (0x00000000b846ef88) 
thrown [src/hotspot/share/prims/jvm.cpp, line 3087]
Event: 1473,248 Thread 0x00007fd9818a86e0 Exception <a 'sun/nio/fs/UnixException'{0x00000000b838cf38}> (0x00000000b838cf38) 
thrown [src/hotspot/share/prims/jni.cpp, line 520]
Event: 1473,253 Thread 0x00007fd9818a86e0 Exception <a 'sun/nio/fs/UnixException'{0x00000000b8398a70}> (0x00000000b8398a70) 
thrown [src/hotspot/share/prims/jni.cpp, line 520]
Event: 1473,259 Thread 0x00007fd9818a86e0 Exception <a 'sun/nio/fs/UnixException'{0x00000000b83a41a0}> (0x00000000b83a41a0) 
thrown [src/hotspot/share/prims/jni.cpp, line 520]
Event: 1473,265 Thread 0x00007fd9818a86e0 Exception <a 'sun/nio/fs/UnixException'{0x00000000b83af190}> (0x00000000b83af190) 
thrown [src/hotspot/share/prims/jni.cpp, line 520]
Event: 1487,704 Thread 0x00007fd9818a86e0 Exception <a 'sun/nio/fs/UnixException'{0x00000000b83c31c0}> (0x00000000b83c31c0) 
thrown [src/hotspot/share/prims/jni.cpp, line 520]
Event: 1487,704 Thread 0x00007fd9818a86e0 Exception <a 'sun/nio/fs/UnixException'{0x00000000b83c3588}> (0x00000000b83c3588) 
thrown [src/hotspot/share/prims/jni.cpp, line 520]
Event: 1487,704 Thread 0x00007fd9818a86e0 Exception <a 'sun/nio/fs/UnixException'{0x00000000b83c3a70}> (0x00000000b83c3a70) 
thrown [src/hotspot/share/prims/jni.cpp, line 520]
Event: 1487,704 Thread 0x00007fd9818a86e0 Exception <a 'sun/nio/fs/UnixException'{0x00000000b83c61a8}> (0x00000000b83c61a8) 
thrown [src/hotspot/share/prims/jni.cpp, line 520]
Event: 1487,704 Thread 0x00007fd9818a86e0 Exception <a 'sun/nio/fs/UnixException'{0x00000000b83c6570}> (0x00000000b83c6570) 
thrown [src/hotspot/share/prims/jni.cpp, line 520]
Event: 1487,704 Thread 0x00007fd9818a86e0 Exception <a 'sun/nio/fs/UnixException'{0x00000000b83c6a58}> (0x00000000b83c6a58) 
thrown [src/hotspot/share/prims/jni.cpp, line 520]
Event: 1487,704 Thread 0x00007fd9818a86e0 Exception <a 'sun/nio/fs/UnixException'{0x00000000b83c7728}> (0x00000000b83c7728) 
thrown [src/hotspot/share/prims/jni.cpp, line 520]
Event: 1487,704 Thread 0x00007fd9818a86e0 Exception <a 'sun/nio/fs/UnixException'{0x00000000b83c7da0}> (0x00000000b83c7da0) 
thrown [src/hotspot/share/prims/jni.cpp, line 520]
Event: 1487,704 Thread 0x00007fd9818a86e0 Exception <a 'sun/nio/fs/UnixException'{0x00000000b83c8288}> (0x00000000b83c8288) 
thrown [src/hotspot/share/prims/jni.cpp, line 520]
Event: 1487,704 Thread 0x00007fd9818a86e0 Exception <a 'sun/nio/fs/UnixException'{0x00000000b83c8770}> (0x00000000b83c8770) 
thrown [src/hotspot/share/prims/jni.cpp, line 520]
Event: 1487,704 Thread 0x00007fd9818a86e0 Exception <a 'sun/nio/fs/UnixException'{0x00000000b83c8de8}> (0x00000000b83c8de8) 
thrown [src/hotspot/share/prims/jni.cpp, line 520]
Event: 1487,704 Thread 0x00007fd9818a86e0 Exception <a 'sun/nio/fs/UnixException'{0x00000000b83c92d0}> (0x00000000b83c92d0) 
thrown [src/hotspot/share/prims/jni.cpp, line 520]
Event: 1487,704 Thread 0x00007fd9818a86e0 Exception <a 'sun/nio/fs/UnixException'{0x00000000b83c9888}> (0x00000000b83c9888) 
thrown [src/hotspot/share/prims/jni.cpp, line 520]
Event: 1487,704 Thread 0x00007fd9818a86e0 Exception <a 'sun/nio/fs/UnixException'{0x00000000b83c9f00}> (0x00000000b83c9f00) 
thrown [src/hotspot/share/prims/jni.cpp, line 520]
Event: 1487,704 Thread 0x00007fd9818a86e0 Exception <a 'sun/nio/fs/UnixException'{0x00000000b83ca3e8}> (0x00000000b83ca3e8) 
thrown [src/hotspot/share/prims/jni.cpp, line 520]

ZGC Phase Switch (0 events):
No events

VM Operations (20 events):
Event: 1449,564 Executing VM operation: GenCollectForAllocation (Allocation Failure)
Event: 1449,566 Executing VM operation: GenCollectForAllocation (Allocation Failure) done
Event: 1450,571 Executing VM operation: Cleanup
Event: 1450,571 Executing VM operation: Cleanup done
Event: 1453,824 Executing VM operation: GenCollectForAllocation (Allocation Failure)
Event: 1453,833 Executing VM operation: GenCollectForAllocation (Allocation Failure) done
Event: 1455,835 Executing VM operation: Cleanup
Event: 1455,835 Executing VM operation: Cleanup done
Event: 1456,656 Executing VM operation: GenCollectForAllocation (Allocation Failure)
Event: 1456,665 Executing VM operation: GenCollectForAllocation (Allocation Failure) done
Event: 1457,667 Executing VM operation: Cleanup
Event: 1457,668 Executing VM operation: Cleanup done
Event: 1463,672 Executing VM operation: Cleanup
Event: 1463,672 Executing VM operation: Cleanup done
Event: 1464,644 Executing VM operation: GenCollectForAllocation (Allocation Failure)
Event: 1464,652 Executing VM operation: GenCollectForAllocation (Allocation Failure) done
Event: 1467,654 Executing VM operation: Cleanup
Event: 1467,654 Executing VM operation: Cleanup done
Event: 1473,660 Executing VM operation: Cleanup
Event: 1473,660 Executing VM operation: Cleanup done

Memory protections (20 events):
Event: 1454,854 Protecting memory [0x00007fd9dd7fb000,0x00007fd9dd7ff000] with protection modes 0
Event: 1454,871 Protecting memory [0x00007fd9dd7fb000,0x00007fd9dd7ff000] with protection modes 0
Event: 1454,912 Protecting memory [0x00007fd9dd7fb000,0x00007fd9dd7ff000] with protection modes 0
Event: 1454,912 Protecting memory [0x00007fd9ddafe000,0x00007fd9ddb02000] with protection modes 0
Event: 1456,616 Protecting memory [0x00007fd9ddafe000,0x00007fd9ddb02000] with protection modes 0
Event: 1456,709 Protecting memory [0x00007fd9ddafe000,0x00007fd9ddb02000] with protection modes 0
Event: 1456,710 Protecting memory [0x00007fd9dd7fb000,0x00007fd9dd7ff000] with protection modes 0
Event: 1463,667 Protecting memory [0x00007fd9dd7fb000,0x00007fd9dd7ff000] with protection modes 0
Event: 1463,695 Protecting memory [0x00007fd9dd7fb000,0x00007fd9dd7ff000] with protection modes 0
Event: 1463,737 Protecting memory [0x00007fd9dd7fb000,0x00007fd9dd7ff000] with protection modes 0
Event: 1463,737 Protecting memory [0x00007fd9ddafe000,0x00007fd9ddb02000] with protection modes 0
Event: 1464,600 Protecting memory [0x00007fd9dd7fb000,0x00007fd9dd7ff000] with protection modes 0
Event: 1464,639 Protecting memory [0x00007fd9dd7fb000,0x00007fd9dd7ff000] with protection modes 0
Event: 1464,700 Protecting memory [0x00007fd9dd7fb000,0x00007fd9dd7ff000] with protection modes 0
Event: 1464,700 Protecting memory [0x00007fd9ddafe000,0x00007fd9ddb02000] with protection modes 0
Event: 1473,185 Protecting memory [0x00007fd9f41e1000,0x00007fd9f41e5000] with protection modes 0
Event: 1473,205 Protecting memory [0x00007fd9f41e1000,0x00007fd9f41e5000] with protection modes 0
Event: 1473,242 Protecting memory [0x00007fd9f41e1000,0x00007fd9f41e5000] with protection modes 0
Event: 1473,244 Protecting memory [0x00007fd9ddafe000,0x00007fd9ddb02000] with protection modes 0
Event: 1487,702 Protecting memory [0x00007fd9ddafe000,0x00007fd9ddb02000] with protection modes 0

Nmethod flushes (20 events):
Event: 52,859 Thread 0x00007fd9f006b040 flushing  nmethod 0x00007fd9de7e3090
Event: 52,859 Thread 0x00007fd9f006b040 flushing  nmethod 0x00007fd9de7e3510
Event: 52,859 Thread 0x00007fd9f006b040 flushing  nmethod 0x00007fd9de7e3a10
Event: 52,859 Thread 0x00007fd9f006b040 flushing  nmethod 0x00007fd9de7eac10
Event: 52,859 Thread 0x00007fd9f006b040 flushing  nmethod 0x00007fd9de7f7090
Event: 52,859 Thread 0x00007fd9f006b040 flushing  nmethod 0x00007fd9de7f8190
Event: 52,859 Thread 0x00007fd9f006b040 flushing  nmethod 0x00007fd9de823990
Event: 52,859 Thread 0x00007fd9f006b040 flushing  nmethod 0x00007fd9de895310
Event: 52,859 Thread 0x00007fd9f006b040 flushing  nmethod 0x00007fd9de896d90
Event: 52,859 Thread 0x00007fd9f006b040 flushing  nmethod 0x00007fd9de898690
Event: 52,859 Thread 0x00007fd9f006b040 flushing  nmethod 0x00007fd9de899010
Event: 52,859 Thread 0x00007fd9f006b040 flushing  nmethod 0x00007fd9de89b710
Event: 52,859 Thread 0x00007fd9f006b040 flushing  nmethod 0x00007fd9de89c090
Event: 52,859 Thread 0x00007fd9f006b040 flushing  nmethod 0x00007fd9de89ce10
Event: 52,859 Thread 0x00007fd9f006b040 flushing  nmethod 0x00007fd9de89ed10
Event: 52,859 Thread 0x00007fd9f006b040 flushing  nmethod 0x00007fd9de89f610
Event: 52,859 Thread 0x00007fd9f006b040 flushing  nmethod 0x00007fd9de89ff10
Event: 52,859 Thread 0x00007fd9f006b040 flushing  nmethod 0x00007fd9de8bcf90
Event: 52,859 Thread 0x00007fd9f006b040 flushing  nmethod 0x00007fd9de8f6c90
Event: 52,859 Thread 0x00007fd9f006b040 flushing osr nmethod 0x00007fd9de8f7f10

Events (20 events):
Event: 1463,745 Thread 0x00007fd98d1c1130 Thread exited: 0x00007fd98d1c1130
Event: 1464,600 Thread 0x00007fd9f03bf880 Thread added: 0x00007fd9787afc30
Event: 1464,605 Thread 0x00007fd9787afc30 Thread exited: 0x00007fd9787afc30
Event: 1464,639 Thread 0x00007fd9818a86e0 Thread added: 0x00007fd98d1c2e30
Event: 1464,640 Thread 0x00007fd98d1c2e30 Thread exited: 0x00007fd98d1c2e30
Event: 1464,700 Thread 0x00007fd9818a86e0 Thread added: 0x00007fd98d1c2e30
Event: 1464,700 Thread 0x00007fd9818a86e0 Thread added: 0x00007fd98d1c1130
Event: 1464,702 Thread 0x00007fd98d1c2e30 Thread exited: 0x00007fd98d1c2e30
Event: 1464,705 Thread 0x00007fd98d1c1130 Thread exited: 0x00007fd98d1c1130
Event: 1466,798 Thread 0x00007fd998043340 Thread exited: 0x00007fd998043340
Event: 1473,184 Thread 0x00007fd9f03bf880 Thread added: 0x00007fd9787b0e40
Event: 1473,185 Thread 0x00007fd9787b0e40 Thread exited: 0x00007fd9787b0e40
Event: 1473,205 Thread 0x00007fd9818a86e0 Thread added: 0x00007fd98d1c2e30
Event: 1473,206 Thread 0x00007fd98d1c2e30 Thread exited: 0x00007fd98d1c2e30
Event: 1473,242 Thread 0x00007fd9818a86e0 Thread added: 0x00007fd98d1c2e30
Event: 1473,244 Thread 0x00007fd9818a86e0 Thread added: 0x00007fd98d1c1130
Event: 1473,246 Thread 0x00007fd98d1c2e30 Thread exited: 0x00007fd98d1c2e30
Event: 1473,247 Thread 0x00007fd98d1c1130 Thread exited: 0x00007fd98d1c1130
Event: 1487,701 Thread 0x00007fd9f03bf880 Thread added: 0x00007fd9787b0e40
Event: 1487,702 Thread 0x00007fd9787b0e40 Thread exited: 0x00007fd9787b0e40


Dynamic libraries:
b4e00000-b9510000 rw-p 00000000 00:00 0 
b9510000-cdea0000 ---p 00000000 00:00 0 
cdea0000-d6c7e000 rw-p 00000000 00:00 0 
d6c7e000-100000000 ---p 00000000 00:00 0 
55c6680cd000-55c6680ce000 r-xp 00000000 08:01 694834                     /home/user/.vscode/extensions/sonarsource.sonarlint-vscode-4.40.0-linux-x64/jre/21.0.9-linux-x86_64.tar/bin/java
55c6680cf000-55c6680d0000 r--p 00001000 08:01 694834                     /home/user/.vscode/extensions/sonarsource.sonarlint-vscode-4.40.0-linux-x64/jre/21.0.9-linux-x86_64.tar/bin/java
55c6680d0000-55c6680d1000 rw-p 00002000 08:01 694834                     /home/user/.vscode/extensions/sonarsource.sonarlint-vscode-4.40.0-linux-x64/jre/21.0.9-linux-x86_64.tar/bin/java
55c69648e000-55c69861c000 rw-p 00000000 00:00 0                          [heap]
7fd974000000-7fd975700000 rw-p 00000000 00:00 0 
7fd975700000-7fd975800000 rw-p 00000000 00:00 0 
7fd975800000-7fd975e00000 rw-p 00000000 00:00 0 
7fd975e00000-7fd975f00000 rw-p 00000000 00:00 0 
7fd975f00000-7fd975f50000 rw-p 00000000 00:00 0 
7fd975f50000-7fd976000000 ---p 00000000 00:00 0 
7fd976000000-7fd9762f0000 rw-p 00000000 00:00 0 
7fd9762f0000-7fd978000000 ---p 00000000 00:00 0 
7fd978000000-7fd978c16000 rw-p 00000000 00:00 0 
7fd978c16000-7fd97c000000 ---p 00000000 00:00 0 
7fd980000000-7fd9818bd000 rw-p 00000000 00:00 0 
7fd9818bd000-7fd984000000 ---p 00000000 00:00 0 
7fd984000000-7fd9840e3000 rw-p 00000000 00:00 0 
7fd9840e3000-7fd988000000 ---p 00000000 00:00 0 
7fd988000000-7fd988076000 rw-p 00000000 00:00 0 
7fd988076000-7fd98c000000 ---p 00000000 00:00 0 
7fd98c000000-7fd98d38a000 rw-p 00000000 00:00 0 
7fd98d38a000-7fd990000000 ---p 00000000 00:00 0 
7fd990000000-7fd990400000 rw-p 00000000 00:00 0 
7fd990400000-7fd990d00000 rw-p 00000000 00:00 0 
7fd990d00000-7fd990e00000 rw-p 00000000 00:00 0 
7fd990e00000-7fd991180000 rw-p 00000000 00:00 0 
7fd991180000-7fd991260000 rw-p 00000000 00:00 0 
7fd991260000-7fd991280000 rw-p 00000000 00:00 0 
7fd991280000-7fd991300000 rw-p 00000000 00:00 0 
7fd991300000-7fd991500000 rw-p 00000000 00:00 0 
7fd991500000-7fd991700000 rw-p 00000000 00:00 0 
7fd991700000-7fd991800000 rw-p 00000000 00:00 0 
7fd991800000-7fd992300000 rw-p 00000000 00:00 0 
7fd992300000-7fd992400000 rw-p 00000000 00:00 0 
7fd992400000-7fd993300000 rw-p 00000000 00:00 0 
7fd993300000-7fd993400000 rw-p 00000000 00:00 0 
7fd993400000-7fd993580000 rw-p 00000000 00:00 0 
7fd993580000-7fd993600000 rw-p 00000000 00:00 0 
7fd993600000-7fd9939e0000 rw-p 00000000 00:00 0 
7fd9939e0000-7fd993a00000 rw-p 00000000 00:00 0 
7fd993a00000-7fd993b00000 rw-p 00000000 00:00 0 
7fd993b00000-7fd993c00000 rw-p 00000000 00:00 0 
7fd993c00000-7fd994000000 rw-p 00000000 00:00 0 
7fd994000000-7fd994043000 rw-p 00000000 00:00 0 
7fd994043000-7fd998000000 ---p 00000000 00:00 0 
7fd998000000-7fd998094000 rw-p 00000000 00:00 0 
7fd998094000-7fd99c000000 ---p 00000000 00:00 0 
7fd99c000000-7fd99cbbe000 rw-p 00001000 08:01 695041                     /home/user/.vscode/extensions/sonarsource.sonarlint-vscode-4.40.0-linux-x64/jre/21.0.9-linux-x86_64.tar/lib/server/classes.jsa
7fd99cbbe000-7fd99d000000 ---p 00000000 00:00 0 
7fd99d000000-7fd99d040000 rw-p 00000000 00:00 0 
7fd99d040000-7fd99d080000 rw-p 00000000 00:00 0 
7fd99d080000-7fd99d0e0000 rw-p 00000000 00:00 0 
7fd99d0e0000-7fd99d2a0000 rw-p 00000000 00:00 0 
7fd99d2a0000-7fd99d2c0000 rw-p 00000000 00:00 0 
7fd99d2c0000-7fd99d440000 rw-p 00000000 00:00 0 
7fd99d440000-7fd99d480000 rw-p 00000000 00:00 0 
7fd99d480000-7fd99d6c0000 rw-p 00000000 00:00 0 
7fd99d6c0000-7fd99d700000 rw-p 00000000 00:00 0 
7fd99d700000-7fd99da00000 rw-p 00000000 00:00 0 
7fd99da00000-7fd99db60000 rw-p 00000000 00:00 0 
7fd99db60000-7fd99db80000 ---p 00000000 00:00 0 
7fd99db80000-7fd99de20000 rw-p 00000000 00:00 0 
7fd99de20000-7fd9dd000000 ---p 00000000 00:00 0 
7fd9dd00e000-7fd9dd2f5000 rw-p 00000000 00:00 0 
7fd9dd2f5000-7fd9dd2f6000 ---p 00000000 00:00 0 
7fd9dd2f6000-7fd9dd2fa000 ---p 00000000 00:00 0 
7fd9dd2fa000-7fd9dd3f6000 rw-p 00000000 00:00 0 
7fd9dd3f6000-7fd9dd3f7000 ---p 00000000 00:00 0 
7fd9dd3f7000-7fd9dd3fb000 ---p 00000000 00:00 0 
7fd9dd3fb000-7fd9dd4f7000 rw-p 00000000 00:00 0 
7fd9dd4f7000-7fd9dd4f8000 ---p 00000000 00:00 0 
7fd9dd4f8000-7fd9dd4fc000 ---p 00000000 00:00 0 
7fd9dd4fc000-7fd9dd5f8000 rw-p 00000000 00:00 0 
7fd9dd5f8000-7fd9dd5f9000 ---p 00000000 00:00 0 
7fd9dd5f9000-7fd9dd5fd000 ---p 00000000 00:00 0 
7fd9dd5fd000-7fd9dd6f9000 rw-p 00000000 00:00 0 
7fd9dd6f9000-7fd9dd6fa000 ---p 00000000 00:00 0 
7fd9dd6fa000-7fd9dd6fe000 ---p 00000000 00:00 0 
7fd9dd6fe000-7fd9dd7fa000 rw-p 00000000 00:00 0 
7fd9dd7fa000-7fd9dd7fb000 ---p 00000000 00:00 0 
7fd9dd7fb000-7fd9dd7ff000 ---p 00000000 00:00 0 
7fd9dd7ff000-7fd9dd8fb000 rw-p 00000000 00:00 0 
7fd9dd8fb000-7fd9dd8fc000 ---p 00000000 00:00 0 
7fd9dd8fc000-7fd9dd900000 ---p 00000000 00:00 0 
7fd9dd900000-7fd9dd9fc000 rw-p 00000000 00:00 0 
7fd9dd9fc000-7fd9dd9fd000 ---p 00000000 00:00 0 
7fd9dd9fd000-7fd9dda01000 ---p 00000000 00:00 0 
7fd9dda01000-7fd9ddafd000 rw-p 00000000 00:00 0 
7fd9ddafd000-7fd9ddafe000 ---p 00000000 00:00 0 
7fd9ddafe000-7fd9ddb02000 ---p 00000000 00:00 0 
7fd9ddb02000-7fd9ddbfe000 rw-p 00000000 00:00 0 
7fd9ddbfe000-7fd9ddbff000 ---p 00000000 00:00 0 
7fd9ddbff000-7fd9ddc03000 ---p 00000000 00:00 0 
7fd9ddc03000-7fd9ddcff000 rw-p 00000000 00:00 0 
7fd9ddcff000-7fd9ddd00000 ---p 00000000 00:00 0 
7fd9ddd00000-7fd9ddd04000 ---p 00000000 00:00 0 
7fd9ddd04000-7fd9dde00000 rw-p 00000000 00:00 0 
7fd9dde00000-7fd9dfd80000 rwxp 00000000 00:00 0 
7fd9dfd80000-7fd9e5338000 ---p 00000000 00:00 0 
7fd9e5338000-7fd9e55a8000 rwxp 00000000 00:00 0 
7fd9e55a8000-7fd9e58c7000 ---p 00000000 00:00 0 
7fd9e58c7000-7fd9e6567000 rwxp 00000000 00:00 0 
7fd9e6567000-7fd9ece00000 ---p 00000000 00:00 0 
7fd9ece00000-7fd9effd6000 r--s 00000000 08:01 694755                     /home/user/.vscode/extensions/sonarsource.sonarlint-vscode-4.40.0-linux-x64/jre/21.0.9-linux-x86_64.tar/lib/modules
7fd9f0000000-7fd9f03e5000 rw-p 00000000 00:00 0 
7fd9f03e5000-7fd9f4000000 ---p 00000000 00:00 0 
7fd9f40df000-7fd9f40e0000 ---p 00000000 00:00 0 
7fd9f40e0000-7fd9f40e4000 ---p 00000000 00:00 0 
7fd9f40e4000-7fd9f41e0000 rw-p 00000000 00:00 0 
7fd9f41e0000-7fd9f41e1000 ---p 00000000 00:00 0 
7fd9f41e1000-7fd9f41e5000 ---p 00000000 00:00 0 
7fd9f41e5000-7fd9f42e1000 rw-p 00000000 00:00 0 
7fd9f42e1000-7fd9f42e2000 ---p 00000000 00:00 0 
7fd9f42e2000-7fd9f42e6000 ---p 00000000 00:00 0 
7fd9f42e6000-7fd9f43e2000 rw-p 00000000 00:00 0 
7fd9f43e2000-7fd9f43e3000 ---p 00000000 00:00 0 
7fd9f43e3000-7fd9f43e7000 ---p 00000000 00:00 0 
7fd9f43e7000-7fd9f44e3000 rw-p 00000000 00:00 0 
7fd9f44e3000-7fd9f44e4000 ---p 00000000 00:00 0 
7fd9f44e4000-7fd9f44e8000 ---p 00000000 00:00 0 
7fd9f44e8000-7fd9f45e4000 rw-p 00000000 00:00 0 
7fd9f45e4000-7fd9f45e5000 ---p 00000000 00:00 0 
7fd9f45e5000-7fd9f45e9000 ---p 00000000 00:00 0 
7fd9f45e9000-7fd9f46e5000 rw-p 00000000 00:00 0 
7fd9f46e5000-7fd9f46e6000 ---p 00000000 00:00 0 
7fd9f46e6000-7fd9f46ea000 ---p 00000000 00:00 0 
7fd9f46ea000-7fd9f47e6000 rw-p 00000000 00:00 0 
7fd9f47e6000-7fd9f47e7000 ---p 00000000 00:00 0 
7fd9f47e7000-7fd9f47eb000 ---p 00000000 00:00 0 
7fd9f47eb000-7fd9f48e7000 rw-p 00000000 00:00 0 
7fd9f48e7000-7fd9f48e8000 ---p 00000000 00:00 0 
7fd9f48e8000-7fd9f48ec000 ---p 00000000 00:00 0 
7fd9f48ec000-7fd9f49e8000 rw-p 00000000 00:00 0 
7fd9f49e8000-7fd9f49e9000 ---p 00000000 00:00 0 
7fd9f49e9000-7fd9f49ed000 ---p 00000000 00:00 0 
7fd9f49ed000-7fd9f4ae9000 rw-p 00000000 00:00 0 
7fd9f4ae9000-7fd9f4aea000 ---p 00000000 00:00 0 
7fd9f4aea000-7fd9f4aee000 ---p 00000000 00:00 0 
7fd9f4aee000-7fd9f4bea000 rw-p 00000000 00:00 0 
7fd9f4bea000-7fd9f4beb000 ---p 00000000 00:00 0 
7fd9f4beb000-7fd9f4bef000 ---p 00000000 00:00 0 
7fd9f4bef000-7fd9f4ceb000 rw-p 00000000 00:00 0 
7fd9f4ceb000-7fd9f4cec000 ---p 00000000 00:00 0 
7fd9f4cec000-7fd9f4cf0000 ---p 00000000 00:00 0 
7fd9f4cf0000-7fd9f4dec000 rw-p 00000000 00:00 0 
7fd9f4dec000-7fd9f4ded000 ---p 00000000 00:00 0 
7fd9f4ded000-7fd9f4df1000 ---p 00000000 00:00 0 
7fd9f4df1000-7fd9f4eed000 rw-p 00000000 00:00 0 
7fd9f4eed000-7fd9f4eee000 ---p 00000000 00:00 0 
7fd9f4eee000-7fd9f4ef2000 ---p 00000000 00:00 0 
7fd9f4ef2000-7fd9f4fee000 rw-p 00000000 00:00 0 
7fd9f4fee000-7fd9f4fef000 ---p 00000000 00:00 0 
7fd9f4fef000-7fd9f4ff3000 ---p 00000000 00:00 0 
7fd9f4ff3000-7fd9f50ef000 rw-p 00000000 00:00 0 
7fd9f50ef000-7fd9f50f0000 ---p 00000000 00:00 0 
7fd9f50f0000-7fd9f50f4000 ---p 00000000 00:00 0 
7fd9f50f4000-7fd9f51f0000 rw-p 00000000 00:00 0 
7fd9f51f0000-7fd9f51f1000 ---p 00000000 00:00 0 
7fd9f51f1000-7fd9f51f5000 ---p 00000000 00:00 0 
7fd9f51f5000-7fd9f52f1000 rw-p 00000000 00:00 0 
7fd9f52f1000-7fd9f52f2000 ---p 00000000 00:00 0 
7fd9f52f2000-7fd9f52f6000 ---p 00000000 00:00 0 
7fd9f52f6000-7fd9f53f2000 rw-p 00000000 00:00 0 
7fd9f53f2000-7fd9f53f3000 ---p 00000000 00:00 0 
7fd9f53f3000-7fd9f53f7000 ---p 00000000 00:00 0 
7fd9f53f7000-7fd9f54f3000 rw-p 00000000 00:00 0 
7fd9f54f3000-7fd9f54f4000 ---p 00000000 00:00 0 
7fd9f54f4000-7fd9f54f8000 ---p 00000000 00:00 0 
7fd9f54f8000-7fd9f55f4000 rw-p 00000000 00:00 0 
7fd9f55f4000-7fd9f55f5000 ---p 00000000 00:00 0 
7fd9f55f5000-7fd9f55f9000 ---p 00000000 00:00 0 
7fd9f55f9000-7fd9f56f5000 rw-p 00000000 00:00 0 
7fd9f56f5000-7fd9f56f6000 ---p 00000000 00:00 0 
7fd9f56f6000-7fd9f56fa000 ---p 00000000 00:00 0 
7fd9f56fa000-7fd9f57f6000 rw-p 00000000 00:00 0 
7fd9f57f6000-7fd9f57f7000 ---p 00000000 00:00 0 
7fd9f57f7000-7fd9f57fb000 ---p 00000000 00:00 0 
7fd9f57fb000-7fd9f58f7000 rw-p 00000000 00:00 0 
7fd9f58f7000-7fd9f58f8000 ---p 00000000 00:00 0 
7fd9f58f8000-7fd9f58fc000 ---p 00000000 00:00 0 
7fd9f58fc000-7fd9f59f8000 rw-p 00000000 00:00 0 
7fd9f59f8000-7fd9f59f9000 ---p 00000000 00:00 0 
7fd9f59f9000-7fd9f59fd000 ---p 00000000 00:00 0 
7fd9f59fd000-7fd9f5af9000 rw-p 00000000 00:00 0 
7fd9f5af9000-7fd9f5afa000 ---p 00000000 00:00 0 
7fd9f5afa000-7fd9f5afe000 ---p 00000000 00:00 0 
7fd9f5afe000-7fd9f5bfa000 rw-p 00000000 00:00 0 
7fd9f5bfa000-7fd9f5bfb000 ---p 00000000 00:00 0 
7fd9f5bfb000-7fd9f5bff000 ---p 00000000 00:00 0 
7fd9f5bff000-7fd9f5cfb000 rw-p 00000000 00:00 0 
7fd9f5cfb000-7fd9f5cfc000 ---p 00000000 00:00 0 
7fd9f5cfc000-7fd9f5d00000 ---p 00000000 00:00 0 
7fd9f5d00000-7fd9f5dfc000 rw-p 00000000 00:00 0 
7fd9f5dfc000-7fd9f5dfd000 ---p 00000000 00:00 0 
7fd9f5dfd000-7fd9f5e01000 ---p 00000000 00:00 0 
7fd9f5e01000-7fd9f5efd000 rw-p 00000000 00:00 0 
7fd9f5efd000-7fd9f5efe000 ---p 00000000 00:00 0 
7fd9f5efe000-7fd9f5f02000 ---p 00000000 00:00 0 
7fd9f5f02000-7fd9f5ffe000 rw-p 00000000 00:00 0 
7fd9f5ffe000-7fd9f5fff000 ---p 00000000 00:00 0 
7fd9f5fff000-7fd9f6003000 ---p 00000000 00:00 0 
7fd9f6003000-7fd9f60ff000 rw-p 00000000 00:00 0 
7fd9f60ff000-7fd9f6100000 ---p 00000000 00:00 0 
7fd9f6100000-7fd9f6104000 ---p 00000000 00:00 0 
7fd9f6104000-7fd9f6200000 rw-p 00000000 00:00 0 
7fd9f6200000-7fd9f64ec000 r--p 00000000 08:01 391990                     /usr/lib/locale/locale-archive
7fd9f6531000-7fd9f6538000 r--s 00000000 08:01 394545                     /usr/lib/x86_64-linux-gnu/gconv/gconv-modules.cache
7fd9f6538000-7fd9f655d000 r--p 00000000 08:01 399294                     /usr/share/locale/fr/LC_MESSAGES/libc.mo
7fd9f655d000-7fd9f655e000 ---p 00000000 00:00 0 
7fd9f655e000-7fd9f6562000 ---p 00000000 00:00 0 
7fd9f6562000-7fd9f6580000 rw-p 00000000 00:00 0 
7fd9f6580000-7fd9f658d000 r-xp 00000000 08:01 694757                     /home/user/.vscode/extensions/sonarsource.sonarlint-vscode-4.40.0-linux-x64/jre/21.0.9-linux-x86_64.tar/lib/libverify.so
7fd9f658d000-7fd9f658f000 r--p 0000c000 08:01 694757                     /home/user/.vscode/extensions/sonarsource.sonarlint-vscode-4.40.0-linux-x64/jre/21.0.9-linux-x86_64.tar/lib/libverify.so
7fd9f658f000-7fd9f6590000 rw-p 0000e000 08:01 694757                     /home/user/.vscode/extensions/sonarsource.sonarlint-vscode-4.40.0-linux-x64/jre/21.0.9-linux-x86_64.tar/lib/libverify.so
7fd9f6590000-7fd9f65ab000 r-xp 00000000 08:01 694756                     /home/user/.vscode/extensions/sonarsource.sonarlint-vscode-4.40.0-linux-x64/jre/21.0.9-linux-x86_64.tar/lib/libzip.so
7fd9f65ab000-7fd9f65ac000 r--p 0001a000 08:01 694756                     /home/user/.vscode/extensions/sonarsource.sonarlint-vscode-4.40.0-linux-x64/jre/21.0.9-linux-x86_64.tar/lib/libzip.so
7fd9f65ac000-7fd9f65ad000 rw-p 0001b000 08:01 694756                     /home/user/.vscode/extensions/sonarsource.sonarlint-vscode-4.40.0-linux-x64/jre/21.0.9-linux-x86_64.tar/lib/libzip.so
7fd9f65ad000-7fd9f65b9000 r-xp 00000000 08:01 694765                     /home/user/.vscode/extensions/sonarsource.sonarlint-vscode-4.40.0-linux-x64/jre/21.0.9-linux-x86_64.tar/lib/libnet.so
7fd9f65b9000-7fd9f65ba000 r--p 0000b000 08:01 694765                     /home/user/.vscode/extensions/sonarsource.sonarlint-vscode-4.40.0-linux-x64/jre/21.0.9-linux-x86_64.tar/lib/libnet.so
7fd9f65ba000-7fd9f65bb000 rw-p 0000c000 08:01 694765                     /home/user/.vscode/extensions/sonarsource.sonarlint-vscode-4.40.0-linux-x64/jre/21.0.9-linux-x86_64.tar/lib/libnet.so
7fd9f65bb000-7fd9f65cf000 r-xp 00000000 08:01 694764                     /home/user/.vscode/extensions/sonarsource.sonarlint-vscode-4.40.0-linux-x64/jre/21.0.9-linux-x86_64.tar/lib/libnio.so
7fd9f65cf000-7fd9f65d0000 r--p 00013000 08:01 694764                     /home/user/.vscode/extensions/sonarsource.sonarlint-vscode-4.40.0-linux-x64/jre/21.0.9-linux-x86_64.tar/lib/libnio.so
7fd9f65d0000-7fd9f65d1000 rw-p 00014000 08:01 694764                     /home/user/.vscode/extensions/sonarsource.sonarlint-vscode-4.40.0-linux-x64/jre/21.0.9-linux-x86_64.tar/lib/libnio.so
7fd9f65d1000-7fd9f65d2000 ---p 00000000 00:00 0 
7fd9f65d2000-7fd9f66d2000 rw-p 00000000 00:00 0 
7fd9f66d2000-7fd9f66d3000 ---p 00000000 00:00 0 
7fd9f66d3000-7fd9f67d3000 rw-p 00000000 00:00 0 
7fd9f67d3000-7fd9f68af000 rw-p 00000000 00:00 0 
7fd9f68e2000-7fd9f68e7000 r-xp 00000000 08:01 694767                     /home/user/.vscode/extensions/sonarsource.sonarlint-vscode-4.40.0-linux-x64/jre/21.0.9-linux-x86_64.tar/lib/libmanagement_ext.so
7fd9f68e7000-7fd9f68e8000 ---p 00005000 08:01 694767                     /home/user/.vscode/extensions/sonarsource.sonarlint-vscode-4.40.0-linux-x64/jre/21.0.9-linux-x86_64.tar/lib/libmanagement_ext.so
7fd9f68e8000-7fd9f68e9000 r--p 00005000 08:01 694767                     /home/user/.vscode/extensions/sonarsource.sonarlint-vscode-4.40.0-linux-x64/jre/21.0.9-linux-x86_64.tar/lib/libmanagement_ext.so
7fd9f68e9000-7fd9f68ea000 rw-p 00006000 08:01 694767                     /home/user/.vscode/extensions/sonarsource.sonarlint-vscode-4.40.0-linux-x64/jre/21.0.9-linux-x86_64.tar/lib/libmanagement_ext.so
7fd9f68ea000-7fd9f68ee000 r-xp 00000000 08:01 694769                     /home/user/.vscode/extensions/sonarsource.sonarlint-vscode-4.40.0-linux-x64/jre/21.0.9-linux-x86_64.tar/lib/libmanagement.so
7fd9f68ee000-7fd9f68ef000 r--p 00003000 08:01 694769                     /home/user/.vscode/extensions/sonarsource.sonarlint-vscode-4.40.0-linux-x64/jre/21.0.9-linux-x86_64.tar/lib/libmanagement.so
7fd9f68ef000-7fd9f68f0000 rw-p 00004000 08:01 694769                     /home/user/.vscode/extensions/sonarsource.sonarlint-vscode-4.40.0-linux-x64/jre/21.0.9-linux-x86_64.tar/lib/libmanagement.so
7fd9f68f0000-7fd9f6937000 rw-p 00000000 00:00 0 
7fd9f6937000-7fd9f6a81000 ---p 00000000 00:00 0 
7fd9f6a81000-7fd9f6aa5000 rw-p 00000000 00:00 0 
7fd9f6aa5000-7fd9f6b49000 ---p 00000000 00:00 0 
7fd9f6b49000-7fd9f6b91000 rw-p 00000000 00:00 0 
7fd9f6b91000-7fd9f6cdb000 ---p 00000000 00:00 0 
7fd9f6cdb000-7fd9f6cf5000 rw-p 00000000 00:00 0 
7fd9f6cf5000-7fd9f6dc6000 ---p 00000000 00:00 0 
7fd9f6dc6000-7fd9f6e05000 rw-p 00000000 00:00 0 
7fd9f6e05000-7fd9f6eb1000 ---p 00000000 00:00 0 
7fd9f6eb1000-7fd9f6eb6000 rw-p 00000000 00:00 0 
7fd9f6eb6000-7fd9f6ebd000 ---p 00000000 00:00 0 
7fd9f6ebd000-7fd9f6edd000 r-xp 00000000 08:01 694779                     /home/user/.vscode/extensions/sonarsource.sonarlint-vscode-4.40.0-linux-x64/jre/21.0.9-linux-x86_64.tar/lib/libjava.so
7fd9f6edd000-7fd9f6ede000 ---p 00020000 08:01 694779                     /home/user/.vscode/extensions/sonarsource.sonarlint-vscode-4.40.0-linux-x64/jre/21.0.9-linux-x86_64.tar/lib/libjava.so
7fd9f6ede000-7fd9f6edf000 r--p 00020000 08:01 694779                     /home/user/.vscode/extensions/sonarsource.sonarlint-vscode-4.40.0-linux-x64/jre/21.0.9-linux-x86_64.tar/lib/libjava.so
7fd9f6edf000-7fd9f6ee0000 rw-p 00021000 08:01 694779                     /home/user/.vscode/extensions/sonarsource.sonarlint-vscode-4.40.0-linux-x64/jre/21.0.9-linux-x86_64.tar/lib/libjava.so
7fd9f6ee0000-7fd9f6ee1000 rw-p 00000000 00:00 0 
7fd9f6ee1000-7fd9f6efc000 r-xp 00000000 08:01 694775                     /home/user/.vscode/extensions/sonarsource.sonarlint-vscode-4.40.0-linux-x64/jre/21.0.9-linux-x86_64.tar/lib/libjimage.so
7fd9f6efc000-7fd9f6efd000 ---p 0001b000 08:01 694775                     /home/user/.vscode/extensions/sonarsource.sonarlint-vscode-4.40.0-linux-x64/jre/21.0.9-linux-x86_64.tar/lib/libjimage.so
7fd9f6efd000-7fd9f6eff000 r--p 0001b000 08:01 694775                     /home/user/.vscode/extensions/sonarsource.sonarlint-vscode-4.40.0-linux-x64/jre/21.0.9-linux-x86_64.tar/lib/libjimage.so
7fd9f6eff000-7fd9f6f00000 rw-p 0001d000 08:01 694775                     /home/user/.vscode/extensions/sonarsource.sonarlint-vscode-4.40.0-linux-x64/jre/21.0.9-linux-x86_64.tar/lib/libjimage.so
7fd9f6f00000-7fd9f6f04000 ---p 00000000 00:00 0 
7fd9f6f04000-7fd9f7000000 rw-p 00000000 00:00 0 
7fd9f7000000-7fd9f841d000 r-xp 00000000 08:01 695038                     /home/user/.vscode/extensions/sonarsource.sonarlint-vscode-4.40.0-linux-x64/jre/21.0.9-linux-x86_64.tar/lib/server/libjvm.so
7fd9f841d000-7fd9f84f2000 r--p 0141c000 08:01 695038                     /home/user/.vscode/extensions/sonarsource.sonarlint-vscode-4.40.0-linux-x64/jre/21.0.9-linux-x86_64.tar/lib/server/libjvm.so
7fd9f84f2000-7fd9f8522000 rw-p 014f1000 08:01 695038                     /home/user/.vscode/extensions/sonarsource.sonarlint-vscode-4.40.0-linux-x64/jre/21.0.9-linux-x86_64.tar/lib/server/libjvm.so
7fd9f8522000-7fd9f8588000 rw-p 00000000 00:00 0 
7fd9f858b000-7fd9f858c000 r--p 00000000 08:01 441428                     /usr/lib/x86_64-linux-gnu/libnss_mdns4_minimal.so.2
7fd9f858c000-7fd9f858e000 r-xp 00001000 08:01 441428                     /usr/lib/x86_64-linux-gnu/libnss_mdns4_minimal.so.2
7fd9f858e000-7fd9f858f000 r--p 00003000 08:01 441428                     /usr/lib/x86_64-linux-gnu/libnss_mdns4_minimal.so.2
7fd9f858f000-7fd9f8590000 r--p 00003000 08:01 441428                     /usr/lib/x86_64-linux-gnu/libnss_mdns4_minimal.so.2
7fd9f8590000-7fd9f8591000 rw-p 00004000 08:01 441428                     /usr/lib/x86_64-linux-gnu/libnss_mdns4_minimal.so.2
7fd9f8591000-7fd9f85a2000 r--p 00000000 08:01 394561                     /usr/lib/x86_64-linux-gnu/libm.so.6
7fd9f85a2000-7fd9f861f000 r-xp 00011000 08:01 394561                     /usr/lib/x86_64-linux-gnu/libm.so.6
7fd9f861f000-7fd9f867f000 r--p 0008e000 08:01 394561                     /usr/lib/x86_64-linux-gnu/libm.so.6
7fd9f867f000-7fd9f8680000 r--p 000ed000 08:01 394561                     /usr/lib/x86_64-linux-gnu/libm.so.6
7fd9f8680000-7fd9f8681000 rw-p 000ee000 08:01 394561                     /usr/lib/x86_64-linux-gnu/libm.so.6
7fd9f8681000-7fd9f8682000 r--p 00000000 08:01 394572                     /usr/lib/x86_64-linux-gnu/librt.so.1
7fd9f8682000-7fd9f8683000 r-xp 00001000 08:01 394572                     /usr/lib/x86_64-linux-gnu/librt.so.1
7fd9f8683000-7fd9f8684000 r--p 00002000 08:01 394572                     /usr/lib/x86_64-linux-gnu/librt.so.1
7fd9f8684000-7fd9f8685000 r--p 00002000 08:01 394572                     /usr/lib/x86_64-linux-gnu/librt.so.1
7fd9f8685000-7fd9f8686000 rw-p 00003000 08:01 394572                     /usr/lib/x86_64-linux-gnu/librt.so.1
7fd9f8686000-7fd9f8688000 rw-p 00000000 00:00 0 
7fd9f8688000-7fd9f86b0000 r--p 00000000 08:01 394558                     /usr/lib/x86_64-linux-gnu/libc.so.6
7fd9f86b0000-7fd9f8815000 r-xp 00028000 08:01 394558                     /usr/lib/x86_64-linux-gnu/libc.so.6
7fd9f8815000-7fd9f886b000 r--p 0018d000 08:01 394558                     /usr/lib/x86_64-linux-gnu/libc.so.6
7fd9f886b000-7fd9f886f000 r--p 001e2000 08:01 394558                     /usr/lib/x86_64-linux-gnu/libc.so.6
7fd9f886f000-7fd9f8871000 rw-p 001e6000 08:01 394558                     /usr/lib/x86_64-linux-gnu/libc.so.6
7fd9f8871000-7fd9f887e000 rw-p 00000000 00:00 0 
7fd9f887e000-7fd9f887f000 r--p 00000000 08:01 394560                     /usr/lib/x86_64-linux-gnu/libdl.so.2
7fd9f887f000-7fd9f8880000 r-xp 00001000 08:01 394560                     /usr/lib/x86_64-linux-gnu/libdl.so.2
7fd9f8880000-7fd9f8881000 r--p 00002000 08:01 394560                     /usr/lib/x86_64-linux-gnu/libdl.so.2
7fd9f8881000-7fd9f8882000 r--p 00002000 08:01 394560                     /usr/lib/x86_64-linux-gnu/libdl.so.2
7fd9f8882000-7fd9f8883000 rw-p 00003000 08:01 394560                     /usr/lib/x86_64-linux-gnu/libdl.so.2
7fd9f8883000-7fd9f8884000 r--p 00000000 08:01 394570                     /usr/lib/x86_64-linux-gnu/libpthread.so.0
7fd9f8884000-7fd9f8885000 r-xp 00001000 08:01 394570                     /usr/lib/x86_64-linux-gnu/libpthread.so.0
7fd9f8885000-7fd9f8886000 r--p 00002000 08:01 394570                     /usr/lib/x86_64-linux-gnu/libpthread.so.0
7fd9f8886000-7fd9f8887000 r--p 00002000 08:01 394570                     /usr/lib/x86_64-linux-gnu/libpthread.so.0
7fd9f8887000-7fd9f8888000 rw-p 00003000 08:01 394570                     /usr/lib/x86_64-linux-gnu/libpthread.so.0
7fd9f888b000-7fd9f888d000 r-xp 00000000 08:01 694787                     /home/user/.vscode/extensions/sonarsource.sonarlint-vscode-4.40.0-linux-x64/jre/21.0.9-linux-x86_64.tar/lib/libextnet.so
7fd9f888d000-7fd9f888e000 r--p 00001000 08:01 694787                     /home/user/.vscode/extensions/sonarsource.sonarlint-vscode-4.40.0-linux-x64/jre/21.0.9-linux-x86_64.tar/lib/libextnet.so
7fd9f888e000-7fd9f888f000 rw-p 00002000 08:01 694787                     /home/user/.vscode/extensions/sonarsource.sonarlint-vscode-4.40.0-linux-x64/jre/21.0.9-linux-x86_64.tar/lib/libextnet.so
7fd9f888f000-7fd9f8897000 rw-s 00000000 00:23 37                         /tmp/hsperfdata_user/1798
7fd9f8897000-7fd9f8898000 ---p 00000000 00:00 0 
7fd9f8898000-7fd9f8899000 r--p 00000000 00:00 0 
7fd9f8899000-7fd9f889a000 ---p 00000000 00:00 0 
7fd9f889a000-7fd9f88b3000 r-xp 00000000 08:01 694774                     /home/user/.vscode/extensions/sonarsource.sonarlint-vscode-4.40.0-linux-x64/jre/21.0.9-linux-x86_64.tar/lib/libjli.so
7fd9f88b3000-7fd9f88b4000 r--p 00018000 08:01 694774                     /home/user/.vscode/extensions/sonarsource.sonarlint-vscode-4.40.0-linux-x64/jre/21.0.9-linux-x86_64.tar/lib/libjli.so
7fd9f88b4000-7fd9f88b5000 rw-p 00019000 08:01 694774                     /home/user/.vscode/extensions/sonarsource.sonarlint-vscode-4.40.0-linux-x64/jre/21.0.9-linux-x86_64.tar/lib/libjli.so
7fd9f88b5000-7fd9f88b7000 rw-p 00000000 00:00 0 
7fd9f88b7000-7fd9f88bb000 r--p 00000000 00:00 0                          [vvar]
7fd9f88bb000-7fd9f88bd000 r-xp 00000000 00:00 0                          [vdso]
7fd9f88bd000-7fd9f88be000 r--p 00000000 08:01 394553                     /usr/lib/x86_64-linux-gnu/ld-linux-x86-64.so.2
7fd9f88be000-7fd9f88e6000 r-xp 00001000 08:01 394553                     /usr/lib/x86_64-linux-gnu/ld-linux-x86-64.so.2
7fd9f88e6000-7fd9f88f1000 r--p 00029000 08:01 394553                     /usr/lib/x86_64-linux-gnu/ld-linux-x86-64.so.2
7fd9f88f1000-7fd9f88f3000 r--p 00034000 08:01 394553                     /usr/lib/x86_64-linux-gnu/ld-linux-x86-64.so.2
7fd9f88f3000-7fd9f88f4000 rw-p 00036000 08:01 394553                     /usr/lib/x86_64-linux-gnu/ld-linux-x86-64.so.2
7fd9f88f4000-7fd9f88f5000 rw-p 00000000 00:00 0 
7fffde907000-7fffde929000 rw-p 00000000 00:00 0                          [stack]
Total number of mappings: 318

JVMTI agents: none


VM Arguments:
jvm_args: -Dsonarlint.monitoring.enabled=true 
java_command: /home/user/.vscode/extensions/sonarsource.sonarlint-vscode-4.40.0-linux-x64/server/sonarlint-ls.jar -stdio -analyzers /home/user/.vscode/extensions/sonarsource.sonarlint-vscode-4.40.0-linux-x64/analyzers/sonargo.jar /home/user/.vscode/extensions/sonarsource.sonarlint-vscode-4.40.0-linux-x64/analyzers/sonarjava.jar /home/user/.vscode/extensions/sonarsource.sonarlint-vscode-4.40.0-linux-x64/analyzers/sonarjavasymbolicexecution.jar /home/user/.vscode/extensions/sonarsource.sonarlint-vscode-4.40.0-linux-x64/analyzers/sonarjs.jar /home/user/.vscode/extensions/sonarsource.sonarlint-vscode-4.40.0-linux-x64/analyzers/sonarphp.jar /home/user/.vscode/extensions/sonarsource.sonarlint-vscode-4.40.0-linux-x64/analyzers/sonarpython.jar /home/user/.vscode/extensions/sonarsource.sonarlint-vscode-4.40.0-linux-x64/analyzers/sonarhtml.jar /home/user/.vscode/extensions/sonarsource.sonarlint-vscode-4.40.0-linux-x64/analyzers/sonarxml.jar /home/user/.vscode/extensions/sonarsource.sonarlint-vscode-4.40.0-linux-x64/analyzers/sonartext.jar /home/user/.vscode/extensions/sonarsource.sonarlint-vscode-4.40.0-linux-x64/analyzers/sonariac.jar /home/user/.vscode/extensions/sonarsource.sonarlint-vscode-4.40.0-linux-x64/analyzers/sonarlintomnisharp.jar /home/user/.vscode/extensions/sonarsource.sonarlint_ondemand-analyzers/sonar-cfamily-plugin/6.77.0.95488/sonarcfamily.jar
java_class_path (initial): /home/user/.vscode/extensions/sonarsource.sonarlint-vscode-4.40.0-linux-x64/server/sonarlint-ls.jar
Launcher Type: SUN_STANDARD

[Global flags]
     intx CICompilerCount                          = 2                                         {product} {ergonomic}
   size_t InitialHeapSize                          = 79691776                                  {product} {ergonomic}
   size_t MaxHeapSize                              = 1260388352                                {product} {ergonomic}
   size_t MaxNewSize                               = 420085760                                 {product} {ergonomic}
   size_t MinHeapDeltaBytes                        = 196608                                    {product} {ergonomic}
   size_t MinHeapSize                              = 8388608                                   {product} {ergonomic}
   size_t NewSize                                  = 26542080                                  {product} {ergonomic}
    uintx NonNMethodCodeHeapSize                   = 5826188                                {pd product} {ergonomic}
    uintx NonProfiledCodeHeapSize                  = 122916026                              {pd product} {ergonomic}
   size_t OldSize                                  = 53149696                                  {product} {ergonomic}
    uintx ProfiledCodeHeapSize                     = 122916026                              {pd product} {ergonomic}
    uintx ReservedCodeCacheSize                    = 251658240                              {pd product} {ergonomic}
     bool SegmentedCodeCache                       = true                                      {product} {ergonomic}
   size_t SoftMaxHeapSize                          = 1260388352                             {manageable} {ergonomic}
     bool UseCompressedOops                        = true                           {product lp64_product} {ergonomic}
     bool UseSerialGC                              = true                                      {product} {ergonomic}

Logging:
Log output configuration:
 #0: stdout all=warning uptime,level,tags foldmultilines=false
 #1: stderr all=off uptime,level,tags foldmultilines=false

Release file:
JAVA_VERSION="21.0.9"
MODULES="java.base java.compiler java.datatransfer java.xml java.prefs java.desktop java.instrument java.logging java.management java.security.sasl java.naming java.rmi java.management.rmi java.net.http java.scripting java.security.jgss java.transaction.xa java.sql java.sql.rowset java.xml.crypto java.se java.smartcardio jdk.accessibility jdk.internal.jvmstat jdk.attach jdk.charsets jdk.internal.opt jdk.zipfs jdk.compiler jdk.crypto.ec jdk.crypto.cryptoki jdk.dynalink jdk.internal.ed jdk.editpad jdk.hotspot.agent jdk.httpserver jdk.internal.le jdk.internal.vm.ci jdk.internal.vm.compiler jdk.internal.vm.compiler.management jdk.jartool jdk.javadoc jdk.jcmd jdk.management jdk.management.agent jdk.jconsole jdk.jdeps jdk.jdwp.agent jdk.jdi jdk.jfr jdk.jshell jdk.jsobject jdk.jstatd jdk.localedata jdk.management.jfr jdk.naming.dns jdk.naming.rmi jdk.net jdk.nio.mapmode jdk.random jdk.sctp jdk.security.auth jdk.security.jgss jdk.unsupported jdk.unsupported.desktop jdk.xml.dom"

Environment Variables:
PATH=/home/user/miniconda3/bin:/home/user/miniconda3/condabin:/usr/local/bin:/usr/bin:/bin:/usr/local/games:/usr/games
XDG_CACHE_HOME=/home/user/.cache
XDG_CONFIG_HOME=/home/user/.config
SHELL=/bin/bash
DISPLAY=:0.0
LANG=fr_FR.UTF-8
TERM=xterm-256color

Active Locale:
LC_ALL=fr_FR.UTF-8
LC_COLLATE=fr_FR.UTF-8
LC_CTYPE=fr_FR.UTF-8
LC_MESSAGES=fr_FR.UTF-8
LC_MONETARY=fr_FR.UTF-8
LC_NUMERIC=fr_FR.UTF-8
LC_TIME=fr_FR.UTF-8

Signal Handlers:
   SIGSEGV: crash_handler in libjvm.so, mask=11100100010111111101111111111110, flags=SA_RESTART|SA_SIGINFO, unblocked
    SIGBUS: crash_handler in libjvm.so, mask=11100100010111111101111111111110, flags=SA_RESTART|SA_SIGINFO, unblocked
    SIGFPE: crash_handler in libjvm.so, mask=11100100010111111101111111111110, flags=SA_RESTART|SA_SIGINFO, unblocked
   SIGPIPE: javaSignalHandler in libjvm.so, mask=11100100010111111101111111111110, flags=SA_RESTART|SA_SIGINFO, blocked
   SIGXFSZ: javaSignalHandler in libjvm.so, mask=11100100010111111101111111111110, flags=SA_RESTART|SA_SIGINFO, blocked
    SIGILL: crash_handler in libjvm.so, mask=11100100010111111101111111111110, flags=SA_RESTART|SA_SIGINFO, unblocked
   SIGUSR2: SR_handler in libjvm.so, mask=00000000000000000000000000000000, flags=SA_RESTART|SA_SIGINFO, blocked
    SIGHUP: UserHandler in libjvm.so, mask=11100100010111111101111111111110, flags=SA_RESTART|SA_SIGINFO, blocked
    SIGINT: UserHandler in libjvm.so, mask=11100100010111111101111111111110, flags=SA_RESTART|SA_SIGINFO, blocked
   SIGTERM: UserHandler in libjvm.so, mask=11100100010111111101111111111110, flags=SA_RESTART|SA_SIGINFO, blocked
   SIGQUIT: UserHandler in libjvm.so, mask=11100100010111111101111111111110, flags=SA_RESTART|SA_SIGINFO, blocked
   SIGTRAP: crash_handler in libjvm.so, mask=11100100010111111101111111111110, flags=SA_RESTART|SA_SIGINFO, unblocked


Periodic native trim disabled

---------------  S Y S T E M  ---------------

OS:
PRETTY_NAME="Debian GNU/Linux 13 (trixie)"
NAME="Debian GNU/Linux"
VERSION_ID="13"
VERSION="13 (trixie)"
VERSION_CODENAME=trixie
DEBIAN_VERSION_FULL=13.1
ID=debian
HOME_URL="https://www.debian.org/"
SUPPORT_URL="https://www.debian.org/support"
BUG_REPORT_URL="https://bugs.debian.org/"
uname: Linux 6.12.48+deb13-amd64 #1 SMP PREEMPT_DYNAMIC Debian 6.12.48-1 (2025-09-20) x86_64
OS uptime: 0 days 0:26 hours
libc: glibc 2.41 NPTL 2.41 
rlimit (soft/hard): STACK 8192k/infinity , CORE 0k/infinity , NPROC 18962/18962 , NOFILE 524288/524288 , AS infinity/infinity , CPU infinity/infinity , DATA infinity/infinity , FSIZE infinity/infinity , MEMLOCK 8192k/8192k
load average: 0,81 0,63 0,49

/proc/meminfo:
MemTotal:        4915364 kB
MemFree:         1988188 kB
MemAvailable:    2968852 kB
Buffers:           58296 kB
Cached:          1154940 kB
SwapCached:            0 kB
Active:          2251044 kB
Inactive:         443444 kB
Active(anon):    1530020 kB
Inactive(anon):        0 kB
Active(file):     721024 kB
Inactive(file):   443444 kB
Unevictable:         128 kB
Mlocked:             128 kB
SwapTotal:       1127420 kB
SwapFree:        1127420 kB
Zswap:                 0 kB
Zswapped:              0 kB
Dirty:               464 kB
Writeback:             0 kB
AnonPages:       1432576 kB
Mapped:           479840 kB
Shmem:             48924 kB
KReclaimable:      44908 kB
Slab:             100808 kB
SReclaimable:      44908 kB
SUnreclaim:        55900 kB
KernelStack:        8384 kB
PageTables:        19676 kB
SecPageTables:         0 kB
NFS_Unstable:          0 kB
Bounce:                0 kB
WritebackTmp:          0 kB
CommitLimit:     3585100 kB
Committed_AS:    7586408 kB
VmallocTotal:   34359738367 kB
VmallocUsed:       29928 kB
VmallocChunk:          0 kB
Percpu:              516 kB
HardwareCorrupted:     0 kB
AnonHugePages:    436224 kB
ShmemHugePages:        0 kB
ShmemPmdMapped:        0 kB
FileHugePages:         0 kB
FilePmdMapped:         0 kB
Unaccepted:            0 kB
HugePages_Total:       0
HugePages_Free:        0
HugePages_Rsvd:        0
HugePages_Surp:        0
Hugepagesize:       2048 kB
Hugetlb:               0 kB
DirectMap4k:      131008 kB
DirectMap2M:     4984832 kB

/sys/kernel/mm/transparent_hugepage/enabled: [always] madvise never
/sys/kernel/mm/transparent_hugepage/hpage_pmd_size: 2097152
/sys/kernel/mm/transparent_hugepage/defrag (defrag/compaction efforts parameter): always defer defer+madvise [madvise] never

Process Memory:
Virtual Size: 3370060K (peak: 3370132K)
Resident Set Size: 480588K (peak: 480588K) (anon: 445724K, file: 34832K, shmem: 32K)
Swapped out: 0K
C-Heap outstanding allocations: 63678K, retained: 38497K
glibc malloc tunables: (default)

/proc/sys/kernel/threads-max (system-wide limit on the number of threads): 37925
/proc/sys/vm/max_map_count (maximum number of memory map areas a process may have): 1048576
/proc/sys/vm/swappiness (control to define how aggressively the kernel swaps out anonymous memory): 60
/proc/sys/kernel/pid_max (system-wide limit on number of process identifiers): 4194304

container information not found.
KVM virtualization detected
Steal ticks since vm start: 0
Steal ticks percentage since vm start:  0,000

CPU: total 1 (initial active 1) (1 cores per cpu, 1 threads per core) family 6 model 140 stepping 1 microcode 0xffffffff, cx8, cmov, fxsr, mmx, 3dnowpref, sse, sse2, sse3, ssse3, sse4.1, sse4.2, popcnt, lzcnt, tsc, tscinvbit, avx, avx2, aes, clmul, bmi1, bmi2, adx, sha, fma, vzeroupper, clflush, clflushopt, hv, rdtscp, f16c
CPU Model and flags from /proc/cpuinfo:
model name	: 11th Gen Intel(R) Core(TM) i5-1135G7 @ 2.40GHz
flags		: fpu vme de pse tsc msr pae mce cx8 apic sep mtrr pge mca cmov pat pse36 clflush mmx fxsr sse sse2 ht syscall nx rdtscp lm constant_tsc rep_good nopl xtopology nonstop_tsc cpuid tsc_known_freq pni pclmulqdq ssse3 fma cx16 pcid sse4_1 sse4_2 movbe popcnt aes xsave avx f16c rdrand hypervisor lahf_lm abm 3dnowprefetch ibrs_enhanced fsgsbase bmi1 avx2 bmi2 invpcid rdseed adx clflushopt sha_ni arat md_clear flush_l1d arch_capabilities

Online cpus: 0
Offline cpus: 
BIOS frequency limitation: <Not Available>
Frequency switch latency (ns): <Not Available>
Available cpu frequencies: <Not Available>
Current governor: <Not Available>
Core performance/turbo boost: <Not Available>

Memory: 4k page, physical 4915364k(2968852k free), swap 1127420k(1127420k free)
Page Sizes: 4k

vm_info: OpenJDK 64-Bit Server VM (21.0.9+10-LTS) for linux-amd64 JRE (21.0.9+10-LTS), built on 2025-10-21T00:00:00Z by "admin" with gcc 11.3.0

END.
